tool,trial,crash_id,cat,bug,loc,desc,exp,num_reports,min_asyncs_in_log,max_programs_from_end_of_log_to_asyncs
rand-preempt-sect_rw,4,e162a14486b7fa92c447c9877290d98f15de6126,WARNING,,__btrfs_free_extent,WARNING in __btrfs_free_extent,long-term-18-MAR-2025,1,0,
rand-preempt-sect_rw,4,80cca76d88cb4da525ca17f66228ddf1e34b7d69,KASAN,use-after-free Read,post_alloc_hook,KASAN: use-after-free Read in post_alloc_hook,long-term-18-MAR-2025,1,0,
rand-preempt-sect_rw,4,c34d1bbeac0e46a9296ceb76d20d231534bcdc5f,SYZFATAL,,,SYZFATAL: executor NUM failed NUM times: failed to create temp dir: mkdir ./syzkaller-testdirNUM: no space left on devic,long-term-18-MAR-2025,1,0,
rand-preempt-sect_rw,4,d298cfd5c4896f6cd3ca915ac803c7bb424a25ff,KASAN,slab-use-after-free Read,__ocfs2_find_path,KASAN: slab-use-after-free Read in __ocfs2_find_path,long-term-18-MAR-2025,2,0,
rand-preempt-sect_rw,4,8f18e06f97063c20d91c6fe855e3d4865d4e28f8,INFO,rcu detected stall,shmem_file_read_iter,INFO: rcu detected stall in shmem_file_read_iter,long-term-18-MAR-2025,1,0,
rand-preempt-sect_rw,4,78c0bcefdfcbad9a237a58a859bb44e10a06007d,OTHER,general protection fault,do_pagemap_cmd,general protection fault in do_pagemap_cmd,long-term-18-MAR-2025,3,0,
rand-preempt-sect_rw,4,940a6e3e4f852aa8ddc5ff36dc67cdb84dc1e8bc,WARNING,,ath6kl_bmi_get_target_info,WARNING in ath6kl_bmi_get_target_info,long-term-18-MAR-2025,3,0,
rand-preempt-sect_rw,4,afcca8abda4a8ae1eab5c7ed21368c0187640b34,OTHER,possible deadlock,mi_read,possible deadlock in mi_read,long-term-18-MAR-2025,1,0,
rand-preempt-sect_rw,4,10aee77ff93a1e88f3e4748eebcd94c9b30aae67,KASAN,slab-out-of-bounds Write,hfs_bnode_read,KASAN: slab-out-of-bounds Write in hfs_bnode_read,long-term-18-MAR-2025,9,0,
rand-preempt-sect_rw,4,c0addd8b0397a51f224ad9144c7297df34762181,INFO,rcu detected stall,sys_clock_adjtime,INFO: rcu detected stall in sys_clock_adjtime,long-term-18-MAR-2025,16,0,
rand-preempt-sect_rw,4,e9f5b11984c54cecb386b92bb20c76d5d003719f,OTHER,,,no output from test machine,long-term-18-MAR-2025,0,0,
rand-preempt-sect_rw,4,8a1638229db60175d7fa5e570f8e450a1b567a94,WARNING,,ieee80211_start_next_roc,WARNING in ieee80211_start_next_roc,long-term-18-MAR-2025,1,1,
rand-preempt-sect_rw,4,55993dff4f027c4739dbe23c44fb23013e6b3612,INFO,task hung,rfkill_global_led_trigger_worker,INFO: task hung in rfkill_global_led_trigger_worker,long-term-18-MAR-2025,5,0,
rand-preempt-sect_rw,4,b374624f5a343655153337ff53e38702f1bca05e,WARNING,locking bug,kvm_xen_set_evtchn_fast,WARNING: locking bug in kvm_xen_set_evtchn_fast,long-term-18-MAR-2025,2,1,-1
rand-preempt-sect_rw,4,910e3195261654c617977513fc7cef18d9dde9bd,WARNING,,format_decode,WARNING in format_decode,long-term-18-MAR-2025,34,0,-1
rand-preempt-sect_rw,4,6fe82abb6044933681b9787680ee4a92ac94fa79,KASAN,vmalloc-out-of-bounds Write,vrealloc_noprof,KASAN: vmalloc-out-of-bounds Write in vrealloc_noprof,long-term-18-MAR-2025,3,0,-93
rand-preempt-sect_rw,4,e44f9133d5d101caa7d9d5fc9974a77d7462b95f,WARNING,,udf_setsize,WARNING in udf_setsize,long-term-18-MAR-2025,2,1,
rand-preempt-sect_rw,4,348d04fcf145bb6b19c1097d130b6f8402a811b1,INFO,rcu detected stall,kcompactd,INFO: rcu detected stall in kcompactd,long-term-18-MAR-2025,1,0,
rand-preempt-sect_rw,4,14692319382598dac4dee0cca30dcdf451cb5eb7,WARNING,,rate_control_rate_init,WARNING in rate_control_rate_init,long-term-18-MAR-2025,15,0,
rand-preempt-sect_rw,4,e0a1ca9d6313e3f7dd44987b6f8379016a200fd7,KASAN,slab-use-after-free Read,move_to_new_folio,KASAN: slab-use-after-free Read in move_to_new_folio,long-term-18-MAR-2025,45,0,-15
rand-preempt-sect_rw,4,01e7b7156a7b2627cc66b530cea6b04e430dddb2,INFO,rcu detected stall,sys_fsync,INFO: rcu detected stall in sys_fsync,long-term-18-MAR-2025,1,0,
rand-preempt-sect_rw,4,3e2a1759d5435eaceffbb63b34ef8c16e524e1c1,BUG,sleeping function called from invalid context,lock_sock_nested,BUG: sleeping function called from invalid context in lock_sock_nested,long-term-18-MAR-2025,5,0,-1
rand-preempt-sect_rw,4,5bb32f20e84c99708f7fb1fb4d0aea11af9cf855,WARNING,,inode_set_cached_link,WARNING in inode_set_cached_link,long-term-18-MAR-2025,5,0,
rand-preempt-sect_rw,4,84199872ab6d3ddf70865d187e5aaa4baeb47c65,WARNING,,rfc2863_policy,WARNING in rfc2863_policy,long-term-18-MAR-2025,1,0,
rand-preempt-sect_rw,4,4d29c05a745169575292085f4324f8fc89f0c326,OTHER,kernel BUG,jfs_evict_inode,kernel BUG in jfs_evict_inode,long-term-18-MAR-2025,22,0,-8
rand-preempt-sect_rw,4,062ff284ba014a69851c4aea42e2d5e0fe6f252a,INFO,task hung,rfkill_fop_write,INFO: task hung in rfkill_fop_write,long-term-18-MAR-2025,1,0,
rand-preempt-sect_rw,4,5895379d1c8abffccdab30e6eb78c2677e98e219,WARNING,,delayed_free,WARNING in delayed_free,long-term-18-MAR-2025,2,0,
rand-preempt-sect_rw,4,9c7d0c78815f7f407102b63d07ed649359f3b8bb,OTHER,possible deadlock,smc_switch_to_fallback,possible deadlock in smc_switch_to_fallback,long-term-18-MAR-2025,4,0,-2
rand-preempt-sect_rw,4,888c0f7f9e50a51d048bb9ab854b76d4759ba556,OTHER,kernel BUG,ocfs2_write_block,kernel BUG in ocfs2_write_block,long-term-18-MAR-2025,7,0,
rand-preempt-sect_rw,4,4c7f3321d8f5dea39da49fc06a7b6f8b8592ebeb,OTHER,possible deadlock,hsr_dev_xmit,possible deadlock in hsr_dev_xmit,long-term-18-MAR-2025,5,0,-4
rand-preempt-sect_rw,4,2a688f1295824561ed7dd2ebee0af337647603ef,WARNING,,inode_to_wb,WARNING in inode_to_wb,long-term-18-MAR-2025,100,0,
rand-preempt-sect_rw,4,51cc94811ebd073cf5874f118692256ef1eadf90,INFO,rcu detected stall,x64_sys_call,INFO: rcu detected stall in x64_sys_call,long-term-18-MAR-2025,3,0,
rand-preempt-sect_rw,4,5989b22e7d1b7a92ebab7da8be1616b1ca1b97e0,OTHER,possible deadlock,ip_mroute_setsockopt,possible deadlock in ip_mroute_setsockopt,long-term-18-MAR-2025,1,2,-1
rand-preempt-sect_rw,4,cf1828f4f7cddf8f5e3f9f01be66e00c7044de90,INFO,rcu detected stall,sys_openat,INFO: rcu detected stall in sys_openat,long-term-18-MAR-2025,4,0,
rand-preempt-sect_rw,4,4d43edefe43dc89161dd7655b29f662f04b5f2cc,OTHER,possible deadlock,hfs_find_init,possible deadlock in hfs_find_init,long-term-18-MAR-2025,20,0,-3
rand-preempt-sect_rw,4,986c6466f7fc44c12d7a498858263fc30852ad91,INFO,rcu detected stall,sys_fsconfig,INFO: rcu detected stall in sys_fsconfig,long-term-18-MAR-2025,1,1,
rand-preempt-sect_rw,4,670153e888f4e124a9c42b6e5d582c0f0872ec86,INFO,rcu detected stall,rtnl_newlink,INFO: rcu detected stall in rtnl_newlink,long-term-18-MAR-2025,1,0,
rand-preempt-sect_rw,4,afd75899ce257f0020e9d9c47e3ae3fe04a8b7dd,OTHER,general protection fault,hfsplus_rename_cat,general protection fault in hfsplus_rename_cat,long-term-18-MAR-2025,7,0,
rand-preempt-sect_rw,4,fc92a3d48f65988af59ad25d6bb9efc5b7e0564c,WARNING,,__invalidate_bh_lrus,WARNING in __invalidate_bh_lrus,long-term-18-MAR-2025,14,0,
rand-preempt-sect_rw,4,d8be63074701bec1ae41d54340c12eab439652fb,WARNING,,usb_free_urb,WARNING in usb_free_urb,long-term-18-MAR-2025,4,0,
rand-preempt-sect_rw,4,81faef6ce66f2f63d7030f143c557fb3ceb76a36,BUG,,,"BUG: ""hc->tx_t_ipi == NUM"" holds (exception!) at net/dccp/ccids/ccid3.c:LINE/ccid3_update_send_interval()",long-term-18-MAR-2025,3,0,
rand-preempt-sect_rw,4,1acf5e182a84e6bfdbd928dc9344d81069818566,KASAN,slab-use-after-free Read,folio_evictable,KASAN: slab-use-after-free Read in folio_evictable,long-term-18-MAR-2025,85,0,
rand-preempt-sect_rw,4,29aec000cb9c27993a3ad3ea6f881262fafccd4b,UBSAN,shift-out-of-bounds,dbSplit,UBSAN: shift-out-of-bounds in dbSplit,long-term-18-MAR-2025,1,0,
rand-preempt-sect_rw,4,4f7ccbaf7b7bf9f62ba80a9a30f1094ecc656cd0,OTHER,kernel BUG,txEnd,kernel BUG in txEnd,long-term-18-MAR-2025,3,0,
rand-preempt-sect_rw,4,a452f0e64788cc908f0eebdc7cdf2c97d97d3c3b,INFO,task hung,lookup_slow,INFO: task hung in lookup_slow,long-term-18-MAR-2025,1,0,
rand-preempt-sect_rw,4,416fc16dc61e88df48b8990e74bd866199c4f53a,WARNING,,__rate_control_send_low,WARNING in __rate_control_send_low,long-term-18-MAR-2025,5,0,-2
rand-preempt-sect_rw,4,8b81deae3263a1bbdd95cd7bcc1bdaeba736fc58,OTHER,possible deadlock,ntfs_file_mmap,possible deadlock in ntfs_file_mmap,long-term-18-MAR-2025,1,0,
rand-preempt-sect_rw,4,d55cddbfbe70446f2d66df758e7e93c285e69db9,WARNING,,call_timer_fn,WARNING in call_timer_fn,long-term-18-MAR-2025,1,0,
rand-preempt-sect_rw,4,1d9bb5d25d509bfa2a7dd17a2add36a0762765ac,BUG,,,"BUG: please report to dccp@vger.kernel.org => prev = NUM, last = NUM at net/dccp/ccids/lib/packet_history.c:LINE/tfrc_rx",long-term-18-MAR-2025,6,0,
rand-preempt-sect_rw,4,107d4fad6be90805aa165afb3d9b4181c1605ce1,INFO,rcu detected stall,do_idle,INFO: rcu detected stall in do_idle,long-term-18-MAR-2025,14,0,
rand-preempt-sect_rw,4,7940299aa3a5eb1dfd4d244d0d43557a608d8449,INFO,rcu detected stall,__unwind_start,INFO: rcu detected stall in __unwind_start,long-term-18-MAR-2025,1,0,
rand-preempt-sect_rw,4,c401efa8cefe905e64f586a50d8bbaf2d38f2350,INFO,task hung,addrconf_verify_work,INFO: task hung in addrconf_verify_work,long-term-18-MAR-2025,1,0,
rand-preempt-sect_rw,4,ff60c39b4d0c8b8748bab3faa28f93bdc2068378,OTHER,general protection fault,rcu_core,general protection fault in rcu_core,long-term-18-MAR-2025,1,0,
rand-preempt-sect_rw,4,82452223a9d5475e89cd85d4db53932ea7ffbb57,KASAN,wild-memory-access Read,hfsplus_bnode_read,KASAN: wild-memory-access Read in hfsplus_bnode_read,long-term-18-MAR-2025,6,0,
rand-preempt-sect_rw,4,717f2a442c2ec31e6880fa8ad81443a56fc4fbed,OTHER,kernel BUG,txAbort,kernel BUG in txAbort,long-term-18-MAR-2025,3,0,
rand-preempt-sect_rw,4,59bad2e4e0e8758ddd7a8b2d9a7db7761f18597d,OTHER,kernel BUG,ocfs2_claim_suballoc_bits,kernel BUG in ocfs2_claim_suballoc_bits,long-term-18-MAR-2025,9,0,
rand-preempt-sect_rw,4,b1228ff614d81f288019daad0267672f783ee27c,OTHER,possible deadlock,ext4_xattr_inode_lookup_create,possible deadlock in ext4_xattr_inode_lookup_create,long-term-18-MAR-2025,1,0,
rand-preempt-sect_rw,4,5baf49631b482b988a856ed38952a15781991c0b,KASAN,slab-out-of-bounds Read,sysv_new_block,KASAN: slab-out-of-bounds Read in sysv_new_block,long-term-18-MAR-2025,2,0,
rand-preempt-sect_rw,4,3474b4f1e6a694d78abe6e53923207efeee5eb46,INFO,task hung,synchronize_rcu,INFO: task hung in synchronize_rcu,long-term-18-MAR-2025,1,0,
rand-preempt-sect_rw,4,96c447fce9cab7899e95a08f52a4c45da0691d56,WARNING,,__ieee80211_beacon_get,WARNING in __ieee80211_beacon_get,long-term-18-MAR-2025,22,0,
rand-preempt-sect_rw,4,b21d3b2e46edfe818ee025e6456797ee54f2d2d4,INFO,rcu detected stall,tipc_sendstream,INFO: rcu detected stall in tipc_sendstream,long-term-18-MAR-2025,1,0,
rand-preempt-sect_rw,4,d500366678f2a2b2ed69324bbfaf20ac43631c72,OTHER,possible deadlock,console_flush_all,possible deadlock in console_flush_all,long-term-18-MAR-2025,1,1,
rand-preempt-sect_rw,4,d3352a10231ea5c95eb5876ebf50e3601e86b547,WARNING,,btrfs_commit_transaction,WARNING in btrfs_commit_transaction,long-term-18-MAR-2025,1,1,
rand-preempt-sect_rw,4,d58b9c335e71ad5e9143d8190f0b05f268093e7d,WARNING,,__find_get_block,WARNING in __find_get_block,long-term-18-MAR-2025,1,0,
rand-preempt-sect_rw,4,89b3b67efdd299d6754b6f7d8f626f085a42808b,OTHER,kernel BUG,jffs2_del_ino_cache,kernel BUG in jffs2_del_ino_cache,long-term-18-MAR-2025,4,0,
rand-preempt-sect_rw,4,a5151f2aa840fe7bc90c672c803890cf4bc95b13,INFO,rcu detected stall,kswapd,INFO: rcu detected stall in kswapd,long-term-18-MAR-2025,7,0,
rand-preempt-sect_rw,4,7154156a9841df26dd0871d79ccab7324d3c5044,KASAN,slab-use-after-free Read,hdm_disconnect,KASAN: slab-use-after-free Read in hdm_disconnect,long-term-18-MAR-2025,7,0,
rand-preempt-sect_rw,4,3c962edd81bdfb3f8ab67010de91fac4eb92b4b5,INFO,task hung,fdget_pos,INFO: task hung in fdget_pos,long-term-18-MAR-2025,1,0,
rand-preempt-sect_rw,4,cae0c49cb8a02ebed9b30518fd78ecaf184ce0d9,KASAN,use-after-free Write,ext4_insert_dentry,KASAN: use-after-free Write in ext4_insert_dentry,long-term-18-MAR-2025,6,0,
rand-preempt-sect_rw,4,64599d8b84af418f9904a96a43309a99d798843c,SYZFATAL,,,SYZFATAL: Manager.NewInput call failed: read tcp IP:NUM->IP:NUM: read: connection reset by peer,long-term-18-MAR-2025,1,0,
rand-preempt-sect_rw,4,bd13438de068333c8c0bc186aa351913f11ff0c8,OTHER,possible deadlock,ntfs_look_for_free_space,possible deadlock in ntfs_look_for_free_space,long-term-18-MAR-2025,1,2,-3
rand-preempt-sect_rw,4,bd11136f01547d97986820803dd814774f5e80c1,WARNING,,__udf_add_aext,WARNING in __udf_add_aext,long-term-18-MAR-2025,5,0,
rand-preempt-sect_rw,4,6c01a324911451b89f168a51cc535a981fef28bd,OTHER,general protection fault,bfs_get_block,general protection fault in bfs_get_block,long-term-18-MAR-2025,4,0,
rand-preempt-sect_rw,4,9df9a812f3f60eab5b74c57c2a59336ff7ecfa9a,OTHER,kernel BUG,ipgre_header,kernel BUG in ipgre_header,long-term-18-MAR-2025,1,0,
rand-preempt-sect_rw,4,ea3c4dfc312c4e4938c1160cfb90fb42d5144a72,INFO,task hung,ath9k_hif_usb_firmware_cb,INFO: task hung in ath9k_hif_usb_firmware_cb,long-term-18-MAR-2025,1,0,
rand-preempt-sect_rw,4,ca855d2571f6d9c8a8fd9f0ee1b79d91b2747a0b,OTHER,kernel BUG,ocfs2_write_cluster_by_desc,kernel BUG in ocfs2_write_cluster_by_desc,long-term-18-MAR-2025,2,0,
rand-preempt-sect_rw,4,f4fec6759f727ca4d1b8ae8f2130079e9c4a48d8,INFO,rcu detected stall,security_file_open,INFO: rcu detected stall in security_file_open,long-term-18-MAR-2025,1,0,
rand-preempt-sect_rw,4,8c61c462c66668d7fe521d844360c58207a40dd9,WARNING,,pvr2_send_request_ex/usb_submit_urb,WARNING in pvr2_send_request_ex/usb_submit_urb,long-term-18-MAR-2025,1,0,
rand-preempt-sect_rw,4,4acb584fc96d56cb961babafdb895e8e8ff4ac15,INFO,rcu detected stall,filemap_fault,INFO: rcu detected stall in filemap_fault,long-term-18-MAR-2025,1,0,
rand-preempt-sect_rw,4,5e7ac63ebdfb8e33254bd15242adb4b27ef36e84,OTHER,possible deadlock,sock_set_reuseaddr,possible deadlock in sock_set_reuseaddr,long-term-18-MAR-2025,2,0,
rand-preempt-sect_rw,4,5983a65cfeddb32fed63f8a733b3d810e05ba119,INFO,task hung,_free_event,INFO: task hung in _free_event,long-term-18-MAR-2025,1,1,
rand-preempt-sect_rw,4,8066f026209a5e9f01cec86e629b05f8bae3a9e5,KASAN,use-after-free Read,__ocfs2_find_path,KASAN: use-after-free Read in __ocfs2_find_path,long-term-18-MAR-2025,99,0,-2
rand-preempt-sect_rw,4,f58c116be36fa20d2c4279e0b70cd3e4083e4fb0,OTHER,kernel BUG,clear_inode,kernel BUG in clear_inode,long-term-18-MAR-2025,2,0,
rand-preempt-sect_rw,4,cd1f4d10aeccd425f032ef8307ca2a72d86c67b8,INFO,task hung,lock_metapage,INFO: task hung in lock_metapage,long-term-18-MAR-2025,1,0,
rand-preempt-sect_rw,4,b8cd92c1478d22bf00f49d211bf24287a812a0e0,INFO,task hung,bdev_release,INFO: task hung in bdev_release,long-term-18-MAR-2025,5,0,
rand-preempt-sect_rw,4,51d56ca0f41d3744b47c583ede6b8065b7b4fb7a,OTHER,kernel BUG,__gfs2_glock_put,kernel BUG in __gfs2_glock_put,long-term-18-MAR-2025,10,0,-2
rand-preempt-sect_rw,4,f5a259f85d42c3c72cf17ef817a151c8f215a51b,OTHER,general protection fault,jfs_flush_journal,general protection fault in jfs_flush_journal,long-term-18-MAR-2025,2,0,
rand-preempt-sect_rw,4,f7413896ad4af6003ae85c8b1e9ab706c1b3eafc,INFO,rcu detected stall,sys_clone,INFO: rcu detected stall in sys_clone,long-term-18-MAR-2025,3,0,
rand-preempt-sect_rw,4,518f9409bd34d7d8e7f25c6d19f2306bf745e274,OTHER,kernel BUG,__ext4_journal_stop,kernel BUG in __ext4_journal_stop,long-term-18-MAR-2025,1,0,
rand-preempt-sect_rw,4,4fbdcbede9ef67468c7fbd727ec288da5f0a4948,INFO,rcu detected stall,cleanup_mnt,INFO: rcu detected stall in cleanup_mnt,long-term-18-MAR-2025,1,0,
rand-preempt-sect_rw,4,fc2733d2cd6cf20337fdfa85857fe92acc4e67e1,WARNING,,bcm5974_start_traffic/usb_submit_urb,WARNING in bcm5974_start_traffic/usb_submit_urb,long-term-18-MAR-2025,18,0,
rand-preempt-sect_rw,4,6841b09f10883829d2fec742d938c431c8441375,OTHER,possible deadlock,hfs_extend_file,possible deadlock in hfs_extend_file,long-term-18-MAR-2025,6,0,-4
rand-preempt-sect_rw,4,b4f58b4acdf59c8936624998015fc212e19dd908,INFO,rcu detected stall,do_seccomp,INFO: rcu detected stall in do_seccomp,long-term-18-MAR-2025,1,0,
rand-preempt-sect_rw,4,c991ea08384dcae5e17c3575fd230a3ad42c084c,OTHER,possible deadlock,attr_data_get_block,possible deadlock in attr_data_get_block,long-term-18-MAR-2025,2,2,-1
rand-preempt-sect_rw,4,cf239e947e8ee82f53f98768040835fc4f8f050c,INFO,rcu detected stall,sys_clock_settime,INFO: rcu detected stall in sys_clock_settime,long-term-18-MAR-2025,1,0,
rand-preempt-sect_rw,4,7e1a8fa5c0fbbd45eb5476b74a89c66d6cbef960,WARNING,,plfxlc_mac_release,WARNING in plfxlc_mac_release,long-term-18-MAR-2025,2,0,
rand-preempt-sect_rw,4,d027818df46bc1ecda09916eaeed5bd6798095b6,WARNING,,drop_nlink,WARNING in drop_nlink,long-term-18-MAR-2025,3,0,
rand-preempt-sect_rw,4,f223e9afc7a46528d132e137faca685e6144125e,KASAN,slab-use-after-free Write,sco_conn_put,KASAN: slab-use-after-free Write in sco_conn_put,long-term-18-MAR-2025,1,1,
rand-preempt-sect_rw,4,c8a24c42ab318046943779327b5e06f8134a445f,KASAN,user-memory-access Write,__destroy_inode,KASAN: user-memory-access Write in __destroy_inode,long-term-18-MAR-2025,6,0,
rand-preempt-sect_rw,4,1bd6c550a6c1d7dd92daba50c290b8fc598ff6ce,INFO,task hung,bdev_open,INFO: task hung in bdev_open,long-term-18-MAR-2025,1,0,
rand-preempt-sect_rw,4,717032a22f7c66339ad18aa5c7100ebd76ad1ea7,WARNING,,hfs_bnode_create,WARNING in hfs_bnode_create,long-term-18-MAR-2025,15,0,
rand-preempt-sect_rw,4,9a2fe3c6b993d0df25eab726dec203e61dc6b027,KASAN,out-of-bounds Read,ext4_xattr_set_entry,KASAN: out-of-bounds Read in ext4_xattr_set_entry,long-term-18-MAR-2025,5,0,
rand-preempt-sect_rw,4,310eec601699070a82c325d09a07607f294d8b80,KASAN,slab-use-after-free Read,__ocfs2_flush_truncate_log,KASAN: slab-use-after-free Read in __ocfs2_flush_truncate_log,long-term-18-MAR-2025,1,0,
rand-preempt-sect_rw,4,143189e89dcd5e8dc7e14dd0755b3fd525128031,BUG,,,BUG: Bad page state,long-term-18-MAR-2025,3,0,-103
rand-preempt-sect_rw,4,236682dc9e4ebd8581e72868857ce86280630cb5,OTHER,possible deadlock,hfsplus_find_init,possible deadlock in hfsplus_find_init,long-term-18-MAR-2025,22,0,-3
rand-preempt-sect_rw,4,dd807c549664de6dd0f962f4ba1208e78aeac7ce,INFO,task hung,corrupted,INFO: task hung in corrupted,long-term-18-MAR-2025,1,0,
rand-preempt-sect_rw,4,3a4666fb760a742c20ea2ec36a3c0958a00befa5,WARNING,,ext4_iomap_begin,WARNING in ext4_iomap_begin,long-term-18-MAR-2025,2,1,
rand-preempt-sect_rw,4,084728785a422eb947a33faad79ca3465e020026,OTHER,possible deadlock,udf_free_blocks,possible deadlock in udf_free_blocks,long-term-18-MAR-2025,2,1,
rand-preempt-sect_rw,4,1616a6774e1e4f32979c3d9624c3bd1186cbe468,UBSAN,shift-out-of-bounds,extAlloc,UBSAN: shift-out-of-bounds in extAlloc,long-term-18-MAR-2025,3,0,
rand-preempt-sect_rw,4,1eb07be854cc11b560ce1b45e5d0579ca602b368,OTHER,possible deadlock,gup_fast_fallback,possible deadlock in gup_fast_fallback,long-term-18-MAR-2025,2,0,-1
rand-preempt-sect_rw,4,38dec108eee0b492a62d86e6b92d2133e8ab9cc5,KASAN,slab-out-of-bounds Write,diWrite,KASAN: slab-out-of-bounds Write in diWrite,long-term-18-MAR-2025,1,0,
rand-preempt-sect_rw,4,943879683ba99cd7772ff6905d9138f421b695f8,OTHER,kernel BUG,ocfs2_populate_inode,kernel BUG in ocfs2_populate_inode,long-term-18-MAR-2025,2,0,
rand-preempt-sect_rw,4,e1591f5807cca98241c629b5860e9e5e1c358571,WARNING,suspicious RCU usage,get_callchain_entry,WARNING: suspicious RCU usage in get_callchain_entry,long-term-18-MAR-2025,31,0,-6
rand-preempt-sect_rw,4,1a6abe077825183e67b67c3313ea6f99a992fe86,INFO,rcu detected stall,corrupted,INFO: rcu detected stall in corrupted,long-term-18-MAR-2025,49,0,
rand-preempt-sect_rw,4,435f0baa0b40cab2bc6ad6e584cb66dd641f3efe,OTHER,possible deadlock,kernfs_seq_start,possible deadlock in kernfs_seq_start,long-term-18-MAR-2025,1,0,
rand-preempt-sect_rw,4,6bfb19d7f651b70ce0ff4685912f3a524094c474,INFO,task hung,lmLogClose,INFO: task hung in lmLogClose,long-term-18-MAR-2025,4,0,
rand-preempt-sect_rw,4,a7639dcaa0943aa8a9470fbff76d4c40bbd8a3f6,UBSAN,array-index-out-of-bounds,dbAllocBits,UBSAN: array-index-out-of-bounds in dbAllocBits,long-term-18-MAR-2025,4,0,
rand-preempt-sect_rw,4,cfbae8737f6cf1bb119f7a082836ba75e5c23c05,OTHER,kernel BUG,ext4_inline_data_truncate,kernel BUG in ext4_inline_data_truncate,long-term-18-MAR-2025,1,0,
rand-preempt-sect_rw,4,68807c4df71d721a9215e22ac844e6a5fbc87898,WARNING,,ext4_xattr_inode_lookup_create,WARNING in ext4_xattr_inode_lookup_create,long-term-18-MAR-2025,7,0,
rand-preempt-sect_rw,4,4ecda27d97e590e179a8c967d0b1615224f921fd,WARNING,,reserve_ds_buffers,WARNING in reserve_ds_buffers,long-term-18-MAR-2025,7,0,
rand-preempt-sect_rw,4,ff12148d728e8c4ebaf0d1070b81bce4ae226880,OTHER,kernel BUG,ext4_do_writepages,kernel BUG in ext4_do_writepages,long-term-18-MAR-2025,2,0,
rand-preempt-sect_rw,4,da46f7c0e060fe79bb18f8875d62b8aca72f8caa,INFO,rcu detected stall,seq_read_iter,INFO: rcu detected stall in seq_read_iter,long-term-18-MAR-2025,1,0,
rand-preempt-sect_rw,4,555dea26688fe98056f9732cf38a27c7a116f88f,INFO,rcu detected stall,kernfs_fop_write_iter,INFO: rcu detected stall in kernfs_fop_write_iter,long-term-18-MAR-2025,1,0,
rand-preempt-sect_rw,4,a2b014c9c4cda447ef5f302511344a5162f1e6a5,WARNING,,fanotify_handle_event,WARNING in fanotify_handle_event,long-term-18-MAR-2025,4,0,
rand-preempt-sect_rw,4,64d5cceef5716756190eaab9a1a19771c430b99d,OTHER,kernel BUG,dbFindLeaf,kernel BUG in dbFindLeaf,long-term-18-MAR-2025,5,0,
rand-preempt-sect_rw,4,5abc96d5bafb31008b63e43dabda10cf4623f982,INFO,rcu detected stall,sys_getrandom,INFO: rcu detected stall in sys_getrandom,long-term-18-MAR-2025,1,0,
rand-preempt-sect_rw,4,afbcab044ccf826599331b98cefb6e1479387053,UBSAN,array-index-out-of-bounds,dbJoin,UBSAN: array-index-out-of-bounds in dbJoin,long-term-18-MAR-2025,8,0,-2
rand-preempt-sect_rw,4,0b7a07a1b73a331c46fcc21571d95c955bf52aeb,INFO,rcu detected stall,sys_timerfd_create,INFO: rcu detected stall in sys_timerfd_create,long-term-18-MAR-2025,1,0,
rand-preempt-sect_rw,4,aeea050a3949d1cb446d09f62376df9f95fdb0e6,INFO,task hung,fuse_lookup,INFO: task hung in fuse_lookup,long-term-18-MAR-2025,8,0,
rand-preempt-sect_rw,4,ea55ed6b4d3385d5bd9193ca7cecbb8e9ad4e11d,WARNING,,gfs2_check_blk_type,WARNING in gfs2_check_blk_type,long-term-18-MAR-2025,14,0,
rand-preempt-sect_rw,4,08ce1918854db60a1bbb29e36cb7e5fd8009584b,KASAN,slab-use-after-free Read,sysv_new_inode,KASAN: slab-use-after-free Read in sysv_new_inode,long-term-18-MAR-2025,2,0,
rand-preempt-sect_rw,4,3dcbd1e2079aee55d0f581135e01b287d479999d,KASAN,slab-out-of-bounds Read,hfsplus_uni2asc,KASAN: slab-out-of-bounds Read in hfsplus_uni2asc,long-term-18-MAR-2025,26,0,
rand-preempt-sect_rw,4,d4c9d4f82b2511f8f50f89cfe1db52f0bfd24c57,BUG,corrupted list,add_to_unbuddied,BUG: corrupted list in add_to_unbuddied,long-term-18-MAR-2025,29,0,
rand-preempt-sect_rw,4,4c5fb8eedeca78b3c4fe40bfc05b20601b89508a,KASAN,use-after-free Read,sysv_new_inode,KASAN: use-after-free Read in sysv_new_inode,long-term-18-MAR-2025,43,0,
rand-preempt-sect_rw,4,ff799ff0353b1d00467853c7904f84699ca6c503,OTHER,kernel BUG,txLock,kernel BUG in txLock,long-term-18-MAR-2025,1,1,
rand-preempt-sect_rw,4,162dadb50aa733b767be4038d07100f4d62a55bf,KASAN,slab-use-after-free Write,ext4_insert_dentry,KASAN: slab-use-after-free Write in ext4_insert_dentry,long-term-18-MAR-2025,3,0,
rand-preempt-sect_rw,4,d8da3937cd2a93e22e47c45d6042bff5e7af185b,OTHER,general protection fault,__remove_inode_hash,general protection fault in __remove_inode_hash,long-term-18-MAR-2025,2,0,
rand-preempt-sect_rw,4,295c0dc164c3fcf583aa4a873bea301927c81b66,BUG,corrupted list,em28xx_init_extension,BUG: corrupted list in em28xx_init_extension,long-term-18-MAR-2025,1,0,
rand-preempt-sect_rw,4,fb069fec26746cf34d7454f1b9359f3bbbef2b4e,KASAN,vmalloc-out-of-bounds Write,corrupted,KASAN: vmalloc-out-of-bounds Write in corrupted,long-term-18-MAR-2025,2,0,
rand-preempt-sect_rw,4,bf4d7efe80c9af41e54c360e9e6deb116d278e7b,WARNING,,ext4_dirty_folio,WARNING in ext4_dirty_folio,long-term-18-MAR-2025,4,0,
rand-preempt-sect_rw,4,7fd2e08f3865df671e6ddcd0cc0f7ef59d4e9634,OTHER,possible deadlock,xfs_ilock,possible deadlock in xfs_ilock,long-term-18-MAR-2025,2,0,
rand-preempt-sect_rw,4,11d137c334a427322898aa51903aed548ece812d,SYZFATAL,,,SYZFATAL: executor NUM failed NUM times: executor NUM: exit status NUM err exit status NUM,long-term-18-MAR-2025,4,0,
rand-preempt-sect_rw,4,bece6e4d8f0a9435df2c7d954abbcacc85f95d47,WARNING,,inet_sock_destruct,WARNING in inet_sock_destruct,long-term-18-MAR-2025,2,0,
rand-preempt-sect_rw,4,d863adef6130a966a3c3efb67b0d52980adfddb7,KASAN,slab-use-after-free Read,corrupted,KASAN: slab-use-after-free Read in corrupted,long-term-18-MAR-2025,10,0,
rand-preempt-sect_rw,4,b934f0b919e8368b02982f2de1c3680e04d2ce47,UBSAN,array-index-out-of-bounds,dtInsertEntry,UBSAN: array-index-out-of-bounds in dtInsertEntry,long-term-18-MAR-2025,2,0,
rand-preempt-sect_rw,4,9552da22940e9641db22e952f4e15ef8358e8a20,INFO,rcu detected stall,shmem_file_write_iter,INFO: rcu detected stall in shmem_file_write_iter,long-term-18-MAR-2025,4,0,
rand-preempt-sect_rw,4,df3164214da6cac32904fbc82fde7ef5cef12d88,WARNING,,nft_socket_init,WARNING in nft_socket_init,long-term-18-MAR-2025,1,0,
rand-preempt-sect_rw,4,6d4ed0a139a2460f1d341b0bec84da000ab1e011,OTHER,possible deadlock,ntfs_fiemap,possible deadlock in ntfs_fiemap,long-term-18-MAR-2025,3,0,-1
rand-preempt-sect_rw,4,4fcb37bdd439ec36024448c4f489a7485b357939,INFO,task hung,copy_process,INFO: task hung in copy_process,long-term-18-MAR-2025,1,0,
rand-preempt-sect_rw,4,b45e5d2b8d3e9173d66db2a85028e01954ea36fc,BUG,spinlock bad magic,post_alloc_hook,BUG: spinlock bad magic in post_alloc_hook,long-term-18-MAR-2025,9,0,
rand-preempt-sect_rw,4,0ef19d3af2ee56643d67d934d68895cad6eb6566,OTHER,possible deadlock,hfsplus_get_block,possible deadlock in hfsplus_get_block,long-term-18-MAR-2025,100,0,-7
rand-preempt-sect_rw,4,db2fa1db6c3955512d63b737cce46348c2e42ee7,UBSAN,array-index-out-of-bounds,dtSplitRoot,UBSAN: array-index-out-of-bounds in dtSplitRoot,long-term-18-MAR-2025,2,0,
rand-preempt-sect_rw,4,54ec343f5fa8ecb771acdd49bf649a6ecdc90ad4,OTHER,general protection fault,lmLogSync,general protection fault in lmLogSync,long-term-18-MAR-2025,2,0,
rand-preempt-sect_rw,4,8de37934194f7efcdf593e972abf0baec20d58fc,OTHER,possible deadlock,hfsplus_block_allocate,possible deadlock in hfsplus_block_allocate,long-term-18-MAR-2025,10,0,-4
rand-preempt-sect_rw,4,3a4009706c4f01341275ae0f98fc1bff7b1969d6,WARNING,,hfsplus_bnode_create,WARNING in hfsplus_bnode_create,long-term-18-MAR-2025,41,0,
rand-preempt-sect_rw,4,6677a17b99544b44a0a8f505286b3ac5331c6d17,OTHER,possible deadlock,run_unpack_ex,possible deadlock in run_unpack_ex,long-term-18-MAR-2025,1,2,-3
rand-preempt-sect_rw,4,9816db5d20b51f808879e122dd47030b873b6d29,WARNING,,__cfg80211_bss_update,WARNING in __cfg80211_bss_update,long-term-18-MAR-2025,1,0,
rand-preempt-sect_rw,4,4acc974a1a2c4cf1eebcb31e4bc86b85a2f5daa8,INFO,task hung,xlog_grant_head_check,INFO: task hung in xlog_grant_head_check,long-term-18-MAR-2025,1,0,
rand-preempt-sect_rw,4,4e6932b799a8dff0d95eec2c99872fba0eb214f7,OTHER,possible deadlock,do_ipv6_setsockopt,possible deadlock in do_ipv6_setsockopt,long-term-18-MAR-2025,17,0,-5
rand-preempt-sect_rw,4,18f04c2a03ef1a4086208c36eaeec1e9d8e9c3d8,INFO,rcu detected stall,eventpoll_release_file,INFO: rcu detected stall in eventpoll_release_file,long-term-18-MAR-2025,1,0,
rand-preempt-sect_rw,4,709ea9525d06e8d72f56500f2a6c111324ad92b0,OTHER,possible deadlock,ocfs2_init_acl,possible deadlock in ocfs2_init_acl,long-term-18-MAR-2025,29,0,-19
rand-preempt-sect_rw,4,fe781548d0a22bdbc3f703fc26dd1c43b0da5914,INFO,task hung,linkwatch_event,INFO: task hung in linkwatch_event,long-term-18-MAR-2025,3,0,
rand-preempt-sect_rw,4,4868348a1ef002b1b4a89d2e9610865ece572f7c,WARNING,,inc_nlink,WARNING in inc_nlink,long-term-18-MAR-2025,9,0,-16
rand-preempt-sect_rw,4,6a96792e4b66a9b7bfe4e8faedbc6c0049ac4c18,OTHER,possible deadlock,htab_lock_bucket,possible deadlock in htab_lock_bucket,long-term-18-MAR-2025,1,0,
rand-preempt-sect_rw,4,d9a665b5dc08e6b986842d75a5328cb1804b1c08,WARNING,,tcp_recvmsg_locked,WARNING in tcp_recvmsg_locked,long-term-18-MAR-2025,1,0,
rand-preempt-sect_rw,4,9f7d3bf8f8e1b54b4e2d1f7760f930dffa12cc48,BUG,unable to handle kernel NULL pointer dereference,filemap_read_folio,BUG: unable to handle kernel NULL pointer dereference in filemap_read_folio,long-term-18-MAR-2025,4,0,
rand-preempt-sect_rw,4,15fc5f61cd3ac1c8b1f752394c7f7e0cdffe1b8b,OTHER,possible deadlock,ocfs2_try_remove_refcount_tree,possible deadlock in ocfs2_try_remove_refcount_tree,long-term-18-MAR-2025,8,0,-2
rand-preempt-sect_rw,4,11c72fb0c41e6b208e32c1369ba053b160a4e890,OTHER,kernel BUG,_ocfs2_free_suballoc_bits,kernel BUG in _ocfs2_free_suballoc_bits,long-term-18-MAR-2025,2,0,
rand-preempt-sect_rw,4,add5c4fb5e9f95ae5e27d88af789c718bb1e8093,WARNING,,btrfs_finish_one_ordered,WARNING in btrfs_finish_one_ordered,long-term-18-MAR-2025,3,0,
rand-preempt-sect_rw,4,56f22f5c6dd421d4cccbb08572f4ad3108e2cdc7,UBSAN,array-index-out-of-bounds,usbhid_parse,UBSAN: array-index-out-of-bounds in usbhid_parse,long-term-18-MAR-2025,4,0,
rand-preempt-sect_rw,4,92692f7ad977501c33f727cfa0c16b8f05107109,KASAN,slab-out-of-bounds Read,sysv_new_inode,KASAN: slab-out-of-bounds Read in sysv_new_inode,long-term-18-MAR-2025,5,0,
rand-preempt-sect_rw,4,b42437d58747d21942237cfa206c518025a2bd0f,UBSAN,shift-out-of-bounds,befs_check_sb,UBSAN: shift-out-of-bounds in befs_check_sb,long-term-18-MAR-2025,6,0,
rand-preempt-sect_rw,4,d77980c6859da9b98fdc57ea830efbe8c8eabb38,INFO,task hung,rfkill_unregister,INFO: task hung in rfkill_unregister,long-term-18-MAR-2025,1,0,
rand-preempt-sect_rw,4,4d4b24f8e0ebd26ffabfaec4da4b28779e15986f,INFO,rcu detected stall,kernfs_fop_open,INFO: rcu detected stall in kernfs_fop_open,long-term-18-MAR-2025,1,0,
rand-preempt-sect_rw,4,10ea2b759f72ff5dd26bce896d853e10f00de743,OTHER,,,unregister_netdevice: waiting for DEV to become free,long-term-18-MAR-2025,4,0,
rand-preempt-sect_rw,4,f418b76f6874d5af9a84df6c515403891f5f393c,UBSAN,shift-out-of-bounds,minix_statfs,UBSAN: shift-out-of-bounds in minix_statfs,long-term-18-MAR-2025,6,0,
rand-preempt-sect_rw,4,074f2751986c697854e31ed3636e8a4bc6ef880f,WARNING,,btrfs_create_pending_block_groups,WARNING in btrfs_create_pending_block_groups,long-term-18-MAR-2025,8,0,
rand-preempt-sect_rw,4,b83ebc0f722370f9f7e120e759d663eb44f55efc,OTHER,,,suppressed report,long-term-18-MAR-2025,4,0,-1
rand-preempt-sect_rw,4,132be9b558ca4026d7c573c699cd78a2c2b7b506,OTHER,kernel BUG,hfs_write_inode,kernel BUG in hfs_write_inode,long-term-18-MAR-2025,25,0,-4
rand-preempt-sect_rw,4,c7bef9a5b3324959844ec200a0dc227b249903f9,INFO,task hung,iterate_supers,INFO: task hung in iterate_supers,long-term-18-MAR-2025,1,0,
rand-preempt-sect_rw,4,20b851819c29dcd740088d8b1d50c064e0875517,OTHER,possible deadlock,f2fs_evict_inode,possible deadlock in f2fs_evict_inode,long-term-18-MAR-2025,1,2,-1
rand-preempt-sect_rw,4,9cfd48d91de763e83b3b281abe91c717ca6086d0,WARNING,,__alloc_frozen_pages_noprof,WARNING in __alloc_frozen_pages_noprof,long-term-18-MAR-2025,14,0,-2
rand-preempt-sect_rw,4,3a07f2fa73a0c5558b30305596d3137be31d90fc,KASAN,slab-use-after-free Write,diWrite,KASAN: slab-use-after-free Write in diWrite,long-term-18-MAR-2025,1,0,
rand-preempt-sect_rw,4,830667af06348d56a13056f922c2e354491d48eb,WARNING,,smsusb_start_streaming/usb_submit_urb,WARNING in smsusb_start_streaming/usb_submit_urb,long-term-18-MAR-2025,31,0,
rand-preempt-sect_rw,4,439c37d288d4f26a33a6c7e5c57a97791453a447,OTHER,,,lost connection to test machine,long-term-18-MAR-2025,0,0,
rand-preempt-sect_rw,4,bf866cf51882e1f05322d495b3bc6910cf97d9de,KASAN,slab-out-of-bounds Read,__ocfs2_flush_truncate_log,KASAN: slab-out-of-bounds Read in __ocfs2_flush_truncate_log,long-term-18-MAR-2025,1,0,
rand-preempt-sect_rw,4,3861eef4bfcc166ba71510f3d2f01e2d4707e42b,INFO,rcu detected stall,sys_bpf,INFO: rcu detected stall in sys_bpf,long-term-18-MAR-2025,1,1,
rand-preempt-sect_rw,4,f958db83e7d016dc48bd820e17a96425b526d07c,INFO,trying to register non-static key,txEnd,INFO: trying to register non-static key in txEnd,long-term-18-MAR-2025,15,0,
rand-preempt-sect_rw,4,695231c84d74f6da1c4a1bd0ce04c22aa6f8d7ab,WARNING,,dbAdjTree,WARNING in dbAdjTree,long-term-18-MAR-2025,11,0,
rand-preempt-sect_rw,4,da2b0ecf4b0f2b007b88bfc1fc80215194afa72b,OTHER,possible deadlock,smc_vlan_by_tcpsk,possible deadlock in smc_vlan_by_tcpsk,long-term-18-MAR-2025,22,0,-6
rand-preempt-sect_rw,4,3dfede572f0a9ba62b071437854504014a100de9,KASAN,null-ptr-deref Read,drop_buffers,KASAN: null-ptr-deref Read in drop_buffers,long-term-18-MAR-2025,2,0,
rand-preempt-sect_rw,4,f70bebeecc3796ad2ec0013777236ce585ed9616,INFO,rcu detected stall,sys_clock_nanosleep,INFO: rcu detected stall in sys_clock_nanosleep,long-term-18-MAR-2025,2,0,
rand-preempt-sect_rw,4,8210ac00ca5f0c4ddeafdf60c76983a7901f9d40,WARNING,,udf_truncate_extents,WARNING in udf_truncate_extents,long-term-18-MAR-2025,11,0,-8
rand-preempt-sect_rw,4,7018765989f8fc1ff705c44b3de4ebe3e64ca7d0,OTHER,kernel BUG,__hfsplus_setxattr,kernel BUG in __hfsplus_setxattr,long-term-18-MAR-2025,47,0,
rand-preempt-sect_rw,4,1e63ac96a36533feb6f19e4c1f4404642a6253f2,WARNING,,cm109_urb_irq_callback/usb_submit_urb,WARNING in cm109_urb_irq_callback/usb_submit_urb,long-term-18-MAR-2025,16,0,
rand-preempt-sect_rw,4,57168b95c199cdbf6b106278701e80c55cc9b1d8,KASAN,slab-use-after-free Read,__ext4_check_dir_entry,KASAN: slab-use-after-free Read in __ext4_check_dir_entry,long-term-18-MAR-2025,2,0,-2
rand-preempt-sect_rw,4,1f8b31b7c1ce3dbaf9b506bdfbdb1e798e3351f3,KASAN,slab-out-of-bounds Read,hfsplus_bnode_read,KASAN: slab-out-of-bounds Read in hfsplus_bnode_read,long-term-18-MAR-2025,21,0,
rand-preempt-sect_rw,4,6a7caeb00acf3a074fc4dcddf18d981261caedfe,OTHER,kernel BUG,ocfs2_iget,kernel BUG in ocfs2_iget,long-term-18-MAR-2025,3,0,
rand-preempt-sect_rw,4,05ec8f6e5ad443b62e132910e692ab09b877d1be,OTHER,possible deadlock,ocfs2_reserve_suballoc_bits,possible deadlock in ocfs2_reserve_suballoc_bits,long-term-18-MAR-2025,10,0,-6
rand-preempt-sect_rw,4,348e8be3a4520ea63bc79c164db119d808fa2671,OTHER,possible deadlock,gtp_encap_enable_socket,possible deadlock in gtp_encap_enable_socket,long-term-18-MAR-2025,1,0,
rand-preempt-sect_rw,4,03417db7a3c098168a45373b396cebc27a84fca3,OTHER,possible deadlock,diFree,possible deadlock in diFree,long-term-18-MAR-2025,3,0,
rand-preempt-sect_rw,4,b7ddfee12a2ceb39bf0b9d93aadb184015cdfd56,KASAN,slab-use-after-free Read,gfs2_invalidate_folio,KASAN: slab-use-after-free Read in gfs2_invalidate_folio,long-term-18-MAR-2025,4,0,
rand-preempt-sect_rw,4,a427b1a1c57942ce8be1188fb839cdc86612a586,INFO,rcu detected stall,task_numa_work,INFO: rcu detected stall in task_numa_work,long-term-18-MAR-2025,1,0,
rand-preempt-sect_rw,4,0cd8f19fe96643323fb314030e394a63849589fa,KASAN,slab-out-of-bounds Write,hfsplus_bnode_read,KASAN: slab-out-of-bounds Write in hfsplus_bnode_read,long-term-18-MAR-2025,12,0,
rand-preempt-sect_rw,4,057de8d8fd45c5ae46e83f2daa1599f8d6333330,OTHER,kernel BUG,z3fold_page_migrate,kernel BUG in z3fold_page_migrate,long-term-18-MAR-2025,92,0,
rand-preempt-sect_rw,4,eac717bc8cd1da003a4c1bcc9ccdbfe344214c66,OTHER,general protection fault,lock_sock_nested,general protection fault in lock_sock_nested,long-term-18-MAR-2025,1,0,
rand-preempt-sect_rw,4,7cbb8a66a79c83d5e96c8aad6b16d5791f738c74,INFO,task hung,nbd_ioctl,INFO: task hung in nbd_ioctl,long-term-18-MAR-2025,3,0,
rand-preempt-sect_rw,4,98bd8177343c9d12940786b2b3bf5eed1dd1deaa,WARNING,,drm_gem_prime_fd_to_handle,WARNING in drm_gem_prime_fd_to_handle,long-term-18-MAR-2025,1,0,
rand-preempt-sect_rw,4,36ee3cf62760d3dd70abb165b5f4c44efc22ef17,WARNING,,mark_buffer_dirty,WARNING in mark_buffer_dirty,long-term-18-MAR-2025,13,0,
rand-preempt-sect_rw,4,f48cc881b60886898c7e47830174497c7718d0a3,WARNING,,media_create_pad_link,WARNING in media_create_pad_link,long-term-18-MAR-2025,36,0,
rand-preempt-sect_rw,4,f9335fdc6d0ca3299962ff1546b31db0de911537,OTHER,possible deadlock,hfsplus_file_extend,possible deadlock in hfsplus_file_extend,long-term-18-MAR-2025,4,0,-2
rand-preempt-sect_rw,4,bd9987deb87e406269fc3d93d322fbb15e327078,KASAN,null-ptr-deref Read,txBeginAnon,KASAN: null-ptr-deref Read in txBeginAnon,long-term-18-MAR-2025,1,1,
rand-preempt-sect_rw,4,b2ccd33bcfee6a3d6b06e567a4693190497a42e8,OTHER,kernel BUG,dbFindBits,kernel BUG in dbFindBits,long-term-18-MAR-2025,14,0,
rand-preempt-sect_rw,4,9cbc1f44302d358ba6b4160ab66300fe96ece29c,INFO,rcu detected stall,security_file_ioctl,INFO: rcu detected stall in security_file_ioctl,long-term-18-MAR-2025,1,0,
rand-preempt-sect_rw,4,d83247065b9ee0be2f68ec4874d1c93fe9ffe4fc,INFO,rcu detected stall,sys_newfstatat,INFO: rcu detected stall in sys_newfstatat,long-term-18-MAR-2025,1,0,
rand-preempt-sect_rw,4,09b03f54ccac813d5bd1c3d1b8e5d22bf942a5c5,KASAN,use-after-free Read,__ocfs2_flush_truncate_log,KASAN: use-after-free Read in __ocfs2_flush_truncate_log,long-term-18-MAR-2025,1,0,
rand-preempt-sect_rw,4,d9c7ebaef2a5695099252ae2762d4376ed7b12a1,INFO,task hung,hfs_mdb_commit,INFO: task hung in hfs_mdb_commit,long-term-18-MAR-2025,1,0,
rand-preempt-sect_rw,4,ffe28009af84c0b9beb49b6baf72fe0029fcaff2,KASAN,slab-out-of-bounds Read,dtSearch,KASAN: slab-out-of-bounds Read in dtSearch,long-term-18-MAR-2025,7,0,
rand-preempt-sect_rw,4,fb69b49cf9e00866c3f45870b27d2922707a1cb2,KASAN,slab-out-of-bounds Read,__ocfs2_find_path,KASAN: slab-out-of-bounds Read in __ocfs2_find_path,long-term-18-MAR-2025,4,0,
rand-preempt-sect_rw,4,8546dc410d85396686da530b87c99653735421b3,OTHER,kernel BUG,txUnlock,kernel BUG in txUnlock,long-term-18-MAR-2025,21,0,
rand-preempt-sect_rw,4,24a99802efd975e76f9822c2a9e45876a00d5784,OTHER,general protection fault,hfs_find_init,general protection fault in hfs_find_init,long-term-18-MAR-2025,19,0,
rand-preempt-sect_rw,4,5ae658b426e79e1899d93673d06b4377b70d57c5,WARNING,,amradio_send_cmd/usb_submit_urb,WARNING in amradio_send_cmd/usb_submit_urb,long-term-18-MAR-2025,24,0,
rand-preempt-sect_rw,4,40e12d12cb3785d16de5fcf71c9b99ce79ff831c,INFO,task hung,addrconf_dad_work,INFO: task hung in addrconf_dad_work,long-term-18-MAR-2025,1,0,
rand-preempt-sect_rw,4,e0a2d3acf588fe830c86b2bcba1bfb0e306c060a,WARNING,,minstrel_ht_update_caps,WARNING in minstrel_ht_update_caps,long-term-18-MAR-2025,6,0,
rand-preempt-sect_rw,4,7ae2e9c25ee75e92bec28c2628d796b8b41f3e8f,OTHER,possible deadlock,hfsplus_block_free,possible deadlock in hfsplus_block_free,long-term-18-MAR-2025,4,1,-10
rand-preempt-sect_rw,4,dac17913a5b5246a1d1bd6734441801e03ce2b6d,BUG,stack guard page was hit,corrupted,BUG: stack guard page was hit in corrupted,long-term-18-MAR-2025,100,0,-8
rand-preempt-sect_rw,4,12fb05921a96107ad88db8ad8d45ea6dd902ae0c,WARNING,,__brelse,WARNING in __brelse,long-term-18-MAR-2025,2,0,
rand-preempt-sect_rw,4,a200854dba0c559d34b0fb6efef5168496d1f570,INFO,rcu detected stall,syscall_exit_to_user_mode,INFO: rcu detected stall in syscall_exit_to_user_mode,long-term-18-MAR-2025,3,0,
rand-preempt-sect_rw,4,f5e68e16341d8bc960cd76ec3509b3e7a0f58dff,SYZFATAL,,,SYZFATAL: executor NUM failed NUM times: executor NUM: failed to write control pipe: write |NUM: broken pipe,long-term-18-MAR-2025,3,0,-4
rand-preempt-sect_rw,4,4b6f8bd3ff627b858f545a1a88595e4e86c4d009,INFO,rcu detected stall,worker_thread,INFO: rcu detected stall in worker_thread,long-term-18-MAR-2025,18,0,
rand-preempt-sect_rw,4,d332decbac2ad114d77751201cf487b17ea7477f,OTHER,possible deadlock,do_ip_setsockopt,possible deadlock in do_ip_setsockopt,long-term-18-MAR-2025,3,0,-1
rand-preempt-sect_rw,4,e2b3fe0ad343f0e1bf2b1f01d046a67d92dc0893,OTHER,possible deadlock,__bpf_ringbuf_reserve,possible deadlock in __bpf_ringbuf_reserve,long-term-18-MAR-2025,1,0,
rand-preempt-sect_rw,4,d5640d0f24ec0060eadcde67e44bc859a53c77b7,INFO,rcu detected stall,tc_modify_qdisc,INFO: rcu detected stall in tc_modify_qdisc,long-term-18-MAR-2025,17,0,
rand-preempt-sect_rw,4,4b4252ed51090893cb4e2d93b1a7ea6ff6cc770a,KASAN,use-after-free Read,__ext4_check_dir_entry,KASAN: use-after-free Read in __ext4_check_dir_entry,long-term-18-MAR-2025,2,0,
rand-preempt-sect_rw,4,636daca53c61ab3f01e8c4398a8bd1e1241b9093,KASAN,use-after-free Read,sysv_new_block,KASAN: use-after-free Read in sysv_new_block,long-term-18-MAR-2025,21,0,-1
rand-preempt-sect_rw,4,4eb0cedf4c4f813ff6f95bd44194837bb8e40360,OTHER,possible deadlock,team_del_slave,possible deadlock in team_del_slave,long-term-18-MAR-2025,6,0,-2
rand-preempt-sect_rw,4,e74317d10078526e43526ca1f587ee1b5d4f44f5,WARNING,,__cfg80211_ibss_joined,WARNING in __cfg80211_ibss_joined,long-term-18-MAR-2025,1,0,
rand-preempt-sect_rw,4,daa0f83ef631775e0e3ccbbf8cd4eab33fb10764,INFO,task hung,uevent_show,INFO: task hung in uevent_show,long-term-18-MAR-2025,1,1,
rand-preempt-sect_rw,4,d482f6ef0b8d8eba7847b21bacd7989150078dcd,OTHER,kernel BUG,ext4_write_inline_data,kernel BUG in ext4_write_inline_data,long-term-18-MAR-2025,4,0,
rand-preempt-sect_rw,4,21d8e5954961f9a47054605e9e4ac616ace7b8d4,KASAN,slab-use-after-free Read,sysv_new_block,KASAN: slab-use-after-free Read in sysv_new_block,long-term-18-MAR-2025,1,0,
rand-preempt-sect_rw,4,327e4d4aa7741aa1034058cb4db0227a4fa34bc3,INFO,rcu detected stall,sys_futex,INFO: rcu detected stall in sys_futex,long-term-18-MAR-2025,1,0,
rand-preempt-sect_rw,4,b22fe79221a35ac6556b13c4435facbda5f236c9,OTHER,,,go runtime error,long-term-18-MAR-2025,2,0,
rand-preempt-sect_rw,3,e162a14486b7fa92c447c9877290d98f15de6126,WARNING,,__btrfs_free_extent,WARNING in __btrfs_free_extent,long-term-18-MAR-2025,4,0,
rand-preempt-sect_rw,3,80cca76d88cb4da525ca17f66228ddf1e34b7d69,KASAN,use-after-free Read,post_alloc_hook,KASAN: use-after-free Read in post_alloc_hook,long-term-18-MAR-2025,4,0,
rand-preempt-sect_rw,3,78c0bcefdfcbad9a237a58a859bb44e10a06007d,OTHER,general protection fault,do_pagemap_cmd,general protection fault in do_pagemap_cmd,long-term-18-MAR-2025,4,0,
rand-preempt-sect_rw,3,940a6e3e4f852aa8ddc5ff36dc67cdb84dc1e8bc,WARNING,,ath6kl_bmi_get_target_info,WARNING in ath6kl_bmi_get_target_info,long-term-18-MAR-2025,5,0,
rand-preempt-sect_rw,3,afcca8abda4a8ae1eab5c7ed21368c0187640b34,OTHER,possible deadlock,mi_read,possible deadlock in mi_read,long-term-18-MAR-2025,3,0,-1
rand-preempt-sect_rw,3,10aee77ff93a1e88f3e4748eebcd94c9b30aae67,KASAN,slab-out-of-bounds Write,hfs_bnode_read,KASAN: slab-out-of-bounds Write in hfs_bnode_read,long-term-18-MAR-2025,12,0,-2
rand-preempt-sect_rw,3,df215d146ee8261184cc7fb81b48eb3e5a3dea15,UBSAN,shift-out-of-bounds,dbFindBits,UBSAN: shift-out-of-bounds in dbFindBits,long-term-18-MAR-2025,1,0,
rand-preempt-sect_rw,3,9120bb53f5cd3797490dd0ce6f659bf0c76220d8,INFO,rcu detected stall,file_free,INFO: rcu detected stall in file_free,long-term-18-MAR-2025,1,0,
rand-preempt-sect_rw,3,c0ec2c9460595243a4c6450cd300e51590031107,WARNING,suspicious RCU usage,dev_deactivate_queue,WARNING: suspicious RCU usage in dev_deactivate_queue,long-term-18-MAR-2025,2,0,
rand-preempt-sect_rw,3,c0addd8b0397a51f224ad9144c7297df34762181,INFO,rcu detected stall,sys_clock_adjtime,INFO: rcu detected stall in sys_clock_adjtime,long-term-18-MAR-2025,13,0,
rand-preempt-sect_rw,3,6293a0342e78a6b79c36542217a04b6c97c27769,KASAN,slab-use-after-free Read,dtSearch,KASAN: slab-use-after-free Read in dtSearch,long-term-18-MAR-2025,1,0,
rand-preempt-sect_rw,3,b5142367e6f72d354001de3ba02ceca0426a300b,INFO,rcu detected stall,sys_unlinkat,INFO: rcu detected stall in sys_unlinkat,long-term-18-MAR-2025,1,0,
rand-preempt-sect_rw,3,e9f5b11984c54cecb386b92bb20c76d5d003719f,OTHER,,,no output from test machine,long-term-18-MAR-2025,0,0,
rand-preempt-sect_rw,3,8a1638229db60175d7fa5e570f8e450a1b567a94,WARNING,,ieee80211_start_next_roc,WARNING in ieee80211_start_next_roc,long-term-18-MAR-2025,2,0,
rand-preempt-sect_rw,3,e3e200d98a1670d2a2c0dc5a00f2a27a5fa38a77,INFO,rcu detected stall,schedule_tail,INFO: rcu detected stall in schedule_tail,long-term-18-MAR-2025,1,0,
rand-preempt-sect_rw,3,55993dff4f027c4739dbe23c44fb23013e6b3612,INFO,task hung,rfkill_global_led_trigger_worker,INFO: task hung in rfkill_global_led_trigger_worker,long-term-18-MAR-2025,6,0,-15
rand-preempt-sect_rw,3,b374624f5a343655153337ff53e38702f1bca05e,WARNING,locking bug,kvm_xen_set_evtchn_fast,WARNING: locking bug in kvm_xen_set_evtchn_fast,long-term-18-MAR-2025,1,2,-259
rand-preempt-sect_rw,3,ede7206a46cd4f0524fec87eb20b584433dc428a,BUG,unable to handle kernel NULL pointer dereference,generic_perform_write,BUG: unable to handle kernel NULL pointer dereference in generic_perform_write,long-term-18-MAR-2025,3,0,
rand-preempt-sect_rw,3,910e3195261654c617977513fc7cef18d9dde9bd,WARNING,,format_decode,WARNING in format_decode,long-term-18-MAR-2025,29,0,-5
rand-preempt-sect_rw,3,38c04de193e19029c50238bec4ac6f9de2e7fe44,OTHER,possible deadlock,uinput_request_submit,possible deadlock in uinput_request_submit,long-term-18-MAR-2025,2,0,-10
rand-preempt-sect_rw,3,6fe82abb6044933681b9787680ee4a92ac94fa79,KASAN,vmalloc-out-of-bounds Write,vrealloc_noprof,KASAN: vmalloc-out-of-bounds Write in vrealloc_noprof,long-term-18-MAR-2025,4,0,
rand-preempt-sect_rw,3,e44f9133d5d101caa7d9d5fc9974a77d7462b95f,WARNING,,udf_setsize,WARNING in udf_setsize,long-term-18-MAR-2025,1,1,
rand-preempt-sect_rw,3,348d04fcf145bb6b19c1097d130b6f8402a811b1,INFO,rcu detected stall,kcompactd,INFO: rcu detected stall in kcompactd,long-term-18-MAR-2025,1,0,
rand-preempt-sect_rw,3,14692319382598dac4dee0cca30dcdf451cb5eb7,WARNING,,rate_control_rate_init,WARNING in rate_control_rate_init,long-term-18-MAR-2025,20,0,
rand-preempt-sect_rw,3,3e2a1759d5435eaceffbb63b34ef8c16e524e1c1,BUG,sleeping function called from invalid context,lock_sock_nested,BUG: sleeping function called from invalid context in lock_sock_nested,long-term-18-MAR-2025,11,0,-3
rand-preempt-sect_rw,3,5bb32f20e84c99708f7fb1fb4d0aea11af9cf855,WARNING,,inode_set_cached_link,WARNING in inode_set_cached_link,long-term-18-MAR-2025,2,0,
rand-preempt-sect_rw,3,84199872ab6d3ddf70865d187e5aaa4baeb47c65,WARNING,,rfc2863_policy,WARNING in rfc2863_policy,long-term-18-MAR-2025,2,0,
rand-preempt-sect_rw,3,4d29c05a745169575292085f4324f8fc89f0c326,OTHER,kernel BUG,jfs_evict_inode,kernel BUG in jfs_evict_inode,long-term-18-MAR-2025,22,0,-3
rand-preempt-sect_rw,3,062ff284ba014a69851c4aea42e2d5e0fe6f252a,INFO,task hung,rfkill_fop_write,INFO: task hung in rfkill_fop_write,long-term-18-MAR-2025,2,0,
rand-preempt-sect_rw,3,5895379d1c8abffccdab30e6eb78c2677e98e219,WARNING,,delayed_free,WARNING in delayed_free,long-term-18-MAR-2025,1,0,
rand-preempt-sect_rw,3,10c71e2fbe78a0a82a0ef1e682ebcb2b6df94db6,WARNING,,btrfs_run_delayed_refs,WARNING in btrfs_run_delayed_refs,long-term-18-MAR-2025,1,0,
rand-preempt-sect_rw,3,7e2678177c8144a3743a984ba103bdeffd8ca9fa,WARNING,,btrfs_relocate_block_group,WARNING in btrfs_relocate_block_group,long-term-18-MAR-2025,1,0,
rand-preempt-sect_rw,3,9c7d0c78815f7f407102b63d07ed649359f3b8bb,OTHER,possible deadlock,smc_switch_to_fallback,possible deadlock in smc_switch_to_fallback,long-term-18-MAR-2025,5,0,-32
rand-preempt-sect_rw,3,888c0f7f9e50a51d048bb9ab854b76d4759ba556,OTHER,kernel BUG,ocfs2_write_block,kernel BUG in ocfs2_write_block,long-term-18-MAR-2025,4,0,
rand-preempt-sect_rw,3,4c7f3321d8f5dea39da49fc06a7b6f8b8592ebeb,OTHER,possible deadlock,hsr_dev_xmit,possible deadlock in hsr_dev_xmit,long-term-18-MAR-2025,4,0,
rand-preempt-sect_rw,3,8fc1d5a78be6058cda596483f144cf076c9aa572,INFO,rcu detected stall,dput,INFO: rcu detected stall in dput,long-term-18-MAR-2025,2,0,
rand-preempt-sect_rw,3,2a688f1295824561ed7dd2ebee0af337647603ef,WARNING,,inode_to_wb,WARNING in inode_to_wb,long-term-18-MAR-2025,100,0,-1
rand-preempt-sect_rw,3,51cc94811ebd073cf5874f118692256ef1eadf90,INFO,rcu detected stall,x64_sys_call,INFO: rcu detected stall in x64_sys_call,long-term-18-MAR-2025,1,0,
rand-preempt-sect_rw,3,60ad8d414403ea4de9c4123f1083aaf380e8705a,WARNING,,btrfs_get_root_ref,WARNING in btrfs_get_root_ref,long-term-18-MAR-2025,1,0,
rand-preempt-sect_rw,3,cf1828f4f7cddf8f5e3f9f01be66e00c7044de90,INFO,rcu detected stall,sys_openat,INFO: rcu detected stall in sys_openat,long-term-18-MAR-2025,7,0,
rand-preempt-sect_rw,3,4d43edefe43dc89161dd7655b29f662f04b5f2cc,OTHER,possible deadlock,hfs_find_init,possible deadlock in hfs_find_init,long-term-18-MAR-2025,22,0,-1
rand-preempt-sect_rw,3,670153e888f4e124a9c42b6e5d582c0f0872ec86,INFO,rcu detected stall,rtnl_newlink,INFO: rcu detected stall in rtnl_newlink,long-term-18-MAR-2025,2,0,
rand-preempt-sect_rw,3,afd75899ce257f0020e9d9c47e3ae3fe04a8b7dd,OTHER,general protection fault,hfsplus_rename_cat,general protection fault in hfsplus_rename_cat,long-term-18-MAR-2025,8,0,-1
rand-preempt-sect_rw,3,fc92a3d48f65988af59ad25d6bb9efc5b7e0564c,WARNING,,__invalidate_bh_lrus,WARNING in __invalidate_bh_lrus,long-term-18-MAR-2025,24,0,
rand-preempt-sect_rw,3,b5512ac226cc5d45fb1cd04937c674c0465d5084,INFO,rcu detected stall,br_handle_frame,INFO: rcu detected stall in br_handle_frame,long-term-18-MAR-2025,1,1,
rand-preempt-sect_rw,3,d8be63074701bec1ae41d54340c12eab439652fb,WARNING,,usb_free_urb,WARNING in usb_free_urb,long-term-18-MAR-2025,2,0,
rand-preempt-sect_rw,3,81faef6ce66f2f63d7030f143c557fb3ceb76a36,BUG,,,"BUG: ""hc->tx_t_ipi == NUM"" holds (exception!) at net/dccp/ccids/ccid3.c:LINE/ccid3_update_send_interval()",long-term-18-MAR-2025,1,2,-1
rand-preempt-sect_rw,3,29aec000cb9c27993a3ad3ea6f881262fafccd4b,UBSAN,shift-out-of-bounds,dbSplit,UBSAN: shift-out-of-bounds in dbSplit,long-term-18-MAR-2025,5,0,
rand-preempt-sect_rw,3,4f7ccbaf7b7bf9f62ba80a9a30f1094ecc656cd0,OTHER,kernel BUG,txEnd,kernel BUG in txEnd,long-term-18-MAR-2025,2,0,
rand-preempt-sect_rw,3,a452f0e64788cc908f0eebdc7cdf2c97d97d3c3b,INFO,task hung,lookup_slow,INFO: task hung in lookup_slow,long-term-18-MAR-2025,3,0,
rand-preempt-sect_rw,3,416fc16dc61e88df48b8990e74bd866199c4f53a,WARNING,,__rate_control_send_low,WARNING in __rate_control_send_low,long-term-18-MAR-2025,4,0,
rand-preempt-sect_rw,3,d55cddbfbe70446f2d66df758e7e93c285e69db9,WARNING,,call_timer_fn,WARNING in call_timer_fn,long-term-18-MAR-2025,6,0,
rand-preempt-sect_rw,3,1d9bb5d25d509bfa2a7dd17a2add36a0762765ac,BUG,,,"BUG: please report to dccp@vger.kernel.org => prev = NUM, last = NUM at net/dccp/ccids/lib/packet_history.c:LINE/tfrc_rx",long-term-18-MAR-2025,8,0,
rand-preempt-sect_rw,3,c94af3358dab4acd9bfcbc1e95a9eaa497e4ad3b,INFO,task hung,bpf_struct_ops_map_free,INFO: task hung in bpf_struct_ops_map_free,long-term-18-MAR-2025,1,0,
rand-preempt-sect_rw,3,107d4fad6be90805aa165afb3d9b4181c1605ce1,INFO,rcu detected stall,do_idle,INFO: rcu detected stall in do_idle,long-term-18-MAR-2025,14,0,-1
rand-preempt-sect_rw,3,179a9967436fa2758e6d159659d92503eae680ef,OTHER,kernel BUG,corrupted,kernel BUG in corrupted,long-term-18-MAR-2025,1,0,
rand-preempt-sect_rw,3,82452223a9d5475e89cd85d4db53932ea7ffbb57,KASAN,wild-memory-access Read,hfsplus_bnode_read,KASAN: wild-memory-access Read in hfsplus_bnode_read,long-term-18-MAR-2025,3,0,
rand-preempt-sect_rw,3,717f2a442c2ec31e6880fa8ad81443a56fc4fbed,OTHER,kernel BUG,txAbort,kernel BUG in txAbort,long-term-18-MAR-2025,1,0,
rand-preempt-sect_rw,3,59bad2e4e0e8758ddd7a8b2d9a7db7761f18597d,OTHER,kernel BUG,ocfs2_claim_suballoc_bits,kernel BUG in ocfs2_claim_suballoc_bits,long-term-18-MAR-2025,5,0,
rand-preempt-sect_rw,3,7214aa7d762fab9b78cf0384c36ff62783f904b8,INFO,rcu detected stall,smp_call_function,INFO: rcu detected stall in smp_call_function,long-term-18-MAR-2025,4,0,
rand-preempt-sect_rw,3,3474b4f1e6a694d78abe6e53923207efeee5eb46,INFO,task hung,synchronize_rcu,INFO: task hung in synchronize_rcu,long-term-18-MAR-2025,1,0,
rand-preempt-sect_rw,3,ea4d67102192dd472eea34d5b1959e76105d9461,KASAN,slab-use-after-free Read,drm_atomic_helper_wait_for_vblanks,KASAN: slab-use-after-free Read in drm_atomic_helper_wait_for_vblanks,long-term-18-MAR-2025,2,0,
rand-preempt-sect_rw,3,96c447fce9cab7899e95a08f52a4c45da0691d56,WARNING,,__ieee80211_beacon_get,WARNING in __ieee80211_beacon_get,long-term-18-MAR-2025,14,0,-2
rand-preempt-sect_rw,3,d500366678f2a2b2ed69324bbfaf20ac43631c72,OTHER,possible deadlock,console_flush_all,possible deadlock in console_flush_all,long-term-18-MAR-2025,1,0,
rand-preempt-sect_rw,3,d3352a10231ea5c95eb5876ebf50e3601e86b547,WARNING,,btrfs_commit_transaction,WARNING in btrfs_commit_transaction,long-term-18-MAR-2025,1,0,
rand-preempt-sect_rw,3,89b3b67efdd299d6754b6f7d8f626f085a42808b,OTHER,kernel BUG,jffs2_del_ino_cache,kernel BUG in jffs2_del_ino_cache,long-term-18-MAR-2025,7,0,-2
rand-preempt-sect_rw,3,a5151f2aa840fe7bc90c672c803890cf4bc95b13,INFO,rcu detected stall,kswapd,INFO: rcu detected stall in kswapd,long-term-18-MAR-2025,3,0,
rand-preempt-sect_rw,3,7154156a9841df26dd0871d79ccab7324d3c5044,KASAN,slab-use-after-free Read,hdm_disconnect,KASAN: slab-use-after-free Read in hdm_disconnect,long-term-18-MAR-2025,5,0,
rand-preempt-sect_rw,3,8bd6ce2aa45015d172842a95078548c02af0d38c,INFO,rcu detected stall,__virt_addr_valid,INFO: rcu detected stall in __virt_addr_valid,long-term-18-MAR-2025,1,0,
rand-preempt-sect_rw,3,cae0c49cb8a02ebed9b30518fd78ecaf184ce0d9,KASAN,use-after-free Write,ext4_insert_dentry,KASAN: use-after-free Write in ext4_insert_dentry,long-term-18-MAR-2025,7,0,
rand-preempt-sect_rw,3,bd13438de068333c8c0bc186aa351913f11ff0c8,OTHER,possible deadlock,ntfs_look_for_free_space,possible deadlock in ntfs_look_for_free_space,long-term-18-MAR-2025,1,2,-3
rand-preempt-sect_rw,3,bd11136f01547d97986820803dd814774f5e80c1,WARNING,,__udf_add_aext,WARNING in __udf_add_aext,long-term-18-MAR-2025,6,0,
rand-preempt-sect_rw,3,6c01a324911451b89f168a51cc535a981fef28bd,OTHER,general protection fault,bfs_get_block,general protection fault in bfs_get_block,long-term-18-MAR-2025,6,0,
rand-preempt-sect_rw,3,f4642016ab2fd7e2e7d5365c74eb27af6417b2d5,KASAN,use-after-free Read,ocfs2_claim_suballoc_bits,KASAN: use-after-free Read in ocfs2_claim_suballoc_bits,long-term-18-MAR-2025,1,0,
rand-preempt-sect_rw,3,733343303fca2ceb29ab47d7e2a5c230a0c592d6,WARNING,,vkms_get_vblank_timestamp,WARNING in vkms_get_vblank_timestamp,long-term-18-MAR-2025,1,0,
rand-preempt-sect_rw,3,ca855d2571f6d9c8a8fd9f0ee1b79d91b2747a0b,OTHER,kernel BUG,ocfs2_write_cluster_by_desc,kernel BUG in ocfs2_write_cluster_by_desc,long-term-18-MAR-2025,1,0,
rand-preempt-sect_rw,3,8c61c462c66668d7fe521d844360c58207a40dd9,WARNING,,pvr2_send_request_ex/usb_submit_urb,WARNING in pvr2_send_request_ex/usb_submit_urb,long-term-18-MAR-2025,6,0,
rand-preempt-sect_rw,3,5e7ac63ebdfb8e33254bd15242adb4b27ef36e84,OTHER,possible deadlock,sock_set_reuseaddr,possible deadlock in sock_set_reuseaddr,long-term-18-MAR-2025,1,0,
rand-preempt-sect_rw,3,7182ae311b03985023fb1ba76940fd5617cae6d8,WARNING,,netfs_writepages,WARNING in netfs_writepages,long-term-18-MAR-2025,1,0,
rand-preempt-sect_rw,3,8066f026209a5e9f01cec86e629b05f8bae3a9e5,KASAN,use-after-free Read,__ocfs2_find_path,KASAN: use-after-free Read in __ocfs2_find_path,long-term-18-MAR-2025,9,0,
rand-preempt-sect_rw,3,cd1f4d10aeccd425f032ef8307ca2a72d86c67b8,INFO,task hung,lock_metapage,INFO: task hung in lock_metapage,long-term-18-MAR-2025,1,0,
rand-preempt-sect_rw,3,b8cd92c1478d22bf00f49d211bf24287a812a0e0,INFO,task hung,bdev_release,INFO: task hung in bdev_release,long-term-18-MAR-2025,6,0,
rand-preempt-sect_rw,3,f5a259f85d42c3c72cf17ef817a151c8f215a51b,OTHER,general protection fault,jfs_flush_journal,general protection fault in jfs_flush_journal,long-term-18-MAR-2025,4,0,
rand-preempt-sect_rw,3,f7413896ad4af6003ae85c8b1e9ab706c1b3eafc,INFO,rcu detected stall,sys_clone,INFO: rcu detected stall in sys_clone,long-term-18-MAR-2025,1,0,
rand-preempt-sect_rw,3,518f9409bd34d7d8e7f25c6d19f2306bf745e274,OTHER,kernel BUG,__ext4_journal_stop,kernel BUG in __ext4_journal_stop,long-term-18-MAR-2025,4,0,
rand-preempt-sect_rw,3,fc2733d2cd6cf20337fdfa85857fe92acc4e67e1,WARNING,,bcm5974_start_traffic/usb_submit_urb,WARNING in bcm5974_start_traffic/usb_submit_urb,long-term-18-MAR-2025,16,0,
rand-preempt-sect_rw,3,6841b09f10883829d2fec742d938c431c8441375,OTHER,possible deadlock,hfs_extend_file,possible deadlock in hfs_extend_file,long-term-18-MAR-2025,1,0,
rand-preempt-sect_rw,3,5e825254fe8b706c3055380f64e655d635c5b449,WARNING,,hci_conn_timeout,WARNING in hci_conn_timeout,long-term-18-MAR-2025,1,0,
rand-preempt-sect_rw,3,c991ea08384dcae5e17c3575fd230a3ad42c084c,OTHER,possible deadlock,attr_data_get_block,possible deadlock in attr_data_get_block,long-term-18-MAR-2025,2,1,-1
rand-preempt-sect_rw,3,cf239e947e8ee82f53f98768040835fc4f8f050c,INFO,rcu detected stall,sys_clock_settime,INFO: rcu detected stall in sys_clock_settime,long-term-18-MAR-2025,2,0,
rand-preempt-sect_rw,3,7e1a8fa5c0fbbd45eb5476b74a89c66d6cbef960,WARNING,,plfxlc_mac_release,WARNING in plfxlc_mac_release,long-term-18-MAR-2025,1,0,
rand-preempt-sect_rw,3,d027818df46bc1ecda09916eaeed5bd6798095b6,WARNING,,drop_nlink,WARNING in drop_nlink,long-term-18-MAR-2025,7,0,
rand-preempt-sect_rw,3,f223e9afc7a46528d132e137faca685e6144125e,KASAN,slab-use-after-free Write,sco_conn_put,KASAN: slab-use-after-free Write in sco_conn_put,long-term-18-MAR-2025,1,1,
rand-preempt-sect_rw,3,c8a24c42ab318046943779327b5e06f8134a445f,KASAN,user-memory-access Write,__destroy_inode,KASAN: user-memory-access Write in __destroy_inode,long-term-18-MAR-2025,4,0,
rand-preempt-sect_rw,3,1bd6c550a6c1d7dd92daba50c290b8fc598ff6ce,INFO,task hung,bdev_open,INFO: task hung in bdev_open,long-term-18-MAR-2025,1,0,
rand-preempt-sect_rw,3,717032a22f7c66339ad18aa5c7100ebd76ad1ea7,WARNING,,hfs_bnode_create,WARNING in hfs_bnode_create,long-term-18-MAR-2025,20,0,-4
rand-preempt-sect_rw,3,97e0d20f223297a2bc0f41e08337da9ac9b59ec2,INFO,rcu detected stall,__run_timer_base,INFO: rcu detected stall in __run_timer_base,long-term-18-MAR-2025,1,0,
rand-preempt-sect_rw,3,143189e89dcd5e8dc7e14dd0755b3fd525128031,BUG,,,BUG: Bad page state,long-term-18-MAR-2025,1,0,
rand-preempt-sect_rw,3,236682dc9e4ebd8581e72868857ce86280630cb5,OTHER,possible deadlock,hfsplus_find_init,possible deadlock in hfsplus_find_init,long-term-18-MAR-2025,28,0,-2
rand-preempt-sect_rw,3,f0103263cb3fd782f36b0dda7a6dc64ec8c8ed1a,OTHER,possible deadlock,loop_set_status,possible deadlock in loop_set_status,long-term-18-MAR-2025,1,2,-3
rand-preempt-sect_rw,3,f2e29aff4ec2f00c8e0c3d2d3c5a0e0ba46f8fd1,INFO,rcu detected stall,unwind_get_return_address,INFO: rcu detected stall in unwind_get_return_address,long-term-18-MAR-2025,1,0,
rand-preempt-sect_rw,3,0c236f1d3444dc690faefc668afbc564e5a44184,WARNING,,kernfs_get,WARNING in kernfs_get,long-term-18-MAR-2025,1,0,
rand-preempt-sect_rw,3,4416d9ab8bb60229840cda983551c22c72b5b228,INFO,rcu detected stall,kcov_ioctl,INFO: rcu detected stall in kcov_ioctl,long-term-18-MAR-2025,1,0,
rand-preempt-sect_rw,3,084728785a422eb947a33faad79ca3465e020026,OTHER,possible deadlock,udf_free_blocks,possible deadlock in udf_free_blocks,long-term-18-MAR-2025,3,0,
rand-preempt-sect_rw,3,1eb07be854cc11b560ce1b45e5d0579ca602b368,OTHER,possible deadlock,gup_fast_fallback,possible deadlock in gup_fast_fallback,long-term-18-MAR-2025,2,0,-2
rand-preempt-sect_rw,3,38dec108eee0b492a62d86e6b92d2133e8ab9cc5,KASAN,slab-out-of-bounds Write,diWrite,KASAN: slab-out-of-bounds Write in diWrite,long-term-18-MAR-2025,1,0,
rand-preempt-sect_rw,3,943879683ba99cd7772ff6905d9138f421b695f8,OTHER,kernel BUG,ocfs2_populate_inode,kernel BUG in ocfs2_populate_inode,long-term-18-MAR-2025,2,0,
rand-preempt-sect_rw,3,8fbb22f5f195a09ad026de6f32a3ca62d2243f52,INFO,rcu detected stall,handle_softirqs,INFO: rcu detected stall in handle_softirqs,long-term-18-MAR-2025,3,0,
rand-preempt-sect_rw,3,e1591f5807cca98241c629b5860e9e5e1c358571,WARNING,suspicious RCU usage,get_callchain_entry,WARNING: suspicious RCU usage in get_callchain_entry,long-term-18-MAR-2025,24,0,-3
rand-preempt-sect_rw,3,1a6abe077825183e67b67c3313ea6f99a992fe86,INFO,rcu detected stall,corrupted,INFO: rcu detected stall in corrupted,long-term-18-MAR-2025,58,0,
rand-preempt-sect_rw,3,6bfb19d7f651b70ce0ff4685912f3a524094c474,INFO,task hung,lmLogClose,INFO: task hung in lmLogClose,long-term-18-MAR-2025,6,0,
rand-preempt-sect_rw,3,a7639dcaa0943aa8a9470fbff76d4c40bbd8a3f6,UBSAN,array-index-out-of-bounds,dbAllocBits,UBSAN: array-index-out-of-bounds in dbAllocBits,long-term-18-MAR-2025,3,0,
rand-preempt-sect_rw,3,cfbae8737f6cf1bb119f7a082836ba75e5c23c05,OTHER,kernel BUG,ext4_inline_data_truncate,kernel BUG in ext4_inline_data_truncate,long-term-18-MAR-2025,2,0,
rand-preempt-sect_rw,3,6e93b59ef105750a5e57f891baa0b519c4623683,OTHER,possible deadlock,nr_rt_device_down,possible deadlock in nr_rt_device_down,long-term-18-MAR-2025,1,0,
rand-preempt-sect_rw,3,68807c4df71d721a9215e22ac844e6a5fbc87898,WARNING,,ext4_xattr_inode_lookup_create,WARNING in ext4_xattr_inode_lookup_create,long-term-18-MAR-2025,7,0,
rand-preempt-sect_rw,3,4ecda27d97e590e179a8c967d0b1615224f921fd,WARNING,,reserve_ds_buffers,WARNING in reserve_ds_buffers,long-term-18-MAR-2025,2,0,
rand-preempt-sect_rw,3,ff12148d728e8c4ebaf0d1070b81bce4ae226880,OTHER,kernel BUG,ext4_do_writepages,kernel BUG in ext4_do_writepages,long-term-18-MAR-2025,5,0,
rand-preempt-sect_rw,3,da46f7c0e060fe79bb18f8875d62b8aca72f8caa,INFO,rcu detected stall,seq_read_iter,INFO: rcu detected stall in seq_read_iter,long-term-18-MAR-2025,1,1,
rand-preempt-sect_rw,3,555dea26688fe98056f9732cf38a27c7a116f88f,INFO,rcu detected stall,kernfs_fop_write_iter,INFO: rcu detected stall in kernfs_fop_write_iter,long-term-18-MAR-2025,1,1,
rand-preempt-sect_rw,3,971890fe5480ab913cb6945227ae22f3c822f6ec,INFO,task hung,blkdev_fallocate,INFO: task hung in blkdev_fallocate,long-term-18-MAR-2025,1,0,
rand-preempt-sect_rw,3,0ca68ddf766d66a8dc6f464205a714484d7d56d9,WARNING,,btrfs_release_global_block_rsv,WARNING in btrfs_release_global_block_rsv,long-term-18-MAR-2025,1,0,
rand-preempt-sect_rw,3,bc70a607f7f21da8b849ae8a28aeb3dc3b6637e5,INFO,rcu detected stall,kcov_close,INFO: rcu detected stall in kcov_close,long-term-18-MAR-2025,2,0,
rand-preempt-sect_rw,3,a2b014c9c4cda447ef5f302511344a5162f1e6a5,WARNING,,fanotify_handle_event,WARNING in fanotify_handle_event,long-term-18-MAR-2025,4,0,
rand-preempt-sect_rw,3,64d5cceef5716756190eaab9a1a19771c430b99d,OTHER,kernel BUG,dbFindLeaf,kernel BUG in dbFindLeaf,long-term-18-MAR-2025,9,0,-33
rand-preempt-sect_rw,3,afbcab044ccf826599331b98cefb6e1479387053,UBSAN,array-index-out-of-bounds,dbJoin,UBSAN: array-index-out-of-bounds in dbJoin,long-term-18-MAR-2025,5,0,
rand-preempt-sect_rw,3,76536613b298bb2203cef7c489bb95e2797ed4d2,INFO,rcu detected stall,netlink_recvmsg,INFO: rcu detected stall in netlink_recvmsg,long-term-18-MAR-2025,1,0,
rand-preempt-sect_rw,3,aeea050a3949d1cb446d09f62376df9f95fdb0e6,INFO,task hung,fuse_lookup,INFO: task hung in fuse_lookup,long-term-18-MAR-2025,2,0,
rand-preempt-sect_rw,3,ea55ed6b4d3385d5bd9193ca7cecbb8e9ad4e11d,WARNING,,gfs2_check_blk_type,WARNING in gfs2_check_blk_type,long-term-18-MAR-2025,14,0,
rand-preempt-sect_rw,3,08ce1918854db60a1bbb29e36cb7e5fd8009584b,KASAN,slab-use-after-free Read,sysv_new_inode,KASAN: slab-use-after-free Read in sysv_new_inode,long-term-18-MAR-2025,2,0,
rand-preempt-sect_rw,3,3dcbd1e2079aee55d0f581135e01b287d479999d,KASAN,slab-out-of-bounds Read,hfsplus_uni2asc,KASAN: slab-out-of-bounds Read in hfsplus_uni2asc,long-term-18-MAR-2025,20,0,
rand-preempt-sect_rw,3,d4c9d4f82b2511f8f50f89cfe1db52f0bfd24c57,BUG,corrupted list,add_to_unbuddied,BUG: corrupted list in add_to_unbuddied,long-term-18-MAR-2025,25,0,
rand-preempt-sect_rw,3,4c5fb8eedeca78b3c4fe40bfc05b20601b89508a,KASAN,use-after-free Read,sysv_new_inode,KASAN: use-after-free Read in sysv_new_inode,long-term-18-MAR-2025,45,0,
rand-preempt-sect_rw,3,5751d3475c4df46ed99a3e130bcf4506b2840287,KASAN,out-of-bounds Write,end_buffer_read_sync,KASAN: out-of-bounds Write in end_buffer_read_sync,long-term-18-MAR-2025,1,0,
rand-preempt-sect_rw,3,162dadb50aa733b767be4038d07100f4d62a55bf,KASAN,slab-use-after-free Write,ext4_insert_dentry,KASAN: slab-use-after-free Write in ext4_insert_dentry,long-term-18-MAR-2025,2,0,
rand-preempt-sect_rw,3,d8da3937cd2a93e22e47c45d6042bff5e7af185b,OTHER,general protection fault,__remove_inode_hash,general protection fault in __remove_inode_hash,long-term-18-MAR-2025,3,0,
rand-preempt-sect_rw,3,295c0dc164c3fcf583aa4a873bea301927c81b66,BUG,corrupted list,em28xx_init_extension,BUG: corrupted list in em28xx_init_extension,long-term-18-MAR-2025,2,0,
rand-preempt-sect_rw,3,fb069fec26746cf34d7454f1b9359f3bbbef2b4e,KASAN,vmalloc-out-of-bounds Write,corrupted,KASAN: vmalloc-out-of-bounds Write in corrupted,long-term-18-MAR-2025,3,0,
rand-preempt-sect_rw,3,f428ab75da31ebcca5b34c020e32bccea4784f0a,INFO,rcu detected stall,percpu_ref_put,INFO: rcu detected stall in percpu_ref_put,long-term-18-MAR-2025,1,1,
rand-preempt-sect_rw,3,f2e406ad0add97087eeb1d618c07b79800f1d3a4,OTHER,possible deadlock,__submit_bio,possible deadlock in __submit_bio,long-term-18-MAR-2025,2,2,-9
rand-preempt-sect_rw,3,11d137c334a427322898aa51903aed548ece812d,SYZFATAL,,,SYZFATAL: executor NUM failed NUM times: executor NUM: exit status NUM err exit status NUM,long-term-18-MAR-2025,3,0,
rand-preempt-sect_rw,3,bece6e4d8f0a9435df2c7d954abbcacc85f95d47,WARNING,,inet_sock_destruct,WARNING in inet_sock_destruct,long-term-18-MAR-2025,1,0,
rand-preempt-sect_rw,3,d863adef6130a966a3c3efb67b0d52980adfddb7,KASAN,slab-use-after-free Read,corrupted,KASAN: slab-use-after-free Read in corrupted,long-term-18-MAR-2025,6,0,
rand-preempt-sect_rw,3,df3164214da6cac32904fbc82fde7ef5cef12d88,WARNING,,nft_socket_init,WARNING in nft_socket_init,long-term-18-MAR-2025,1,0,
rand-preempt-sect_rw,3,6d4ed0a139a2460f1d341b0bec84da000ab1e011,OTHER,possible deadlock,ntfs_fiemap,possible deadlock in ntfs_fiemap,long-term-18-MAR-2025,2,0,-1
rand-preempt-sect_rw,3,b45e5d2b8d3e9173d66db2a85028e01954ea36fc,BUG,spinlock bad magic,post_alloc_hook,BUG: spinlock bad magic in post_alloc_hook,long-term-18-MAR-2025,14,0,
rand-preempt-sect_rw,3,0ef19d3af2ee56643d67d934d68895cad6eb6566,OTHER,possible deadlock,hfsplus_get_block,possible deadlock in hfsplus_get_block,long-term-18-MAR-2025,100,0,-32
rand-preempt-sect_rw,3,db2fa1db6c3955512d63b737cce46348c2e42ee7,UBSAN,array-index-out-of-bounds,dtSplitRoot,UBSAN: array-index-out-of-bounds in dtSplitRoot,long-term-18-MAR-2025,2,0,
rand-preempt-sect_rw,3,54ec343f5fa8ecb771acdd49bf649a6ecdc90ad4,OTHER,general protection fault,lmLogSync,general protection fault in lmLogSync,long-term-18-MAR-2025,15,0,-2
rand-preempt-sect_rw,3,8de37934194f7efcdf593e972abf0baec20d58fc,OTHER,possible deadlock,hfsplus_block_allocate,possible deadlock in hfsplus_block_allocate,long-term-18-MAR-2025,4,0,-2
rand-preempt-sect_rw,3,3a4009706c4f01341275ae0f98fc1bff7b1969d6,WARNING,,hfsplus_bnode_create,WARNING in hfsplus_bnode_create,long-term-18-MAR-2025,41,0,
rand-preempt-sect_rw,3,6677a17b99544b44a0a8f505286b3ac5331c6d17,OTHER,possible deadlock,run_unpack_ex,possible deadlock in run_unpack_ex,long-term-18-MAR-2025,3,0,-2
rand-preempt-sect_rw,3,ac5ef2a3eae7b51684767c36424fdb0b6c5df911,KASAN,slab-use-after-free Read,hfsplus_bnode_read,KASAN: slab-use-after-free Read in hfsplus_bnode_read,long-term-18-MAR-2025,1,1,
rand-preempt-sect_rw,3,4acc974a1a2c4cf1eebcb31e4bc86b85a2f5daa8,INFO,task hung,xlog_grant_head_check,INFO: task hung in xlog_grant_head_check,long-term-18-MAR-2025,1,0,
rand-preempt-sect_rw,3,4e6932b799a8dff0d95eec2c99872fba0eb214f7,OTHER,possible deadlock,do_ipv6_setsockopt,possible deadlock in do_ipv6_setsockopt,long-term-18-MAR-2025,2,0,-1
rand-preempt-sect_rw,3,709ea9525d06e8d72f56500f2a6c111324ad92b0,OTHER,possible deadlock,ocfs2_init_acl,possible deadlock in ocfs2_init_acl,long-term-18-MAR-2025,2,0,
rand-preempt-sect_rw,3,fe781548d0a22bdbc3f703fc26dd1c43b0da5914,INFO,task hung,linkwatch_event,INFO: task hung in linkwatch_event,long-term-18-MAR-2025,2,0,
rand-preempt-sect_rw,3,4868348a1ef002b1b4a89d2e9610865ece572f7c,WARNING,,inc_nlink,WARNING in inc_nlink,long-term-18-MAR-2025,10,0,
rand-preempt-sect_rw,3,d9a665b5dc08e6b986842d75a5328cb1804b1c08,WARNING,,tcp_recvmsg_locked,WARNING in tcp_recvmsg_locked,long-term-18-MAR-2025,3,0,
rand-preempt-sect_rw,3,9f7d3bf8f8e1b54b4e2d1f7760f930dffa12cc48,BUG,unable to handle kernel NULL pointer dereference,filemap_read_folio,BUG: unable to handle kernel NULL pointer dereference in filemap_read_folio,long-term-18-MAR-2025,3,0,
rand-preempt-sect_rw,3,13c9ea9c32f744e8ae4dcfdd4bb8dcef1699a092,INFO,rcu detected stall,refill_obj_stock,INFO: rcu detected stall in refill_obj_stock,long-term-18-MAR-2025,1,1,
rand-preempt-sect_rw,3,970eef3a3683b67988d6958a26b5b563294705f0,INFO,rcu detected stall,pipe_read,INFO: rcu detected stall in pipe_read,long-term-18-MAR-2025,1,0,
rand-preempt-sect_rw,3,15fc5f61cd3ac1c8b1f752394c7f7e0cdffe1b8b,OTHER,possible deadlock,ocfs2_try_remove_refcount_tree,possible deadlock in ocfs2_try_remove_refcount_tree,long-term-18-MAR-2025,51,0,-11
rand-preempt-sect_rw,3,11c72fb0c41e6b208e32c1369ba053b160a4e890,OTHER,kernel BUG,_ocfs2_free_suballoc_bits,kernel BUG in _ocfs2_free_suballoc_bits,long-term-18-MAR-2025,4,0,
rand-preempt-sect_rw,3,add5c4fb5e9f95ae5e27d88af789c718bb1e8093,WARNING,,btrfs_finish_one_ordered,WARNING in btrfs_finish_one_ordered,long-term-18-MAR-2025,7,0,
rand-preempt-sect_rw,3,56f22f5c6dd421d4cccbb08572f4ad3108e2cdc7,UBSAN,array-index-out-of-bounds,usbhid_parse,UBSAN: array-index-out-of-bounds in usbhid_parse,long-term-18-MAR-2025,4,0,
rand-preempt-sect_rw,3,92692f7ad977501c33f727cfa0c16b8f05107109,KASAN,slab-out-of-bounds Read,sysv_new_inode,KASAN: slab-out-of-bounds Read in sysv_new_inode,long-term-18-MAR-2025,2,0,
rand-preempt-sect_rw,3,b42437d58747d21942237cfa206c518025a2bd0f,UBSAN,shift-out-of-bounds,befs_check_sb,UBSAN: shift-out-of-bounds in befs_check_sb,long-term-18-MAR-2025,2,0,
rand-preempt-sect_rw,3,f418b76f6874d5af9a84df6c515403891f5f393c,UBSAN,shift-out-of-bounds,minix_statfs,UBSAN: shift-out-of-bounds in minix_statfs,long-term-18-MAR-2025,3,0,
rand-preempt-sect_rw,3,074f2751986c697854e31ed3636e8a4bc6ef880f,WARNING,,btrfs_create_pending_block_groups,WARNING in btrfs_create_pending_block_groups,long-term-18-MAR-2025,9,0,
rand-preempt-sect_rw,3,b83ebc0f722370f9f7e120e759d663eb44f55efc,OTHER,,,suppressed report,long-term-18-MAR-2025,2,0,
rand-preempt-sect_rw,3,132be9b558ca4026d7c573c699cd78a2c2b7b506,OTHER,kernel BUG,hfs_write_inode,kernel BUG in hfs_write_inode,long-term-18-MAR-2025,26,0,
rand-preempt-sect_rw,3,546128f737338cd2c7cccf89222e58afa5d55c52,INFO,rcu detected stall,shmem_fault,INFO: rcu detected stall in shmem_fault,long-term-18-MAR-2025,1,0,
rand-preempt-sect_rw,3,9cfd48d91de763e83b3b281abe91c717ca6086d0,WARNING,,__alloc_frozen_pages_noprof,WARNING in __alloc_frozen_pages_noprof,long-term-18-MAR-2025,8,0,
rand-preempt-sect_rw,3,dc46b765faa1437b040bc5b4672f61924c3feb27,SYZFATAL,,,SYZFATAL: Manager.Poll call failed: unexpected EOF,long-term-18-MAR-2025,2,0,
rand-preempt-sect_rw,3,830667af06348d56a13056f922c2e354491d48eb,WARNING,,smsusb_start_streaming/usb_submit_urb,WARNING in smsusb_start_streaming/usb_submit_urb,long-term-18-MAR-2025,29,0,
rand-preempt-sect_rw,3,a7992afd36a4ae30a282a048814500bcdcdf9254,INFO,rcu detected stall,ipv6_list_rcv,INFO: rcu detected stall in ipv6_list_rcv,long-term-18-MAR-2025,1,0,
rand-preempt-sect_rw,3,a8c98eb04bac3ee6c7440f7fc74c2db0b4d0b842,INFO,task hung,wg_netns_pre_exit,INFO: task hung in wg_netns_pre_exit,long-term-18-MAR-2025,1,0,
rand-preempt-sect_rw,3,439c37d288d4f26a33a6c7e5c57a97791453a447,OTHER,,,lost connection to test machine,long-term-18-MAR-2025,0,0,
rand-preempt-sect_rw,3,bf866cf51882e1f05322d495b3bc6910cf97d9de,KASAN,slab-out-of-bounds Read,__ocfs2_flush_truncate_log,KASAN: slab-out-of-bounds Read in __ocfs2_flush_truncate_log,long-term-18-MAR-2025,4,0,
rand-preempt-sect_rw,3,3861eef4bfcc166ba71510f3d2f01e2d4707e42b,INFO,rcu detected stall,sys_bpf,INFO: rcu detected stall in sys_bpf,long-term-18-MAR-2025,1,0,
rand-preempt-sect_rw,3,a94dacdecc09320f0bbf347a0ea431dfcb96655d,INFO,rcu detected stall,netlink_sendmsg,INFO: rcu detected stall in netlink_sendmsg,long-term-18-MAR-2025,1,1,
rand-preempt-sect_rw,3,f958db83e7d016dc48bd820e17a96425b526d07c,INFO,trying to register non-static key,txEnd,INFO: trying to register non-static key in txEnd,long-term-18-MAR-2025,13,0,
rand-preempt-sect_rw,3,695231c84d74f6da1c4a1bd0ce04c22aa6f8d7ab,WARNING,,dbAdjTree,WARNING in dbAdjTree,long-term-18-MAR-2025,6,0,
rand-preempt-sect_rw,3,da2b0ecf4b0f2b007b88bfc1fc80215194afa72b,OTHER,possible deadlock,smc_vlan_by_tcpsk,possible deadlock in smc_vlan_by_tcpsk,long-term-18-MAR-2025,1,2,-1
rand-preempt-sect_rw,3,3dfede572f0a9ba62b071437854504014a100de9,KASAN,null-ptr-deref Read,drop_buffers,KASAN: null-ptr-deref Read in drop_buffers,long-term-18-MAR-2025,1,0,
rand-preempt-sect_rw,3,8210ac00ca5f0c4ddeafdf60c76983a7901f9d40,WARNING,,udf_truncate_extents,WARNING in udf_truncate_extents,long-term-18-MAR-2025,7,0,
rand-preempt-sect_rw,3,7018765989f8fc1ff705c44b3de4ebe3e64ca7d0,OTHER,kernel BUG,__hfsplus_setxattr,kernel BUG in __hfsplus_setxattr,long-term-18-MAR-2025,33,0,
rand-preempt-sect_rw,3,1e63ac96a36533feb6f19e4c1f4404642a6253f2,WARNING,,cm109_urb_irq_callback/usb_submit_urb,WARNING in cm109_urb_irq_callback/usb_submit_urb,long-term-18-MAR-2025,10,0,
rand-preempt-sect_rw,3,09a650f7fd6360cfe594f52776cd08e4dea82d6f,INFO,task hung,__rq_qos_throttle,INFO: task hung in __rq_qos_throttle,long-term-18-MAR-2025,1,0,
rand-preempt-sect_rw,3,57168b95c199cdbf6b106278701e80c55cc9b1d8,KASAN,slab-use-after-free Read,__ext4_check_dir_entry,KASAN: slab-use-after-free Read in __ext4_check_dir_entry,long-term-18-MAR-2025,1,0,
rand-preempt-sect_rw,3,1f8b31b7c1ce3dbaf9b506bdfbdb1e798e3351f3,KASAN,slab-out-of-bounds Read,hfsplus_bnode_read,KASAN: slab-out-of-bounds Read in hfsplus_bnode_read,long-term-18-MAR-2025,17,0,
rand-preempt-sect_rw,3,6a7caeb00acf3a074fc4dcddf18d981261caedfe,OTHER,kernel BUG,ocfs2_iget,kernel BUG in ocfs2_iget,long-term-18-MAR-2025,7,0,
rand-preempt-sect_rw,3,05ec8f6e5ad443b62e132910e692ab09b877d1be,OTHER,possible deadlock,ocfs2_reserve_suballoc_bits,possible deadlock in ocfs2_reserve_suballoc_bits,long-term-18-MAR-2025,26,0,-7
rand-preempt-sect_rw,3,03417db7a3c098168a45373b396cebc27a84fca3,OTHER,possible deadlock,diFree,possible deadlock in diFree,long-term-18-MAR-2025,1,0,
rand-preempt-sect_rw,3,b7ddfee12a2ceb39bf0b9d93aadb184015cdfd56,KASAN,slab-use-after-free Read,gfs2_invalidate_folio,KASAN: slab-use-after-free Read in gfs2_invalidate_folio,long-term-18-MAR-2025,1,0,
rand-preempt-sect_rw,3,a427b1a1c57942ce8be1188fb839cdc86612a586,INFO,rcu detected stall,task_numa_work,INFO: rcu detected stall in task_numa_work,long-term-18-MAR-2025,1,0,
rand-preempt-sect_rw,3,0cd8f19fe96643323fb314030e394a63849589fa,KASAN,slab-out-of-bounds Write,hfsplus_bnode_read,KASAN: slab-out-of-bounds Write in hfsplus_bnode_read,long-term-18-MAR-2025,8,0,
rand-preempt-sect_rw,3,057de8d8fd45c5ae46e83f2daa1599f8d6333330,OTHER,kernel BUG,z3fold_page_migrate,kernel BUG in z3fold_page_migrate,long-term-18-MAR-2025,69,0,-7
rand-preempt-sect_rw,3,eac717bc8cd1da003a4c1bcc9ccdbfe344214c66,OTHER,general protection fault,lock_sock_nested,general protection fault in lock_sock_nested,long-term-18-MAR-2025,1,0,
rand-preempt-sect_rw,3,7cbb8a66a79c83d5e96c8aad6b16d5791f738c74,INFO,task hung,nbd_ioctl,INFO: task hung in nbd_ioctl,long-term-18-MAR-2025,1,0,
rand-preempt-sect_rw,3,034bce12a70c1ea7bdb08435bfd58b920d84cac1,WARNING,,btrfs_remove_chunk,WARNING in btrfs_remove_chunk,long-term-18-MAR-2025,1,0,
rand-preempt-sect_rw,3,98bd8177343c9d12940786b2b3bf5eed1dd1deaa,WARNING,,drm_gem_prime_fd_to_handle,WARNING in drm_gem_prime_fd_to_handle,long-term-18-MAR-2025,1,0,
rand-preempt-sect_rw,3,36ee3cf62760d3dd70abb165b5f4c44efc22ef17,WARNING,,mark_buffer_dirty,WARNING in mark_buffer_dirty,long-term-18-MAR-2025,9,0,
rand-preempt-sect_rw,3,f48cc881b60886898c7e47830174497c7718d0a3,WARNING,,media_create_pad_link,WARNING in media_create_pad_link,long-term-18-MAR-2025,29,0,
rand-preempt-sect_rw,3,f9335fdc6d0ca3299962ff1546b31db0de911537,OTHER,possible deadlock,hfsplus_file_extend,possible deadlock in hfsplus_file_extend,long-term-18-MAR-2025,55,0,-12
rand-preempt-sect_rw,3,bd9987deb87e406269fc3d93d322fbb15e327078,KASAN,null-ptr-deref Read,txBeginAnon,KASAN: null-ptr-deref Read in txBeginAnon,long-term-18-MAR-2025,1,0,
rand-preempt-sect_rw,3,b2ccd33bcfee6a3d6b06e567a4693190497a42e8,OTHER,kernel BUG,dbFindBits,kernel BUG in dbFindBits,long-term-18-MAR-2025,15,0,
rand-preempt-sect_rw,3,e1dd65122d581a0ac2e322c39093a4844fecf44e,INFO,rcu detected stall,do_faccessat,INFO: rcu detected stall in do_faccessat,long-term-18-MAR-2025,1,0,
rand-preempt-sect_rw,3,d83247065b9ee0be2f68ec4874d1c93fe9ffe4fc,INFO,rcu detected stall,sys_newfstatat,INFO: rcu detected stall in sys_newfstatat,long-term-18-MAR-2025,3,0,
rand-preempt-sect_rw,3,86476c03e01939829d6da56a2d6cda800051a7fd,INFO,rcu detected stall,sys_socket,INFO: rcu detected stall in sys_socket,long-term-18-MAR-2025,2,0,
rand-preempt-sect_rw,3,09b03f54ccac813d5bd1c3d1b8e5d22bf942a5c5,KASAN,use-after-free Read,__ocfs2_flush_truncate_log,KASAN: use-after-free Read in __ocfs2_flush_truncate_log,long-term-18-MAR-2025,2,0,
rand-preempt-sect_rw,3,d9c7ebaef2a5695099252ae2762d4376ed7b12a1,INFO,task hung,hfs_mdb_commit,INFO: task hung in hfs_mdb_commit,long-term-18-MAR-2025,1,0,
rand-preempt-sect_rw,3,ffe28009af84c0b9beb49b6baf72fe0029fcaff2,KASAN,slab-out-of-bounds Read,dtSearch,KASAN: slab-out-of-bounds Read in dtSearch,long-term-18-MAR-2025,8,0,
rand-preempt-sect_rw,3,8546dc410d85396686da530b87c99653735421b3,OTHER,kernel BUG,txUnlock,kernel BUG in txUnlock,long-term-18-MAR-2025,24,0,
rand-preempt-sect_rw,3,24a99802efd975e76f9822c2a9e45876a00d5784,OTHER,general protection fault,hfs_find_init,general protection fault in hfs_find_init,long-term-18-MAR-2025,21,0,
rand-preempt-sect_rw,3,5ae658b426e79e1899d93673d06b4377b70d57c5,WARNING,,amradio_send_cmd/usb_submit_urb,WARNING in amradio_send_cmd/usb_submit_urb,long-term-18-MAR-2025,27,0,
rand-preempt-sect_rw,3,cae8bb33426999ce532ef5a7662e357e02fe6415,OTHER,possible deadlock,input_event,possible deadlock in input_event,long-term-18-MAR-2025,2,0,
rand-preempt-sect_rw,3,e0a2d3acf588fe830c86b2bcba1bfb0e306c060a,WARNING,,minstrel_ht_update_caps,WARNING in minstrel_ht_update_caps,long-term-18-MAR-2025,4,0,
rand-preempt-sect_rw,3,7ae2e9c25ee75e92bec28c2628d796b8b41f3e8f,OTHER,possible deadlock,hfsplus_block_free,possible deadlock in hfsplus_block_free,long-term-18-MAR-2025,1,2,-1
rand-preempt-sect_rw,3,dac17913a5b5246a1d1bd6734441801e03ce2b6d,BUG,stack guard page was hit,corrupted,BUG: stack guard page was hit in corrupted,long-term-18-MAR-2025,100,0,-17
rand-preempt-sect_rw,3,12fb05921a96107ad88db8ad8d45ea6dd902ae0c,WARNING,,__brelse,WARNING in __brelse,long-term-18-MAR-2025,1,0,
rand-preempt-sect_rw,3,a200854dba0c559d34b0fb6efef5168496d1f570,INFO,rcu detected stall,syscall_exit_to_user_mode,INFO: rcu detected stall in syscall_exit_to_user_mode,long-term-18-MAR-2025,4,0,
rand-preempt-sect_rw,3,f5e68e16341d8bc960cd76ec3509b3e7a0f58dff,SYZFATAL,,,SYZFATAL: executor NUM failed NUM times: executor NUM: failed to write control pipe: write |NUM: broken pipe,long-term-18-MAR-2025,2,0,-4
rand-preempt-sect_rw,3,4b6f8bd3ff627b858f545a1a88595e4e86c4d009,INFO,rcu detected stall,worker_thread,INFO: rcu detected stall in worker_thread,long-term-18-MAR-2025,14,0,
rand-preempt-sect_rw,3,d332decbac2ad114d77751201cf487b17ea7477f,OTHER,possible deadlock,do_ip_setsockopt,possible deadlock in do_ip_setsockopt,long-term-18-MAR-2025,1,2,-3
rand-preempt-sect_rw,3,d5640d0f24ec0060eadcde67e44bc859a53c77b7,INFO,rcu detected stall,tc_modify_qdisc,INFO: rcu detected stall in tc_modify_qdisc,long-term-18-MAR-2025,23,0,
rand-preempt-sect_rw,3,4b4252ed51090893cb4e2d93b1a7ea6ff6cc770a,KASAN,use-after-free Read,__ext4_check_dir_entry,KASAN: use-after-free Read in __ext4_check_dir_entry,long-term-18-MAR-2025,2,0,
rand-preempt-sect_rw,3,636daca53c61ab3f01e8c4398a8bd1e1241b9093,KASAN,use-after-free Read,sysv_new_block,KASAN: use-after-free Read in sysv_new_block,long-term-18-MAR-2025,25,0,
rand-preempt-sect_rw,3,4eb0cedf4c4f813ff6f95bd44194837bb8e40360,OTHER,possible deadlock,team_del_slave,possible deadlock in team_del_slave,long-term-18-MAR-2025,16,0,-6
rand-preempt-sect_rw,3,daa0f83ef631775e0e3ccbbf8cd4eab33fb10764,INFO,task hung,uevent_show,INFO: task hung in uevent_show,long-term-18-MAR-2025,1,1,
rand-preempt-sect_rw,3,d482f6ef0b8d8eba7847b21bacd7989150078dcd,OTHER,kernel BUG,ext4_write_inline_data,kernel BUG in ext4_write_inline_data,long-term-18-MAR-2025,6,0,
rand-preempt-sect_rw,3,b22fe79221a35ac6556b13c4435facbda5f236c9,OTHER,,,go runtime error,long-term-18-MAR-2025,2,0,
rand-preempt-sect_rw,0,e162a14486b7fa92c447c9877290d98f15de6126,WARNING,,__btrfs_free_extent,WARNING in __btrfs_free_extent,long-term-18-MAR-2025,2,0,
rand-preempt-sect_rw,0,80cca76d88cb4da525ca17f66228ddf1e34b7d69,KASAN,use-after-free Read,post_alloc_hook,KASAN: use-after-free Read in post_alloc_hook,long-term-18-MAR-2025,1,0,
rand-preempt-sect_rw,0,78c0bcefdfcbad9a237a58a859bb44e10a06007d,OTHER,general protection fault,do_pagemap_cmd,general protection fault in do_pagemap_cmd,long-term-18-MAR-2025,4,0,
rand-preempt-sect_rw,0,940a6e3e4f852aa8ddc5ff36dc67cdb84dc1e8bc,WARNING,,ath6kl_bmi_get_target_info,WARNING in ath6kl_bmi_get_target_info,long-term-18-MAR-2025,6,0,
rand-preempt-sect_rw,0,afcca8abda4a8ae1eab5c7ed21368c0187640b34,OTHER,possible deadlock,mi_read,possible deadlock in mi_read,long-term-18-MAR-2025,1,0,
rand-preempt-sect_rw,0,10aee77ff93a1e88f3e4748eebcd94c9b30aae67,KASAN,slab-out-of-bounds Write,hfs_bnode_read,KASAN: slab-out-of-bounds Write in hfs_bnode_read,long-term-18-MAR-2025,12,0,
rand-preempt-sect_rw,0,df215d146ee8261184cc7fb81b48eb3e5a3dea15,UBSAN,shift-out-of-bounds,dbFindBits,UBSAN: shift-out-of-bounds in dbFindBits,long-term-18-MAR-2025,2,0,-1
rand-preempt-sect_rw,0,c0ec2c9460595243a4c6450cd300e51590031107,WARNING,suspicious RCU usage,dev_deactivate_queue,WARNING: suspicious RCU usage in dev_deactivate_queue,long-term-18-MAR-2025,4,0,
rand-preempt-sect_rw,0,c0addd8b0397a51f224ad9144c7297df34762181,INFO,rcu detected stall,sys_clock_adjtime,INFO: rcu detected stall in sys_clock_adjtime,long-term-18-MAR-2025,12,0,
rand-preempt-sect_rw,0,345edc631039c9673c3bd023f1f640658839361b,INFO,task hung,worker_attach_to_pool,INFO: task hung in worker_attach_to_pool,long-term-18-MAR-2025,1,0,
rand-preempt-sect_rw,0,e9f5b11984c54cecb386b92bb20c76d5d003719f,OTHER,,,no output from test machine,long-term-18-MAR-2025,0,0,
rand-preempt-sect_rw,0,8a1638229db60175d7fa5e570f8e450a1b567a94,WARNING,,ieee80211_start_next_roc,WARNING in ieee80211_start_next_roc,long-term-18-MAR-2025,1,0,
rand-preempt-sect_rw,0,55993dff4f027c4739dbe23c44fb23013e6b3612,INFO,task hung,rfkill_global_led_trigger_worker,INFO: task hung in rfkill_global_led_trigger_worker,long-term-18-MAR-2025,9,0,-142
rand-preempt-sect_rw,0,b374624f5a343655153337ff53e38702f1bca05e,WARNING,locking bug,kvm_xen_set_evtchn_fast,WARNING: locking bug in kvm_xen_set_evtchn_fast,long-term-18-MAR-2025,2,0,-4
rand-preempt-sect_rw,0,ede7206a46cd4f0524fec87eb20b584433dc428a,BUG,unable to handle kernel NULL pointer dereference,generic_perform_write,BUG: unable to handle kernel NULL pointer dereference in generic_perform_write,long-term-18-MAR-2025,3,0,
rand-preempt-sect_rw,0,a726bdbfdf37ab73c078dcf88e3249d9ec47fbf9,INFO,task hung,gfs2_jhead_process_page,INFO: task hung in gfs2_jhead_process_page,long-term-18-MAR-2025,1,1,
rand-preempt-sect_rw,0,910e3195261654c617977513fc7cef18d9dde9bd,WARNING,,format_decode,WARNING in format_decode,long-term-18-MAR-2025,25,0,
rand-preempt-sect_rw,0,38c04de193e19029c50238bec4ac6f9de2e7fe44,OTHER,possible deadlock,uinput_request_submit,possible deadlock in uinput_request_submit,long-term-18-MAR-2025,1,0,
rand-preempt-sect_rw,0,6fe82abb6044933681b9787680ee4a92ac94fa79,KASAN,vmalloc-out-of-bounds Write,vrealloc_noprof,KASAN: vmalloc-out-of-bounds Write in vrealloc_noprof,long-term-18-MAR-2025,4,0,
rand-preempt-sect_rw,0,357460e40e96d7c7b5f6e3f92a89eb469a00e925,INFO,task hung,kill_block_super,INFO: task hung in kill_block_super,long-term-18-MAR-2025,1,1,
rand-preempt-sect_rw,0,46253a45c9cec25708385d8b0269729405bb86b4,INFO,rcu detected stall,dummy_timer,INFO: rcu detected stall in dummy_timer,long-term-18-MAR-2025,1,0,
rand-preempt-sect_rw,0,e44f9133d5d101caa7d9d5fc9974a77d7462b95f,WARNING,,udf_setsize,WARNING in udf_setsize,long-term-18-MAR-2025,2,1,
rand-preempt-sect_rw,0,ff9fde649b18a98df5915ee2295c846a1cb0f96d,INFO,rcu detected stall,sk_skb_reason_drop,INFO: rcu detected stall in sk_skb_reason_drop,long-term-18-MAR-2025,1,0,
rand-preempt-sect_rw,0,14692319382598dac4dee0cca30dcdf451cb5eb7,WARNING,,rate_control_rate_init,WARNING in rate_control_rate_init,long-term-18-MAR-2025,15,0,
rand-preempt-sect_rw,0,3e2a1759d5435eaceffbb63b34ef8c16e524e1c1,BUG,sleeping function called from invalid context,lock_sock_nested,BUG: sleeping function called from invalid context in lock_sock_nested,long-term-18-MAR-2025,7,0,-12
rand-preempt-sect_rw,0,5bb32f20e84c99708f7fb1fb4d0aea11af9cf855,WARNING,,inode_set_cached_link,WARNING in inode_set_cached_link,long-term-18-MAR-2025,7,0,
rand-preempt-sect_rw,0,4d29c05a745169575292085f4324f8fc89f0c326,OTHER,kernel BUG,jfs_evict_inode,kernel BUG in jfs_evict_inode,long-term-18-MAR-2025,23,0,-1
rand-preempt-sect_rw,0,062ff284ba014a69851c4aea42e2d5e0fe6f252a,INFO,task hung,rfkill_fop_write,INFO: task hung in rfkill_fop_write,long-term-18-MAR-2025,2,0,-2
rand-preempt-sect_rw,0,9c7d0c78815f7f407102b63d07ed649359f3b8bb,OTHER,possible deadlock,smc_switch_to_fallback,possible deadlock in smc_switch_to_fallback,long-term-18-MAR-2025,3,0,-3
rand-preempt-sect_rw,0,888c0f7f9e50a51d048bb9ab854b76d4759ba556,OTHER,kernel BUG,ocfs2_write_block,kernel BUG in ocfs2_write_block,long-term-18-MAR-2025,4,0,
rand-preempt-sect_rw,0,4c7f3321d8f5dea39da49fc06a7b6f8b8592ebeb,OTHER,possible deadlock,hsr_dev_xmit,possible deadlock in hsr_dev_xmit,long-term-18-MAR-2025,4,0,-2
rand-preempt-sect_rw,0,8fc1d5a78be6058cda596483f144cf076c9aa572,INFO,rcu detected stall,dput,INFO: rcu detected stall in dput,long-term-18-MAR-2025,1,0,
rand-preempt-sect_rw,0,2a688f1295824561ed7dd2ebee0af337647603ef,WARNING,,inode_to_wb,WARNING in inode_to_wb,long-term-18-MAR-2025,100,0,-1
rand-preempt-sect_rw,0,51cc94811ebd073cf5874f118692256ef1eadf90,INFO,rcu detected stall,x64_sys_call,INFO: rcu detected stall in x64_sys_call,long-term-18-MAR-2025,2,0,
rand-preempt-sect_rw,0,5989b22e7d1b7a92ebab7da8be1616b1ca1b97e0,OTHER,possible deadlock,ip_mroute_setsockopt,possible deadlock in ip_mroute_setsockopt,long-term-18-MAR-2025,1,0,
rand-preempt-sect_rw,0,cf1828f4f7cddf8f5e3f9f01be66e00c7044de90,INFO,rcu detected stall,sys_openat,INFO: rcu detected stall in sys_openat,long-term-18-MAR-2025,5,0,
rand-preempt-sect_rw,0,4d43edefe43dc89161dd7655b29f662f04b5f2cc,OTHER,possible deadlock,hfs_find_init,possible deadlock in hfs_find_init,long-term-18-MAR-2025,28,0,-35
rand-preempt-sect_rw,0,670153e888f4e124a9c42b6e5d582c0f0872ec86,INFO,rcu detected stall,rtnl_newlink,INFO: rcu detected stall in rtnl_newlink,long-term-18-MAR-2025,1,0,
rand-preempt-sect_rw,0,42f2bca92f4373a220f5c8e22344858aafc6fb08,SYZFATAL,,,SYZFATAL: Manager.Poll call failed: read tcp IP:NUM->IP:NUM: read: connection reset by peer,long-term-18-MAR-2025,1,0,
rand-preempt-sect_rw,0,afd75899ce257f0020e9d9c47e3ae3fe04a8b7dd,OTHER,general protection fault,hfsplus_rename_cat,general protection fault in hfsplus_rename_cat,long-term-18-MAR-2025,7,0,
rand-preempt-sect_rw,0,fc92a3d48f65988af59ad25d6bb9efc5b7e0564c,WARNING,,__invalidate_bh_lrus,WARNING in __invalidate_bh_lrus,long-term-18-MAR-2025,25,0,
rand-preempt-sect_rw,0,7b256426f1e1cbe813496be646c5e11e5b498dde,OTHER,general protection fault,metapage_write_folio,general protection fault in metapage_write_folio,long-term-18-MAR-2025,1,0,
rand-preempt-sect_rw,0,d8be63074701bec1ae41d54340c12eab439652fb,WARNING,,usb_free_urb,WARNING in usb_free_urb,long-term-18-MAR-2025,6,0,
rand-preempt-sect_rw,0,81faef6ce66f2f63d7030f143c557fb3ceb76a36,BUG,,,"BUG: ""hc->tx_t_ipi == NUM"" holds (exception!) at net/dccp/ccids/ccid3.c:LINE/ccid3_update_send_interval()",long-term-18-MAR-2025,4,0,-2
rand-preempt-sect_rw,0,1acf5e182a84e6bfdbd928dc9344d81069818566,KASAN,slab-use-after-free Read,folio_evictable,KASAN: slab-use-after-free Read in folio_evictable,long-term-18-MAR-2025,1,0,
rand-preempt-sect_rw,0,29aec000cb9c27993a3ad3ea6f881262fafccd4b,UBSAN,shift-out-of-bounds,dbSplit,UBSAN: shift-out-of-bounds in dbSplit,long-term-18-MAR-2025,4,0,
rand-preempt-sect_rw,0,4f7ccbaf7b7bf9f62ba80a9a30f1094ecc656cd0,OTHER,kernel BUG,txEnd,kernel BUG in txEnd,long-term-18-MAR-2025,6,0,
rand-preempt-sect_rw,0,416fc16dc61e88df48b8990e74bd866199c4f53a,WARNING,,__rate_control_send_low,WARNING in __rate_control_send_low,long-term-18-MAR-2025,3,0,
rand-preempt-sect_rw,0,59debc80da86a9674811433e50182f2894e739a9,INFO,task hung,get_bMaxPacketSize0,INFO: task hung in get_bMaxPacketSize0,long-term-18-MAR-2025,1,1,
rand-preempt-sect_rw,0,d55cddbfbe70446f2d66df758e7e93c285e69db9,WARNING,,call_timer_fn,WARNING in call_timer_fn,long-term-18-MAR-2025,3,0,
rand-preempt-sect_rw,0,1d9bb5d25d509bfa2a7dd17a2add36a0762765ac,BUG,,,"BUG: please report to dccp@vger.kernel.org => prev = NUM, last = NUM at net/dccp/ccids/lib/packet_history.c:LINE/tfrc_rx",long-term-18-MAR-2025,4,0,-2
rand-preempt-sect_rw,0,c94af3358dab4acd9bfcbc1e95a9eaa497e4ad3b,INFO,task hung,bpf_struct_ops_map_free,INFO: task hung in bpf_struct_ops_map_free,long-term-18-MAR-2025,1,0,
rand-preempt-sect_rw,0,107d4fad6be90805aa165afb3d9b4181c1605ce1,INFO,rcu detected stall,do_idle,INFO: rcu detected stall in do_idle,long-term-18-MAR-2025,15,0,
rand-preempt-sect_rw,0,179a9967436fa2758e6d159659d92503eae680ef,OTHER,kernel BUG,corrupted,kernel BUG in corrupted,long-term-18-MAR-2025,1,0,
rand-preempt-sect_rw,0,82452223a9d5475e89cd85d4db53932ea7ffbb57,KASAN,wild-memory-access Read,hfsplus_bnode_read,KASAN: wild-memory-access Read in hfsplus_bnode_read,long-term-18-MAR-2025,6,0,
rand-preempt-sect_rw,0,5af6ff7f278442148564208bf9e6025f91c66aec,OTHER,kernel BUG,ocfs2_set_new_buffer_uptodate,kernel BUG in ocfs2_set_new_buffer_uptodate,long-term-18-MAR-2025,1,0,
rand-preempt-sect_rw,0,717f2a442c2ec31e6880fa8ad81443a56fc4fbed,OTHER,kernel BUG,txAbort,kernel BUG in txAbort,long-term-18-MAR-2025,3,0,
rand-preempt-sect_rw,0,59bad2e4e0e8758ddd7a8b2d9a7db7761f18597d,OTHER,kernel BUG,ocfs2_claim_suballoc_bits,kernel BUG in ocfs2_claim_suballoc_bits,long-term-18-MAR-2025,14,0,
rand-preempt-sect_rw,0,2be507f1fdd515088bc9594dee4bf0aafb880f9d,INFO,task hung,xfs_buf_item_unpin,INFO: task hung in xfs_buf_item_unpin,long-term-18-MAR-2025,1,0,
rand-preempt-sect_rw,0,7214aa7d762fab9b78cf0384c36ff62783f904b8,INFO,rcu detected stall,smp_call_function,INFO: rcu detected stall in smp_call_function,long-term-18-MAR-2025,3,0,
rand-preempt-sect_rw,0,96c447fce9cab7899e95a08f52a4c45da0691d56,WARNING,,__ieee80211_beacon_get,WARNING in __ieee80211_beacon_get,long-term-18-MAR-2025,10,0,
rand-preempt-sect_rw,0,d500366678f2a2b2ed69324bbfaf20ac43631c72,OTHER,possible deadlock,console_flush_all,possible deadlock in console_flush_all,long-term-18-MAR-2025,1,0,
rand-preempt-sect_rw,0,d3352a10231ea5c95eb5876ebf50e3601e86b547,WARNING,,btrfs_commit_transaction,WARNING in btrfs_commit_transaction,long-term-18-MAR-2025,1,0,
rand-preempt-sect_rw,0,d58b9c335e71ad5e9143d8190f0b05f268093e7d,WARNING,,__find_get_block,WARNING in __find_get_block,long-term-18-MAR-2025,2,0,
rand-preempt-sect_rw,0,89b3b67efdd299d6754b6f7d8f626f085a42808b,OTHER,kernel BUG,jffs2_del_ino_cache,kernel BUG in jffs2_del_ino_cache,long-term-18-MAR-2025,3,0,
rand-preempt-sect_rw,0,a5151f2aa840fe7bc90c672c803890cf4bc95b13,INFO,rcu detected stall,kswapd,INFO: rcu detected stall in kswapd,long-term-18-MAR-2025,13,0,-2
rand-preempt-sect_rw,0,7154156a9841df26dd0871d79ccab7324d3c5044,KASAN,slab-use-after-free Read,hdm_disconnect,KASAN: slab-use-after-free Read in hdm_disconnect,long-term-18-MAR-2025,10,0,-1
rand-preempt-sect_rw,0,cae0c49cb8a02ebed9b30518fd78ecaf184ce0d9,KASAN,use-after-free Write,ext4_insert_dentry,KASAN: use-after-free Write in ext4_insert_dentry,long-term-18-MAR-2025,7,0,
rand-preempt-sect_rw,0,bd13438de068333c8c0bc186aa351913f11ff0c8,OTHER,possible deadlock,ntfs_look_for_free_space,possible deadlock in ntfs_look_for_free_space,long-term-18-MAR-2025,1,0,
rand-preempt-sect_rw,0,bd11136f01547d97986820803dd814774f5e80c1,WARNING,,__udf_add_aext,WARNING in __udf_add_aext,long-term-18-MAR-2025,5,0,
rand-preempt-sect_rw,0,6c01a324911451b89f168a51cc535a981fef28bd,OTHER,general protection fault,bfs_get_block,general protection fault in bfs_get_block,long-term-18-MAR-2025,1,0,
rand-preempt-sect_rw,0,5bd9f1492e109d9cd5f32164fd7c564ee799b6a9,INFO,rcu detected stall,__unix_dgram_recvmsg,INFO: rcu detected stall in __unix_dgram_recvmsg,long-term-18-MAR-2025,1,0,
rand-preempt-sect_rw,0,f4642016ab2fd7e2e7d5365c74eb27af6417b2d5,KASAN,use-after-free Read,ocfs2_claim_suballoc_bits,KASAN: use-after-free Read in ocfs2_claim_suballoc_bits,long-term-18-MAR-2025,2,0,
rand-preempt-sect_rw,0,9df9a812f3f60eab5b74c57c2a59336ff7ecfa9a,OTHER,kernel BUG,ipgre_header,kernel BUG in ipgre_header,long-term-18-MAR-2025,2,0,
rand-preempt-sect_rw,0,ca855d2571f6d9c8a8fd9f0ee1b79d91b2747a0b,OTHER,kernel BUG,ocfs2_write_cluster_by_desc,kernel BUG in ocfs2_write_cluster_by_desc,long-term-18-MAR-2025,1,0,
rand-preempt-sect_rw,0,f4fec6759f727ca4d1b8ae8f2130079e9c4a48d8,INFO,rcu detected stall,security_file_open,INFO: rcu detected stall in security_file_open,long-term-18-MAR-2025,1,1,
rand-preempt-sect_rw,0,4acb584fc96d56cb961babafdb895e8e8ff4ac15,INFO,rcu detected stall,filemap_fault,INFO: rcu detected stall in filemap_fault,long-term-18-MAR-2025,1,1,
rand-preempt-sect_rw,0,5e7ac63ebdfb8e33254bd15242adb4b27ef36e84,OTHER,possible deadlock,sock_set_reuseaddr,possible deadlock in sock_set_reuseaddr,long-term-18-MAR-2025,1,0,
rand-preempt-sect_rw,0,8066f026209a5e9f01cec86e629b05f8bae3a9e5,KASAN,use-after-free Read,__ocfs2_find_path,KASAN: use-after-free Read in __ocfs2_find_path,long-term-18-MAR-2025,3,0,
rand-preempt-sect_rw,0,f58c116be36fa20d2c4279e0b70cd3e4083e4fb0,OTHER,kernel BUG,clear_inode,kernel BUG in clear_inode,long-term-18-MAR-2025,1,2,-37
rand-preempt-sect_rw,0,cd1f4d10aeccd425f032ef8307ca2a72d86c67b8,INFO,task hung,lock_metapage,INFO: task hung in lock_metapage,long-term-18-MAR-2025,4,0,
rand-preempt-sect_rw,0,b8cd92c1478d22bf00f49d211bf24287a812a0e0,INFO,task hung,bdev_release,INFO: task hung in bdev_release,long-term-18-MAR-2025,8,0,
rand-preempt-sect_rw,0,f5a259f85d42c3c72cf17ef817a151c8f215a51b,OTHER,general protection fault,jfs_flush_journal,general protection fault in jfs_flush_journal,long-term-18-MAR-2025,1,0,
rand-preempt-sect_rw,0,f7413896ad4af6003ae85c8b1e9ab706c1b3eafc,INFO,rcu detected stall,sys_clone,INFO: rcu detected stall in sys_clone,long-term-18-MAR-2025,1,1,
rand-preempt-sect_rw,0,518f9409bd34d7d8e7f25c6d19f2306bf745e274,OTHER,kernel BUG,__ext4_journal_stop,kernel BUG in __ext4_journal_stop,long-term-18-MAR-2025,3,0,
rand-preempt-sect_rw,0,2d5ddc28d1065b21d87d6d32fd383387eff9a23e,KASAN,slab-use-after-free Read,__ethtool_get_link_ksettings,KASAN: slab-use-after-free Read in __ethtool_get_link_ksettings,long-term-18-MAR-2025,1,0,
rand-preempt-sect_rw,0,fc2733d2cd6cf20337fdfa85857fe92acc4e67e1,WARNING,,bcm5974_start_traffic/usb_submit_urb,WARNING in bcm5974_start_traffic/usb_submit_urb,long-term-18-MAR-2025,15,0,
rand-preempt-sect_rw,0,6841b09f10883829d2fec742d938c431c8441375,OTHER,possible deadlock,hfs_extend_file,possible deadlock in hfs_extend_file,long-term-18-MAR-2025,1,0,
rand-preempt-sect_rw,0,c991ea08384dcae5e17c3575fd230a3ad42c084c,OTHER,possible deadlock,attr_data_get_block,possible deadlock in attr_data_get_block,long-term-18-MAR-2025,2,0,
rand-preempt-sect_rw,0,cf239e947e8ee82f53f98768040835fc4f8f050c,INFO,rcu detected stall,sys_clock_settime,INFO: rcu detected stall in sys_clock_settime,long-term-18-MAR-2025,1,0,
rand-preempt-sect_rw,0,7e1a8fa5c0fbbd45eb5476b74a89c66d6cbef960,WARNING,,plfxlc_mac_release,WARNING in plfxlc_mac_release,long-term-18-MAR-2025,2,0,
rand-preempt-sect_rw,0,d027818df46bc1ecda09916eaeed5bd6798095b6,WARNING,,drop_nlink,WARNING in drop_nlink,long-term-18-MAR-2025,7,0,
rand-preempt-sect_rw,0,724081886ad53671b1e5cd5dc8336ad799d4954d,INFO,task hung,new_device_store,INFO: task hung in new_device_store,long-term-18-MAR-2025,1,0,
rand-preempt-sect_rw,0,c8a24c42ab318046943779327b5e06f8134a445f,KASAN,user-memory-access Write,__destroy_inode,KASAN: user-memory-access Write in __destroy_inode,long-term-18-MAR-2025,7,0,-1
rand-preempt-sect_rw,0,717032a22f7c66339ad18aa5c7100ebd76ad1ea7,WARNING,,hfs_bnode_create,WARNING in hfs_bnode_create,long-term-18-MAR-2025,16,0,-1
rand-preempt-sect_rw,0,9a2fe3c6b993d0df25eab726dec203e61dc6b027,KASAN,out-of-bounds Read,ext4_xattr_set_entry,KASAN: out-of-bounds Read in ext4_xattr_set_entry,long-term-18-MAR-2025,1,0,
rand-preempt-sect_rw,0,310eec601699070a82c325d09a07607f294d8b80,KASAN,slab-use-after-free Read,__ocfs2_flush_truncate_log,KASAN: slab-use-after-free Read in __ocfs2_flush_truncate_log,long-term-18-MAR-2025,1,0,
rand-preempt-sect_rw,0,143189e89dcd5e8dc7e14dd0755b3fd525128031,BUG,,,BUG: Bad page state,long-term-18-MAR-2025,3,0,-1
rand-preempt-sect_rw,0,236682dc9e4ebd8581e72868857ce86280630cb5,OTHER,possible deadlock,hfsplus_find_init,possible deadlock in hfsplus_find_init,long-term-18-MAR-2025,32,0,-5
rand-preempt-sect_rw,0,4416d9ab8bb60229840cda983551c22c72b5b228,INFO,rcu detected stall,kcov_ioctl,INFO: rcu detected stall in kcov_ioctl,long-term-18-MAR-2025,1,0,
rand-preempt-sect_rw,0,fce18368ab5244bb344278a1f83682e67226eeb9,INFO,rcu detected stall,ipv6_rcv,INFO: rcu detected stall in ipv6_rcv,long-term-18-MAR-2025,1,0,
rand-preempt-sect_rw,0,084728785a422eb947a33faad79ca3465e020026,OTHER,possible deadlock,udf_free_blocks,possible deadlock in udf_free_blocks,long-term-18-MAR-2025,2,2,-1
rand-preempt-sect_rw,0,1eb07be854cc11b560ce1b45e5d0579ca602b368,OTHER,possible deadlock,gup_fast_fallback,possible deadlock in gup_fast_fallback,long-term-18-MAR-2025,2,2,-1
rand-preempt-sect_rw,0,943879683ba99cd7772ff6905d9138f421b695f8,OTHER,kernel BUG,ocfs2_populate_inode,kernel BUG in ocfs2_populate_inode,long-term-18-MAR-2025,1,1,
rand-preempt-sect_rw,0,ede73ba141e9894db5fea953ada12ff50417902b,OTHER,general protection fault,diRead,general protection fault in diRead,long-term-18-MAR-2025,2,0,
rand-preempt-sect_rw,0,8fbb22f5f195a09ad026de6f32a3ca62d2243f52,INFO,rcu detected stall,handle_softirqs,INFO: rcu detected stall in handle_softirqs,long-term-18-MAR-2025,1,0,
rand-preempt-sect_rw,0,e1591f5807cca98241c629b5860e9e5e1c358571,WARNING,suspicious RCU usage,get_callchain_entry,WARNING: suspicious RCU usage in get_callchain_entry,long-term-18-MAR-2025,29,0,-3
rand-preempt-sect_rw,0,1a6abe077825183e67b67c3313ea6f99a992fe86,INFO,rcu detected stall,corrupted,INFO: rcu detected stall in corrupted,long-term-18-MAR-2025,48,0,
rand-preempt-sect_rw,0,435f0baa0b40cab2bc6ad6e584cb66dd641f3efe,OTHER,possible deadlock,kernfs_seq_start,possible deadlock in kernfs_seq_start,long-term-18-MAR-2025,1,2,-1
rand-preempt-sect_rw,0,6bfb19d7f651b70ce0ff4685912f3a524094c474,INFO,task hung,lmLogClose,INFO: task hung in lmLogClose,long-term-18-MAR-2025,7,0,
rand-preempt-sect_rw,0,a7639dcaa0943aa8a9470fbff76d4c40bbd8a3f6,UBSAN,array-index-out-of-bounds,dbAllocBits,UBSAN: array-index-out-of-bounds in dbAllocBits,long-term-18-MAR-2025,1,0,
rand-preempt-sect_rw,0,cfbae8737f6cf1bb119f7a082836ba75e5c23c05,OTHER,kernel BUG,ext4_inline_data_truncate,kernel BUG in ext4_inline_data_truncate,long-term-18-MAR-2025,1,0,
rand-preempt-sect_rw,0,68807c4df71d721a9215e22ac844e6a5fbc87898,WARNING,,ext4_xattr_inode_lookup_create,WARNING in ext4_xattr_inode_lookup_create,long-term-18-MAR-2025,6,0,-1
rand-preempt-sect_rw,0,4ecda27d97e590e179a8c967d0b1615224f921fd,WARNING,,reserve_ds_buffers,WARNING in reserve_ds_buffers,long-term-18-MAR-2025,1,0,
rand-preempt-sect_rw,0,ff12148d728e8c4ebaf0d1070b81bce4ae226880,OTHER,kernel BUG,ext4_do_writepages,kernel BUG in ext4_do_writepages,long-term-18-MAR-2025,6,0,
rand-preempt-sect_rw,0,a98892aa59e425936e2bdb43c5853bbb3195388c,OTHER,,,kernel panic: EXT4-fs (device loop0): panic forced after error,long-term-18-MAR-2025,1,0,
rand-preempt-sect_rw,0,2f6aead0e7760c2cbe555e41303151156606bf45,OTHER,possible deadlock,ocfs2_fiemap,possible deadlock in ocfs2_fiemap,long-term-18-MAR-2025,1,0,
rand-preempt-sect_rw,0,bc70a607f7f21da8b849ae8a28aeb3dc3b6637e5,INFO,rcu detected stall,kcov_close,INFO: rcu detected stall in kcov_close,long-term-18-MAR-2025,1,0,
rand-preempt-sect_rw,0,a2b014c9c4cda447ef5f302511344a5162f1e6a5,WARNING,,fanotify_handle_event,WARNING in fanotify_handle_event,long-term-18-MAR-2025,4,0,
rand-preempt-sect_rw,0,64d5cceef5716756190eaab9a1a19771c430b99d,OTHER,kernel BUG,dbFindLeaf,kernel BUG in dbFindLeaf,long-term-18-MAR-2025,8,0,
rand-preempt-sect_rw,0,afbcab044ccf826599331b98cefb6e1479387053,UBSAN,array-index-out-of-bounds,dbJoin,UBSAN: array-index-out-of-bounds in dbJoin,long-term-18-MAR-2025,4,0,
rand-preempt-sect_rw,0,b8194dafe8f765f3e1660e89f3f08635da577712,OTHER,,,kernel panic: EXT4-fs (device loop1): panic forced after error,long-term-18-MAR-2025,1,0,
rand-preempt-sect_rw,0,aeea050a3949d1cb446d09f62376df9f95fdb0e6,INFO,task hung,fuse_lookup,INFO: task hung in fuse_lookup,long-term-18-MAR-2025,4,0,
rand-preempt-sect_rw,0,ea55ed6b4d3385d5bd9193ca7cecbb8e9ad4e11d,WARNING,,gfs2_check_blk_type,WARNING in gfs2_check_blk_type,long-term-18-MAR-2025,12,0,
rand-preempt-sect_rw,0,08ce1918854db60a1bbb29e36cb7e5fd8009584b,KASAN,slab-use-after-free Read,sysv_new_inode,KASAN: slab-use-after-free Read in sysv_new_inode,long-term-18-MAR-2025,3,0,
rand-preempt-sect_rw,0,3dcbd1e2079aee55d0f581135e01b287d479999d,KASAN,slab-out-of-bounds Read,hfsplus_uni2asc,KASAN: slab-out-of-bounds Read in hfsplus_uni2asc,long-term-18-MAR-2025,24,0,
rand-preempt-sect_rw,0,d4c9d4f82b2511f8f50f89cfe1db52f0bfd24c57,BUG,corrupted list,add_to_unbuddied,BUG: corrupted list in add_to_unbuddied,long-term-18-MAR-2025,21,0,
rand-preempt-sect_rw,0,4c5fb8eedeca78b3c4fe40bfc05b20601b89508a,KASAN,use-after-free Read,sysv_new_inode,KASAN: use-after-free Read in sysv_new_inode,long-term-18-MAR-2025,54,0,
rand-preempt-sect_rw,0,162dadb50aa733b767be4038d07100f4d62a55bf,KASAN,slab-use-after-free Write,ext4_insert_dentry,KASAN: slab-use-after-free Write in ext4_insert_dentry,long-term-18-MAR-2025,2,0,
rand-preempt-sect_rw,0,d8da3937cd2a93e22e47c45d6042bff5e7af185b,OTHER,general protection fault,__remove_inode_hash,general protection fault in __remove_inode_hash,long-term-18-MAR-2025,2,0,
rand-preempt-sect_rw,0,295c0dc164c3fcf583aa4a873bea301927c81b66,BUG,corrupted list,em28xx_init_extension,BUG: corrupted list in em28xx_init_extension,long-term-18-MAR-2025,3,0,
rand-preempt-sect_rw,0,fcc455a8fba7c2d1b5123719df103d9707baa17a,KASAN,slab-out-of-bounds Read,jfs_readdir,KASAN: slab-out-of-bounds Read in jfs_readdir,long-term-18-MAR-2025,2,0,
rand-preempt-sect_rw,0,fb069fec26746cf34d7454f1b9359f3bbbef2b4e,KASAN,vmalloc-out-of-bounds Write,corrupted,KASAN: vmalloc-out-of-bounds Write in corrupted,long-term-18-MAR-2025,2,0,
rand-preempt-sect_rw,0,45976da11977283bb8679fe455030547303c81f8,INFO,task hung,netfs_retry_writes,INFO: task hung in netfs_retry_writes,long-term-18-MAR-2025,1,0,
rand-preempt-sect_rw,0,bf4d7efe80c9af41e54c360e9e6deb116d278e7b,WARNING,,ext4_dirty_folio,WARNING in ext4_dirty_folio,long-term-18-MAR-2025,1,0,
rand-preempt-sect_rw,0,7fd2e08f3865df671e6ddcd0cc0f7ef59d4e9634,OTHER,possible deadlock,xfs_ilock,possible deadlock in xfs_ilock,long-term-18-MAR-2025,1,0,
rand-preempt-sect_rw,0,009be93889e5415f4a2143b668803f79d9060098,INFO,rcu detected stall,recvmsg,INFO: rcu detected stall in recvmsg,long-term-18-MAR-2025,1,0,
rand-preempt-sect_rw,0,11d137c334a427322898aa51903aed548ece812d,SYZFATAL,,,SYZFATAL: executor NUM failed NUM times: executor NUM: exit status NUM err exit status NUM,long-term-18-MAR-2025,4,0,
rand-preempt-sect_rw,0,d863adef6130a966a3c3efb67b0d52980adfddb7,KASAN,slab-use-after-free Read,corrupted,KASAN: slab-use-after-free Read in corrupted,long-term-18-MAR-2025,6,0,
rand-preempt-sect_rw,0,b934f0b919e8368b02982f2de1c3680e04d2ce47,UBSAN,array-index-out-of-bounds,dtInsertEntry,UBSAN: array-index-out-of-bounds in dtInsertEntry,long-term-18-MAR-2025,1,0,
rand-preempt-sect_rw,0,9552da22940e9641db22e952f4e15ef8358e8a20,INFO,rcu detected stall,shmem_file_write_iter,INFO: rcu detected stall in shmem_file_write_iter,long-term-18-MAR-2025,2,0,
rand-preempt-sect_rw,0,df3164214da6cac32904fbc82fde7ef5cef12d88,WARNING,,nft_socket_init,WARNING in nft_socket_init,long-term-18-MAR-2025,1,0,
rand-preempt-sect_rw,0,6d4ed0a139a2460f1d341b0bec84da000ab1e011,OTHER,possible deadlock,ntfs_fiemap,possible deadlock in ntfs_fiemap,long-term-18-MAR-2025,4,0,
rand-preempt-sect_rw,0,5238ca816b62b57574741c94e27b9a37501365cf,INFO,rcu detected stall,ext4_file_write_iter,INFO: rcu detected stall in ext4_file_write_iter,long-term-18-MAR-2025,1,0,
rand-preempt-sect_rw,0,b45e5d2b8d3e9173d66db2a85028e01954ea36fc,BUG,spinlock bad magic,post_alloc_hook,BUG: spinlock bad magic in post_alloc_hook,long-term-18-MAR-2025,14,0,
rand-preempt-sect_rw,0,0ef19d3af2ee56643d67d934d68895cad6eb6566,OTHER,possible deadlock,hfsplus_get_block,possible deadlock in hfsplus_get_block,long-term-18-MAR-2025,100,0,-15
rand-preempt-sect_rw,0,db2fa1db6c3955512d63b737cce46348c2e42ee7,UBSAN,array-index-out-of-bounds,dtSplitRoot,UBSAN: array-index-out-of-bounds in dtSplitRoot,long-term-18-MAR-2025,1,0,
rand-preempt-sect_rw,0,54ec343f5fa8ecb771acdd49bf649a6ecdc90ad4,OTHER,general protection fault,lmLogSync,general protection fault in lmLogSync,long-term-18-MAR-2025,3,0,
rand-preempt-sect_rw,0,8de37934194f7efcdf593e972abf0baec20d58fc,OTHER,possible deadlock,hfsplus_block_allocate,possible deadlock in hfsplus_block_allocate,long-term-18-MAR-2025,3,0,-4
rand-preempt-sect_rw,0,3a4009706c4f01341275ae0f98fc1bff7b1969d6,WARNING,,hfsplus_bnode_create,WARNING in hfsplus_bnode_create,long-term-18-MAR-2025,44,0,
rand-preempt-sect_rw,0,6677a17b99544b44a0a8f505286b3ac5331c6d17,OTHER,possible deadlock,run_unpack_ex,possible deadlock in run_unpack_ex,long-term-18-MAR-2025,1,2,-3
rand-preempt-sect_rw,0,4acc974a1a2c4cf1eebcb31e4bc86b85a2f5daa8,INFO,task hung,xlog_grant_head_check,INFO: task hung in xlog_grant_head_check,long-term-18-MAR-2025,1,0,
rand-preempt-sect_rw,0,709ea9525d06e8d72f56500f2a6c111324ad92b0,OTHER,possible deadlock,ocfs2_init_acl,possible deadlock in ocfs2_init_acl,long-term-18-MAR-2025,3,0,
rand-preempt-sect_rw,0,fe781548d0a22bdbc3f703fc26dd1c43b0da5914,INFO,task hung,linkwatch_event,INFO: task hung in linkwatch_event,long-term-18-MAR-2025,1,0,
rand-preempt-sect_rw,0,4868348a1ef002b1b4a89d2e9610865ece572f7c,WARNING,,inc_nlink,WARNING in inc_nlink,long-term-18-MAR-2025,11,0,
rand-preempt-sect_rw,0,6a96792e4b66a9b7bfe4e8faedbc6c0049ac4c18,OTHER,possible deadlock,htab_lock_bucket,possible deadlock in htab_lock_bucket,long-term-18-MAR-2025,1,0,
rand-preempt-sect_rw,0,d9a665b5dc08e6b986842d75a5328cb1804b1c08,WARNING,,tcp_recvmsg_locked,WARNING in tcp_recvmsg_locked,long-term-18-MAR-2025,2,0,
rand-preempt-sect_rw,0,1b377ece802020f464f9084ab0af9762aa070c44,OTHER,general protection fault,percpu_ref_get_many,general protection fault in percpu_ref_get_many,long-term-18-MAR-2025,1,0,
rand-preempt-sect_rw,0,9f7d3bf8f8e1b54b4e2d1f7760f930dffa12cc48,BUG,unable to handle kernel NULL pointer dereference,filemap_read_folio,BUG: unable to handle kernel NULL pointer dereference in filemap_read_folio,long-term-18-MAR-2025,1,0,
rand-preempt-sect_rw,0,6083cc6435b48c5ee6e8110d063b78461b737821,INFO,rcu detected stall,sys_symlinkat,INFO: rcu detected stall in sys_symlinkat,long-term-18-MAR-2025,2,0,
rand-preempt-sect_rw,0,15fc5f61cd3ac1c8b1f752394c7f7e0cdffe1b8b,OTHER,possible deadlock,ocfs2_try_remove_refcount_tree,possible deadlock in ocfs2_try_remove_refcount_tree,long-term-18-MAR-2025,12,0,-2
rand-preempt-sect_rw,0,11c72fb0c41e6b208e32c1369ba053b160a4e890,OTHER,kernel BUG,_ocfs2_free_suballoc_bits,kernel BUG in _ocfs2_free_suballoc_bits,long-term-18-MAR-2025,8,0,
rand-preempt-sect_rw,0,add5c4fb5e9f95ae5e27d88af789c718bb1e8093,WARNING,,btrfs_finish_one_ordered,WARNING in btrfs_finish_one_ordered,long-term-18-MAR-2025,3,0,
rand-preempt-sect_rw,0,56f22f5c6dd421d4cccbb08572f4ad3108e2cdc7,UBSAN,array-index-out-of-bounds,usbhid_parse,UBSAN: array-index-out-of-bounds in usbhid_parse,long-term-18-MAR-2025,4,0,
rand-preempt-sect_rw,0,92692f7ad977501c33f727cfa0c16b8f05107109,KASAN,slab-out-of-bounds Read,sysv_new_inode,KASAN: slab-out-of-bounds Read in sysv_new_inode,long-term-18-MAR-2025,1,1,
rand-preempt-sect_rw,0,b42437d58747d21942237cfa206c518025a2bd0f,UBSAN,shift-out-of-bounds,befs_check_sb,UBSAN: shift-out-of-bounds in befs_check_sb,long-term-18-MAR-2025,6,0,
rand-preempt-sect_rw,0,10ea2b759f72ff5dd26bce896d853e10f00de743,OTHER,,,unregister_netdevice: waiting for DEV to become free,long-term-18-MAR-2025,1,1,
rand-preempt-sect_rw,0,f418b76f6874d5af9a84df6c515403891f5f393c,UBSAN,shift-out-of-bounds,minix_statfs,UBSAN: shift-out-of-bounds in minix_statfs,long-term-18-MAR-2025,6,0,
rand-preempt-sect_rw,0,074f2751986c697854e31ed3636e8a4bc6ef880f,WARNING,,btrfs_create_pending_block_groups,WARNING in btrfs_create_pending_block_groups,long-term-18-MAR-2025,9,0,
rand-preempt-sect_rw,0,b83ebc0f722370f9f7e120e759d663eb44f55efc,OTHER,,,suppressed report,long-term-18-MAR-2025,2,0,-3
rand-preempt-sect_rw,0,132be9b558ca4026d7c573c699cd78a2c2b7b506,OTHER,kernel BUG,hfs_write_inode,kernel BUG in hfs_write_inode,long-term-18-MAR-2025,38,0,
rand-preempt-sect_rw,0,546128f737338cd2c7cccf89222e58afa5d55c52,INFO,rcu detected stall,shmem_fault,INFO: rcu detected stall in shmem_fault,long-term-18-MAR-2025,1,0,
rand-preempt-sect_rw,0,9cfd48d91de763e83b3b281abe91c717ca6086d0,WARNING,,__alloc_frozen_pages_noprof,WARNING in __alloc_frozen_pages_noprof,long-term-18-MAR-2025,8,0,
rand-preempt-sect_rw,0,dc46b765faa1437b040bc5b4672f61924c3feb27,SYZFATAL,,,SYZFATAL: Manager.Poll call failed: unexpected EOF,long-term-18-MAR-2025,4,0,
rand-preempt-sect_rw,0,72a70f17b906a2832412308aeacf6dd4ee13e5e1,INFO,rcu detected stall,rw_verify_area,INFO: rcu detected stall in rw_verify_area,long-term-18-MAR-2025,1,0,
rand-preempt-sect_rw,0,830667af06348d56a13056f922c2e354491d48eb,WARNING,,smsusb_start_streaming/usb_submit_urb,WARNING in smsusb_start_streaming/usb_submit_urb,long-term-18-MAR-2025,26,0,
rand-preempt-sect_rw,0,2e10cda523f2c60dbe19c81fa46ea3e880b28381,INFO,rcu detected stall,sys_madvise,INFO: rcu detected stall in sys_madvise,long-term-18-MAR-2025,1,0,
rand-preempt-sect_rw,0,439c37d288d4f26a33a6c7e5c57a97791453a447,OTHER,,,lost connection to test machine,long-term-18-MAR-2025,0,0,
rand-preempt-sect_rw,0,f609ec5442159a00e16ca4b2a526cf313d5816d3,INFO,rcu detected stall,syscall_trace_enter,INFO: rcu detected stall in syscall_trace_enter,long-term-18-MAR-2025,1,0,
rand-preempt-sect_rw,0,3861eef4bfcc166ba71510f3d2f01e2d4707e42b,INFO,rcu detected stall,sys_bpf,INFO: rcu detected stall in sys_bpf,long-term-18-MAR-2025,1,0,
rand-preempt-sect_rw,0,a94dacdecc09320f0bbf347a0ea431dfcb96655d,INFO,rcu detected stall,netlink_sendmsg,INFO: rcu detected stall in netlink_sendmsg,long-term-18-MAR-2025,1,0,
rand-preempt-sect_rw,0,f958db83e7d016dc48bd820e17a96425b526d07c,INFO,trying to register non-static key,txEnd,INFO: trying to register non-static key in txEnd,long-term-18-MAR-2025,14,0,
rand-preempt-sect_rw,0,6776d9288055bc2c810fe18decc40fff1ad406db,KASAN,slab-out-of-bounds Read,ocfs2_claim_suballoc_bits,KASAN: slab-out-of-bounds Read in ocfs2_claim_suballoc_bits,long-term-18-MAR-2025,1,0,
rand-preempt-sect_rw,0,8c1a74257a625c8a8cd7065f0e4d08ce1d904e2a,INFO,rcu detected stall,do_syscall_64,INFO: rcu detected stall in do_syscall_64,long-term-18-MAR-2025,1,0,
rand-preempt-sect_rw,0,695231c84d74f6da1c4a1bd0ce04c22aa6f8d7ab,WARNING,,dbAdjTree,WARNING in dbAdjTree,long-term-18-MAR-2025,9,0,
rand-preempt-sect_rw,0,3dfede572f0a9ba62b071437854504014a100de9,KASAN,null-ptr-deref Read,drop_buffers,KASAN: null-ptr-deref Read in drop_buffers,long-term-18-MAR-2025,1,0,
rand-preempt-sect_rw,0,de16f1718b80e2f19b307386949d3584cd059a23,INFO,task hung,__fuse_simple_request,INFO: task hung in __fuse_simple_request,long-term-18-MAR-2025,2,0,
rand-preempt-sect_rw,0,8210ac00ca5f0c4ddeafdf60c76983a7901f9d40,WARNING,,udf_truncate_extents,WARNING in udf_truncate_extents,long-term-18-MAR-2025,9,0,
rand-preempt-sect_rw,0,7018765989f8fc1ff705c44b3de4ebe3e64ca7d0,OTHER,kernel BUG,__hfsplus_setxattr,kernel BUG in __hfsplus_setxattr,long-term-18-MAR-2025,28,0,
rand-preempt-sect_rw,0,1e63ac96a36533feb6f19e4c1f4404642a6253f2,WARNING,,cm109_urb_irq_callback/usb_submit_urb,WARNING in cm109_urb_irq_callback/usb_submit_urb,long-term-18-MAR-2025,15,0,
rand-preempt-sect_rw,0,29ee7e32b0252235ea1878b8e49596fa499c356b,OTHER,possible deadlock,start_sync_thread,possible deadlock in start_sync_thread,long-term-18-MAR-2025,1,1,
rand-preempt-sect_rw,0,1f8b31b7c1ce3dbaf9b506bdfbdb1e798e3351f3,KASAN,slab-out-of-bounds Read,hfsplus_bnode_read,KASAN: slab-out-of-bounds Read in hfsplus_bnode_read,long-term-18-MAR-2025,23,0,
rand-preempt-sect_rw,0,6a7caeb00acf3a074fc4dcddf18d981261caedfe,OTHER,kernel BUG,ocfs2_iget,kernel BUG in ocfs2_iget,long-term-18-MAR-2025,3,0,
rand-preempt-sect_rw,0,05ec8f6e5ad443b62e132910e692ab09b877d1be,OTHER,possible deadlock,ocfs2_reserve_suballoc_bits,possible deadlock in ocfs2_reserve_suballoc_bits,long-term-18-MAR-2025,8,0,-2
rand-preempt-sect_rw,0,348e8be3a4520ea63bc79c164db119d808fa2671,OTHER,possible deadlock,gtp_encap_enable_socket,possible deadlock in gtp_encap_enable_socket,long-term-18-MAR-2025,1,1,
rand-preempt-sect_rw,0,03417db7a3c098168a45373b396cebc27a84fca3,OTHER,possible deadlock,diFree,possible deadlock in diFree,long-term-18-MAR-2025,3,0,
rand-preempt-sect_rw,0,b7ddfee12a2ceb39bf0b9d93aadb184015cdfd56,KASAN,slab-use-after-free Read,gfs2_invalidate_folio,KASAN: slab-use-after-free Read in gfs2_invalidate_folio,long-term-18-MAR-2025,1,1,
rand-preempt-sect_rw,0,0cd8f19fe96643323fb314030e394a63849589fa,KASAN,slab-out-of-bounds Write,hfsplus_bnode_read,KASAN: slab-out-of-bounds Write in hfsplus_bnode_read,long-term-18-MAR-2025,7,0,
rand-preempt-sect_rw,0,057de8d8fd45c5ae46e83f2daa1599f8d6333330,OTHER,kernel BUG,z3fold_page_migrate,kernel BUG in z3fold_page_migrate,long-term-18-MAR-2025,90,0,-1
rand-preempt-sect_rw,0,eac717bc8cd1da003a4c1bcc9ccdbfe344214c66,OTHER,general protection fault,lock_sock_nested,general protection fault in lock_sock_nested,long-term-18-MAR-2025,3,0,
rand-preempt-sect_rw,0,86619dc1eabf0f0144c0c78d59562538ae90279d,WARNING,,rcu_check_gp_start_stall,WARNING in rcu_check_gp_start_stall,long-term-18-MAR-2025,1,0,
rand-preempt-sect_rw,0,8451e1d6c526cb2d91d6b7399cd83e2b98caec40,INFO,task hung,jfs_commit_inode,INFO: task hung in jfs_commit_inode,long-term-18-MAR-2025,3,0,
rand-preempt-sect_rw,0,57c78719dc86e22302f107bc1407e2c05cc7de8f,KASAN,slab-use-after-free Read,release_metapage,KASAN: slab-use-after-free Read in release_metapage,long-term-18-MAR-2025,2,0,
rand-preempt-sect_rw,0,36ee3cf62760d3dd70abb165b5f4c44efc22ef17,WARNING,,mark_buffer_dirty,WARNING in mark_buffer_dirty,long-term-18-MAR-2025,17,0,
rand-preempt-sect_rw,0,f48cc881b60886898c7e47830174497c7718d0a3,WARNING,,media_create_pad_link,WARNING in media_create_pad_link,long-term-18-MAR-2025,36,0,-6
rand-preempt-sect_rw,0,f9335fdc6d0ca3299962ff1546b31db0de911537,OTHER,possible deadlock,hfsplus_file_extend,possible deadlock in hfsplus_file_extend,long-term-18-MAR-2025,75,0,-6
rand-preempt-sect_rw,0,bd9987deb87e406269fc3d93d322fbb15e327078,KASAN,null-ptr-deref Read,txBeginAnon,KASAN: null-ptr-deref Read in txBeginAnon,long-term-18-MAR-2025,2,0,
rand-preempt-sect_rw,0,b2ccd33bcfee6a3d6b06e567a4693190497a42e8,OTHER,kernel BUG,dbFindBits,kernel BUG in dbFindBits,long-term-18-MAR-2025,13,0,
rand-preempt-sect_rw,0,d83247065b9ee0be2f68ec4874d1c93fe9ffe4fc,INFO,rcu detected stall,sys_newfstatat,INFO: rcu detected stall in sys_newfstatat,long-term-18-MAR-2025,1,0,
rand-preempt-sect_rw,0,09b03f54ccac813d5bd1c3d1b8e5d22bf942a5c5,KASAN,use-after-free Read,__ocfs2_flush_truncate_log,KASAN: use-after-free Read in __ocfs2_flush_truncate_log,long-term-18-MAR-2025,4,0,
rand-preempt-sect_rw,0,d9c7ebaef2a5695099252ae2762d4376ed7b12a1,INFO,task hung,hfs_mdb_commit,INFO: task hung in hfs_mdb_commit,long-term-18-MAR-2025,1,0,
rand-preempt-sect_rw,0,b20926aae163c5a20c4b4e1af5c1d1509603cfa4,OTHER,general protection fault,do_compact_page,general protection fault in do_compact_page,long-term-18-MAR-2025,1,0,
rand-preempt-sect_rw,0,ffe28009af84c0b9beb49b6baf72fe0029fcaff2,KASAN,slab-out-of-bounds Read,dtSearch,KASAN: slab-out-of-bounds Read in dtSearch,long-term-18-MAR-2025,8,0,
rand-preempt-sect_rw,0,8546dc410d85396686da530b87c99653735421b3,OTHER,kernel BUG,txUnlock,kernel BUG in txUnlock,long-term-18-MAR-2025,18,0,
rand-preempt-sect_rw,0,24a99802efd975e76f9822c2a9e45876a00d5784,OTHER,general protection fault,hfs_find_init,general protection fault in hfs_find_init,long-term-18-MAR-2025,30,0,
rand-preempt-sect_rw,0,5ae658b426e79e1899d93673d06b4377b70d57c5,WARNING,,amradio_send_cmd/usb_submit_urb,WARNING in amradio_send_cmd/usb_submit_urb,long-term-18-MAR-2025,32,0,
rand-preempt-sect_rw,0,e0a2d3acf588fe830c86b2bcba1bfb0e306c060a,WARNING,,minstrel_ht_update_caps,WARNING in minstrel_ht_update_caps,long-term-18-MAR-2025,3,0,
rand-preempt-sect_rw,0,7ae2e9c25ee75e92bec28c2628d796b8b41f3e8f,OTHER,possible deadlock,hfsplus_block_free,possible deadlock in hfsplus_block_free,long-term-18-MAR-2025,4,2,-3
rand-preempt-sect_rw,0,dac17913a5b5246a1d1bd6734441801e03ce2b6d,BUG,stack guard page was hit,corrupted,BUG: stack guard page was hit in corrupted,long-term-18-MAR-2025,100,0,-12
rand-preempt-sect_rw,0,a200854dba0c559d34b0fb6efef5168496d1f570,INFO,rcu detected stall,syscall_exit_to_user_mode,INFO: rcu detected stall in syscall_exit_to_user_mode,long-term-18-MAR-2025,6,0,
rand-preempt-sect_rw,0,f5e68e16341d8bc960cd76ec3509b3e7a0f58dff,SYZFATAL,,,SYZFATAL: executor NUM failed NUM times: executor NUM: failed to write control pipe: write |NUM: broken pipe,long-term-18-MAR-2025,1,0,
rand-preempt-sect_rw,0,017cb3bdf0c5617a8e8764b3d2af89095b1840bd,OTHER,general protection fault,jfs_error,general protection fault in jfs_error,long-term-18-MAR-2025,1,0,
rand-preempt-sect_rw,0,4b6f8bd3ff627b858f545a1a88595e4e86c4d009,INFO,rcu detected stall,worker_thread,INFO: rcu detected stall in worker_thread,long-term-18-MAR-2025,10,0,
rand-preempt-sect_rw,0,d332decbac2ad114d77751201cf487b17ea7477f,OTHER,possible deadlock,do_ip_setsockopt,possible deadlock in do_ip_setsockopt,long-term-18-MAR-2025,1,0,
rand-preempt-sect_rw,0,d5640d0f24ec0060eadcde67e44bc859a53c77b7,INFO,rcu detected stall,tc_modify_qdisc,INFO: rcu detected stall in tc_modify_qdisc,long-term-18-MAR-2025,20,0,
rand-preempt-sect_rw,0,4b4252ed51090893cb4e2d93b1a7ea6ff6cc770a,KASAN,use-after-free Read,__ext4_check_dir_entry,KASAN: use-after-free Read in __ext4_check_dir_entry,long-term-18-MAR-2025,2,0,
rand-preempt-sect_rw,0,636daca53c61ab3f01e8c4398a8bd1e1241b9093,KASAN,use-after-free Read,sysv_new_block,KASAN: use-after-free Read in sysv_new_block,long-term-18-MAR-2025,12,0,
rand-preempt-sect_rw,0,4eb0cedf4c4f813ff6f95bd44194837bb8e40360,OTHER,possible deadlock,team_del_slave,possible deadlock in team_del_slave,long-term-18-MAR-2025,4,0,-3
rand-preempt-sect_rw,0,daa0f83ef631775e0e3ccbbf8cd4eab33fb10764,INFO,task hung,uevent_show,INFO: task hung in uevent_show,long-term-18-MAR-2025,1,0,
rand-preempt-sect_rw,0,d482f6ef0b8d8eba7847b21bacd7989150078dcd,OTHER,kernel BUG,ext4_write_inline_data,kernel BUG in ext4_write_inline_data,long-term-18-MAR-2025,4,0,
rand-preempt-sect_rw,0,327e4d4aa7741aa1034058cb4db0227a4fa34bc3,INFO,rcu detected stall,sys_futex,INFO: rcu detected stall in sys_futex,long-term-18-MAR-2025,2,0,
rand-preempt-sect_rw,0,b22fe79221a35ac6556b13c4435facbda5f236c9,OTHER,,,go runtime error,long-term-18-MAR-2025,2,0,
rand-preempt-sect_rw,2,e162a14486b7fa92c447c9877290d98f15de6126,WARNING,,__btrfs_free_extent,WARNING in __btrfs_free_extent,long-term-18-MAR-2025,1,0,
rand-preempt-sect_rw,2,80cca76d88cb4da525ca17f66228ddf1e34b7d69,KASAN,use-after-free Read,post_alloc_hook,KASAN: use-after-free Read in post_alloc_hook,long-term-18-MAR-2025,2,0,
rand-preempt-sect_rw,2,d298cfd5c4896f6cd3ca915ac803c7bb424a25ff,KASAN,slab-use-after-free Read,__ocfs2_find_path,KASAN: slab-use-after-free Read in __ocfs2_find_path,long-term-18-MAR-2025,1,1,
rand-preempt-sect_rw,2,78c0bcefdfcbad9a237a58a859bb44e10a06007d,OTHER,general protection fault,do_pagemap_cmd,general protection fault in do_pagemap_cmd,long-term-18-MAR-2025,4,0,
rand-preempt-sect_rw,2,940a6e3e4f852aa8ddc5ff36dc67cdb84dc1e8bc,WARNING,,ath6kl_bmi_get_target_info,WARNING in ath6kl_bmi_get_target_info,long-term-18-MAR-2025,5,0,
rand-preempt-sect_rw,2,afcca8abda4a8ae1eab5c7ed21368c0187640b34,OTHER,possible deadlock,mi_read,possible deadlock in mi_read,long-term-18-MAR-2025,1,0,
rand-preempt-sect_rw,2,7b48029d23b35bdc12cdd74c41e9cd981b0e2bd7,INFO,rcu detected stall,sys_mount,INFO: rcu detected stall in sys_mount,long-term-18-MAR-2025,1,0,
rand-preempt-sect_rw,2,c95d2cded9f6435c06acd52fca139932148852a4,OTHER,kernel BUG,jffs2_start_garbage_collect_thread,kernel BUG in jffs2_start_garbage_collect_thread,long-term-18-MAR-2025,1,0,
rand-preempt-sect_rw,2,10aee77ff93a1e88f3e4748eebcd94c9b30aae67,KASAN,slab-out-of-bounds Write,hfs_bnode_read,KASAN: slab-out-of-bounds Write in hfs_bnode_read,long-term-18-MAR-2025,9,0,
rand-preempt-sect_rw,2,df215d146ee8261184cc7fb81b48eb3e5a3dea15,UBSAN,shift-out-of-bounds,dbFindBits,UBSAN: shift-out-of-bounds in dbFindBits,long-term-18-MAR-2025,3,0,
rand-preempt-sect_rw,2,c0addd8b0397a51f224ad9144c7297df34762181,INFO,rcu detected stall,sys_clock_adjtime,INFO: rcu detected stall in sys_clock_adjtime,long-term-18-MAR-2025,11,0,
rand-preempt-sect_rw,2,b5142367e6f72d354001de3ba02ceca0426a300b,INFO,rcu detected stall,sys_unlinkat,INFO: rcu detected stall in sys_unlinkat,long-term-18-MAR-2025,1,1,
rand-preempt-sect_rw,2,e9f5b11984c54cecb386b92bb20c76d5d003719f,OTHER,,,no output from test machine,long-term-18-MAR-2025,0,0,
rand-preempt-sect_rw,2,8a1638229db60175d7fa5e570f8e450a1b567a94,WARNING,,ieee80211_start_next_roc,WARNING in ieee80211_start_next_roc,long-term-18-MAR-2025,1,0,
rand-preempt-sect_rw,2,55993dff4f027c4739dbe23c44fb23013e6b3612,INFO,task hung,rfkill_global_led_trigger_worker,INFO: task hung in rfkill_global_led_trigger_worker,long-term-18-MAR-2025,5,0,
rand-preempt-sect_rw,2,730f414ca65eb3557d852caff502031994688a23,KASAN,slab-use-after-free Write,gfs2_qd_dealloc,KASAN: slab-use-after-free Write in gfs2_qd_dealloc,long-term-18-MAR-2025,1,0,
rand-preempt-sect_rw,2,b374624f5a343655153337ff53e38702f1bca05e,WARNING,locking bug,kvm_xen_set_evtchn_fast,WARNING: locking bug in kvm_xen_set_evtchn_fast,long-term-18-MAR-2025,1,0,
rand-preempt-sect_rw,2,ede7206a46cd4f0524fec87eb20b584433dc428a,BUG,unable to handle kernel NULL pointer dereference,generic_perform_write,BUG: unable to handle kernel NULL pointer dereference in generic_perform_write,long-term-18-MAR-2025,3,0,
rand-preempt-sect_rw,2,910e3195261654c617977513fc7cef18d9dde9bd,WARNING,,format_decode,WARNING in format_decode,long-term-18-MAR-2025,34,0,
rand-preempt-sect_rw,2,6fe82abb6044933681b9787680ee4a92ac94fa79,KASAN,vmalloc-out-of-bounds Write,vrealloc_noprof,KASAN: vmalloc-out-of-bounds Write in vrealloc_noprof,long-term-18-MAR-2025,2,0,
rand-preempt-sect_rw,2,e44f9133d5d101caa7d9d5fc9974a77d7462b95f,WARNING,,udf_setsize,WARNING in udf_setsize,long-term-18-MAR-2025,2,1,
rand-preempt-sect_rw,2,348d04fcf145bb6b19c1097d130b6f8402a811b1,INFO,rcu detected stall,kcompactd,INFO: rcu detected stall in kcompactd,long-term-18-MAR-2025,1,0,
rand-preempt-sect_rw,2,14692319382598dac4dee0cca30dcdf451cb5eb7,WARNING,,rate_control_rate_init,WARNING in rate_control_rate_init,long-term-18-MAR-2025,19,0,
rand-preempt-sect_rw,2,3e2a1759d5435eaceffbb63b34ef8c16e524e1c1,BUG,sleeping function called from invalid context,lock_sock_nested,BUG: sleeping function called from invalid context in lock_sock_nested,long-term-18-MAR-2025,8,0,-1
rand-preempt-sect_rw,2,5bb32f20e84c99708f7fb1fb4d0aea11af9cf855,WARNING,,inode_set_cached_link,WARNING in inode_set_cached_link,long-term-18-MAR-2025,13,0,
rand-preempt-sect_rw,2,84199872ab6d3ddf70865d187e5aaa4baeb47c65,WARNING,,rfc2863_policy,WARNING in rfc2863_policy,long-term-18-MAR-2025,2,0,
rand-preempt-sect_rw,2,4d29c05a745169575292085f4324f8fc89f0c326,OTHER,kernel BUG,jfs_evict_inode,kernel BUG in jfs_evict_inode,long-term-18-MAR-2025,20,0,
rand-preempt-sect_rw,2,062ff284ba014a69851c4aea42e2d5e0fe6f252a,INFO,task hung,rfkill_fop_write,INFO: task hung in rfkill_fop_write,long-term-18-MAR-2025,3,0,
rand-preempt-sect_rw,2,5895379d1c8abffccdab30e6eb78c2677e98e219,WARNING,,delayed_free,WARNING in delayed_free,long-term-18-MAR-2025,4,0,
rand-preempt-sect_rw,2,9c7d0c78815f7f407102b63d07ed649359f3b8bb,OTHER,possible deadlock,smc_switch_to_fallback,possible deadlock in smc_switch_to_fallback,long-term-18-MAR-2025,5,0,-2
rand-preempt-sect_rw,2,888c0f7f9e50a51d048bb9ab854b76d4759ba556,OTHER,kernel BUG,ocfs2_write_block,kernel BUG in ocfs2_write_block,long-term-18-MAR-2025,5,0,-232
rand-preempt-sect_rw,2,4c7f3321d8f5dea39da49fc06a7b6f8b8592ebeb,OTHER,possible deadlock,hsr_dev_xmit,possible deadlock in hsr_dev_xmit,long-term-18-MAR-2025,3,0,
rand-preempt-sect_rw,2,2a688f1295824561ed7dd2ebee0af337647603ef,WARNING,,inode_to_wb,WARNING in inode_to_wb,long-term-18-MAR-2025,100,0,-32
rand-preempt-sect_rw,2,51cc94811ebd073cf5874f118692256ef1eadf90,INFO,rcu detected stall,x64_sys_call,INFO: rcu detected stall in x64_sys_call,long-term-18-MAR-2025,1,0,
rand-preempt-sect_rw,2,5989b22e7d1b7a92ebab7da8be1616b1ca1b97e0,OTHER,possible deadlock,ip_mroute_setsockopt,possible deadlock in ip_mroute_setsockopt,long-term-18-MAR-2025,1,0,
rand-preempt-sect_rw,2,fc743b500325b2aaff9198b8c89432d2c017df75,OTHER,general protection fault,txEnd,general protection fault in txEnd,long-term-18-MAR-2025,1,1,
rand-preempt-sect_rw,2,cf1828f4f7cddf8f5e3f9f01be66e00c7044de90,INFO,rcu detected stall,sys_openat,INFO: rcu detected stall in sys_openat,long-term-18-MAR-2025,4,0,
rand-preempt-sect_rw,2,4d43edefe43dc89161dd7655b29f662f04b5f2cc,OTHER,possible deadlock,hfs_find_init,possible deadlock in hfs_find_init,long-term-18-MAR-2025,26,0,-1
rand-preempt-sect_rw,2,cdd69e0ed1cc1c5f668770f90bd1b8218355e1cd,INFO,task hung,__buffer_migrate_folio,INFO: task hung in __buffer_migrate_folio,long-term-18-MAR-2025,9,0,
rand-preempt-sect_rw,2,670153e888f4e124a9c42b6e5d582c0f0872ec86,INFO,rcu detected stall,rtnl_newlink,INFO: rcu detected stall in rtnl_newlink,long-term-18-MAR-2025,1,0,
rand-preempt-sect_rw,2,afd75899ce257f0020e9d9c47e3ae3fe04a8b7dd,OTHER,general protection fault,hfsplus_rename_cat,general protection fault in hfsplus_rename_cat,long-term-18-MAR-2025,8,0,
rand-preempt-sect_rw,2,fc92a3d48f65988af59ad25d6bb9efc5b7e0564c,WARNING,,__invalidate_bh_lrus,WARNING in __invalidate_bh_lrus,long-term-18-MAR-2025,22,0,
rand-preempt-sect_rw,2,d8be63074701bec1ae41d54340c12eab439652fb,WARNING,,usb_free_urb,WARNING in usb_free_urb,long-term-18-MAR-2025,4,0,
rand-preempt-sect_rw,2,81faef6ce66f2f63d7030f143c557fb3ceb76a36,BUG,,,"BUG: ""hc->tx_t_ipi == NUM"" holds (exception!) at net/dccp/ccids/ccid3.c:LINE/ccid3_update_send_interval()",long-term-18-MAR-2025,10,0,-3
rand-preempt-sect_rw,2,1acf5e182a84e6bfdbd928dc9344d81069818566,KASAN,slab-use-after-free Read,folio_evictable,KASAN: slab-use-after-free Read in folio_evictable,long-term-18-MAR-2025,1,0,
rand-preempt-sect_rw,2,29aec000cb9c27993a3ad3ea6f881262fafccd4b,UBSAN,shift-out-of-bounds,dbSplit,UBSAN: shift-out-of-bounds in dbSplit,long-term-18-MAR-2025,2,0,
rand-preempt-sect_rw,2,4f7ccbaf7b7bf9f62ba80a9a30f1094ecc656cd0,OTHER,kernel BUG,txEnd,kernel BUG in txEnd,long-term-18-MAR-2025,7,0,
rand-preempt-sect_rw,2,a452f0e64788cc908f0eebdc7cdf2c97d97d3c3b,INFO,task hung,lookup_slow,INFO: task hung in lookup_slow,long-term-18-MAR-2025,1,0,
rand-preempt-sect_rw,2,416fc16dc61e88df48b8990e74bd866199c4f53a,WARNING,,__rate_control_send_low,WARNING in __rate_control_send_low,long-term-18-MAR-2025,6,0,
rand-preempt-sect_rw,2,d55cddbfbe70446f2d66df758e7e93c285e69db9,WARNING,,call_timer_fn,WARNING in call_timer_fn,long-term-18-MAR-2025,2,0,
rand-preempt-sect_rw,2,1d9bb5d25d509bfa2a7dd17a2add36a0762765ac,BUG,,,"BUG: please report to dccp@vger.kernel.org => prev = NUM, last = NUM at net/dccp/ccids/lib/packet_history.c:LINE/tfrc_rx",long-term-18-MAR-2025,4,0,
rand-preempt-sect_rw,2,107d4fad6be90805aa165afb3d9b4181c1605ce1,INFO,rcu detected stall,do_idle,INFO: rcu detected stall in do_idle,long-term-18-MAR-2025,12,0,
rand-preempt-sect_rw,2,3269e5951156d0e668d0762aac8c7a604f91ee6c,INFO,rcu detected stall,kthread_exit,INFO: rcu detected stall in kthread_exit,long-term-18-MAR-2025,1,0,
rand-preempt-sect_rw,2,ff60c39b4d0c8b8748bab3faa28f93bdc2068378,OTHER,general protection fault,rcu_core,general protection fault in rcu_core,long-term-18-MAR-2025,1,0,
rand-preempt-sect_rw,2,82452223a9d5475e89cd85d4db53932ea7ffbb57,KASAN,wild-memory-access Read,hfsplus_bnode_read,KASAN: wild-memory-access Read in hfsplus_bnode_read,long-term-18-MAR-2025,6,0,
rand-preempt-sect_rw,2,5af6ff7f278442148564208bf9e6025f91c66aec,OTHER,kernel BUG,ocfs2_set_new_buffer_uptodate,kernel BUG in ocfs2_set_new_buffer_uptodate,long-term-18-MAR-2025,2,0,
rand-preempt-sect_rw,2,717f2a442c2ec31e6880fa8ad81443a56fc4fbed,OTHER,kernel BUG,txAbort,kernel BUG in txAbort,long-term-18-MAR-2025,4,0,
rand-preempt-sect_rw,2,59bad2e4e0e8758ddd7a8b2d9a7db7761f18597d,OTHER,kernel BUG,ocfs2_claim_suballoc_bits,kernel BUG in ocfs2_claim_suballoc_bits,long-term-18-MAR-2025,7,0,
rand-preempt-sect_rw,2,b1228ff614d81f288019daad0267672f783ee27c,OTHER,possible deadlock,ext4_xattr_inode_lookup_create,possible deadlock in ext4_xattr_inode_lookup_create,long-term-18-MAR-2025,3,0,-1
rand-preempt-sect_rw,2,5baf49631b482b988a856ed38952a15781991c0b,KASAN,slab-out-of-bounds Read,sysv_new_block,KASAN: slab-out-of-bounds Read in sysv_new_block,long-term-18-MAR-2025,1,0,
rand-preempt-sect_rw,2,7214aa7d762fab9b78cf0384c36ff62783f904b8,INFO,rcu detected stall,smp_call_function,INFO: rcu detected stall in smp_call_function,long-term-18-MAR-2025,1,0,
rand-preempt-sect_rw,2,96c447fce9cab7899e95a08f52a4c45da0691d56,WARNING,,__ieee80211_beacon_get,WARNING in __ieee80211_beacon_get,long-term-18-MAR-2025,11,0,
rand-preempt-sect_rw,2,d500366678f2a2b2ed69324bbfaf20ac43631c72,OTHER,possible deadlock,console_flush_all,possible deadlock in console_flush_all,long-term-18-MAR-2025,2,0,
rand-preempt-sect_rw,2,d3352a10231ea5c95eb5876ebf50e3601e86b547,WARNING,,btrfs_commit_transaction,WARNING in btrfs_commit_transaction,long-term-18-MAR-2025,1,0,
rand-preempt-sect_rw,2,d58b9c335e71ad5e9143d8190f0b05f268093e7d,WARNING,,__find_get_block,WARNING in __find_get_block,long-term-18-MAR-2025,1,0,
rand-preempt-sect_rw,2,89b3b67efdd299d6754b6f7d8f626f085a42808b,OTHER,kernel BUG,jffs2_del_ino_cache,kernel BUG in jffs2_del_ino_cache,long-term-18-MAR-2025,6,0,
rand-preempt-sect_rw,2,a5151f2aa840fe7bc90c672c803890cf4bc95b13,INFO,rcu detected stall,kswapd,INFO: rcu detected stall in kswapd,long-term-18-MAR-2025,9,0,
rand-preempt-sect_rw,2,7154156a9841df26dd0871d79ccab7324d3c5044,KASAN,slab-use-after-free Read,hdm_disconnect,KASAN: slab-use-after-free Read in hdm_disconnect,long-term-18-MAR-2025,6,0,
rand-preempt-sect_rw,2,cae0c49cb8a02ebed9b30518fd78ecaf184ce0d9,KASAN,use-after-free Write,ext4_insert_dentry,KASAN: use-after-free Write in ext4_insert_dentry,long-term-18-MAR-2025,7,0,
rand-preempt-sect_rw,2,bd13438de068333c8c0bc186aa351913f11ff0c8,OTHER,possible deadlock,ntfs_look_for_free_space,possible deadlock in ntfs_look_for_free_space,long-term-18-MAR-2025,2,2,-3
rand-preempt-sect_rw,2,bd11136f01547d97986820803dd814774f5e80c1,WARNING,,__udf_add_aext,WARNING in __udf_add_aext,long-term-18-MAR-2025,4,0,
rand-preempt-sect_rw,2,6c01a324911451b89f168a51cc535a981fef28bd,OTHER,general protection fault,bfs_get_block,general protection fault in bfs_get_block,long-term-18-MAR-2025,1,1,
rand-preempt-sect_rw,2,ca855d2571f6d9c8a8fd9f0ee1b79d91b2747a0b,OTHER,kernel BUG,ocfs2_write_cluster_by_desc,kernel BUG in ocfs2_write_cluster_by_desc,long-term-18-MAR-2025,2,0,
rand-preempt-sect_rw,2,2095a04c4fb9abadba1ecd9748a422e47db50419,INFO,rcu detected stall,sys_getsockopt,INFO: rcu detected stall in sys_getsockopt,long-term-18-MAR-2025,1,1,
rand-preempt-sect_rw,2,8c61c462c66668d7fe521d844360c58207a40dd9,WARNING,,pvr2_send_request_ex/usb_submit_urb,WARNING in pvr2_send_request_ex/usb_submit_urb,long-term-18-MAR-2025,2,0,
rand-preempt-sect_rw,2,4acb584fc96d56cb961babafdb895e8e8ff4ac15,INFO,rcu detected stall,filemap_fault,INFO: rcu detected stall in filemap_fault,long-term-18-MAR-2025,1,0,
rand-preempt-sect_rw,2,5e7ac63ebdfb8e33254bd15242adb4b27ef36e84,OTHER,possible deadlock,sock_set_reuseaddr,possible deadlock in sock_set_reuseaddr,long-term-18-MAR-2025,2,0,-1
rand-preempt-sect_rw,2,7182ae311b03985023fb1ba76940fd5617cae6d8,WARNING,,netfs_writepages,WARNING in netfs_writepages,long-term-18-MAR-2025,1,0,
rand-preempt-sect_rw,2,8066f026209a5e9f01cec86e629b05f8bae3a9e5,KASAN,use-after-free Read,__ocfs2_find_path,KASAN: use-after-free Read in __ocfs2_find_path,long-term-18-MAR-2025,5,0,
rand-preempt-sect_rw,2,f58c116be36fa20d2c4279e0b70cd3e4083e4fb0,OTHER,kernel BUG,clear_inode,kernel BUG in clear_inode,long-term-18-MAR-2025,1,0,
rand-preempt-sect_rw,2,cd1f4d10aeccd425f032ef8307ca2a72d86c67b8,INFO,task hung,lock_metapage,INFO: task hung in lock_metapage,long-term-18-MAR-2025,3,0,
rand-preempt-sect_rw,2,b8cd92c1478d22bf00f49d211bf24287a812a0e0,INFO,task hung,bdev_release,INFO: task hung in bdev_release,long-term-18-MAR-2025,4,0,
rand-preempt-sect_rw,2,f5a259f85d42c3c72cf17ef817a151c8f215a51b,OTHER,general protection fault,jfs_flush_journal,general protection fault in jfs_flush_journal,long-term-18-MAR-2025,2,0,
rand-preempt-sect_rw,2,f7413896ad4af6003ae85c8b1e9ab706c1b3eafc,INFO,rcu detected stall,sys_clone,INFO: rcu detected stall in sys_clone,long-term-18-MAR-2025,2,0,
rand-preempt-sect_rw,2,518f9409bd34d7d8e7f25c6d19f2306bf745e274,OTHER,kernel BUG,__ext4_journal_stop,kernel BUG in __ext4_journal_stop,long-term-18-MAR-2025,1,1,
rand-preempt-sect_rw,2,54c64326ac986019cd295ded2801cde8190f7b75,INFO,task hung,inode_sleep_on_writeback,INFO: task hung in inode_sleep_on_writeback,long-term-18-MAR-2025,1,1,
rand-preempt-sect_rw,2,fc2733d2cd6cf20337fdfa85857fe92acc4e67e1,WARNING,,bcm5974_start_traffic/usb_submit_urb,WARNING in bcm5974_start_traffic/usb_submit_urb,long-term-18-MAR-2025,17,0,-3
rand-preempt-sect_rw,2,07e39c2fbce7aa7d84f74f35b98c045a0e0b76e8,INFO,rcu detected stall,NF_HOOK,INFO: rcu detected stall in NF_HOOK,long-term-18-MAR-2025,1,0,
rand-preempt-sect_rw,2,c991ea08384dcae5e17c3575fd230a3ad42c084c,OTHER,possible deadlock,attr_data_get_block,possible deadlock in attr_data_get_block,long-term-18-MAR-2025,2,0,
rand-preempt-sect_rw,2,cf239e947e8ee82f53f98768040835fc4f8f050c,INFO,rcu detected stall,sys_clock_settime,INFO: rcu detected stall in sys_clock_settime,long-term-18-MAR-2025,2,0,
rand-preempt-sect_rw,2,d027818df46bc1ecda09916eaeed5bd6798095b6,WARNING,,drop_nlink,WARNING in drop_nlink,long-term-18-MAR-2025,9,0,
rand-preempt-sect_rw,2,c8a24c42ab318046943779327b5e06f8134a445f,KASAN,user-memory-access Write,__destroy_inode,KASAN: user-memory-access Write in __destroy_inode,long-term-18-MAR-2025,8,0,
rand-preempt-sect_rw,2,717032a22f7c66339ad18aa5c7100ebd76ad1ea7,WARNING,,hfs_bnode_create,WARNING in hfs_bnode_create,long-term-18-MAR-2025,19,0,
rand-preempt-sect_rw,2,9a2fe3c6b993d0df25eab726dec203e61dc6b027,KASAN,out-of-bounds Read,ext4_xattr_set_entry,KASAN: out-of-bounds Read in ext4_xattr_set_entry,long-term-18-MAR-2025,4,0,
rand-preempt-sect_rw,2,143189e89dcd5e8dc7e14dd0755b3fd525128031,BUG,,,BUG: Bad page state,long-term-18-MAR-2025,3,0,-3
rand-preempt-sect_rw,2,236682dc9e4ebd8581e72868857ce86280630cb5,OTHER,possible deadlock,hfsplus_find_init,possible deadlock in hfsplus_find_init,long-term-18-MAR-2025,30,0,-92
rand-preempt-sect_rw,2,3a4666fb760a742c20ea2ec36a3c0958a00befa5,WARNING,,ext4_iomap_begin,WARNING in ext4_iomap_begin,long-term-18-MAR-2025,1,1,
rand-preempt-sect_rw,2,f2e29aff4ec2f00c8e0c3d2d3c5a0e0ba46f8fd1,INFO,rcu detected stall,unwind_get_return_address,INFO: rcu detected stall in unwind_get_return_address,long-term-18-MAR-2025,1,0,
rand-preempt-sect_rw,2,e6d8f6920ea33930ce04015d835a9730b4ced060,INFO,rcu detected stall,sys_unlink,INFO: rcu detected stall in sys_unlink,long-term-18-MAR-2025,1,0,
rand-preempt-sect_rw,2,0c236f1d3444dc690faefc668afbc564e5a44184,WARNING,,kernfs_get,WARNING in kernfs_get,long-term-18-MAR-2025,1,0,
rand-preempt-sect_rw,2,103320bd81f0937a4e872a386aec1c168df86605,OTHER,,,kernel panic: Fatal exception,long-term-18-MAR-2025,1,0,
rand-preempt-sect_rw,2,084728785a422eb947a33faad79ca3465e020026,OTHER,possible deadlock,udf_free_blocks,possible deadlock in udf_free_blocks,long-term-18-MAR-2025,4,0,-2
rand-preempt-sect_rw,2,1616a6774e1e4f32979c3d9624c3bd1186cbe468,UBSAN,shift-out-of-bounds,extAlloc,UBSAN: shift-out-of-bounds in extAlloc,long-term-18-MAR-2025,1,0,
rand-preempt-sect_rw,2,1eb07be854cc11b560ce1b45e5d0579ca602b368,OTHER,possible deadlock,gup_fast_fallback,possible deadlock in gup_fast_fallback,long-term-18-MAR-2025,1,2,-1
rand-preempt-sect_rw,2,38dec108eee0b492a62d86e6b92d2133e8ab9cc5,KASAN,slab-out-of-bounds Write,diWrite,KASAN: slab-out-of-bounds Write in diWrite,long-term-18-MAR-2025,1,0,
rand-preempt-sect_rw,2,e1591f5807cca98241c629b5860e9e5e1c358571,WARNING,suspicious RCU usage,get_callchain_entry,WARNING: suspicious RCU usage in get_callchain_entry,long-term-18-MAR-2025,24,0,-4
rand-preempt-sect_rw,2,1a6abe077825183e67b67c3313ea6f99a992fe86,INFO,rcu detected stall,corrupted,INFO: rcu detected stall in corrupted,long-term-18-MAR-2025,41,0,-11
rand-preempt-sect_rw,2,435f0baa0b40cab2bc6ad6e584cb66dd641f3efe,OTHER,possible deadlock,kernfs_seq_start,possible deadlock in kernfs_seq_start,long-term-18-MAR-2025,2,0,
rand-preempt-sect_rw,2,6bfb19d7f651b70ce0ff4685912f3a524094c474,INFO,task hung,lmLogClose,INFO: task hung in lmLogClose,long-term-18-MAR-2025,6,0,
rand-preempt-sect_rw,2,a7639dcaa0943aa8a9470fbff76d4c40bbd8a3f6,UBSAN,array-index-out-of-bounds,dbAllocBits,UBSAN: array-index-out-of-bounds in dbAllocBits,long-term-18-MAR-2025,2,0,
rand-preempt-sect_rw,2,cfbae8737f6cf1bb119f7a082836ba75e5c23c05,OTHER,kernel BUG,ext4_inline_data_truncate,kernel BUG in ext4_inline_data_truncate,long-term-18-MAR-2025,2,0,-7
rand-preempt-sect_rw,2,68807c4df71d721a9215e22ac844e6a5fbc87898,WARNING,,ext4_xattr_inode_lookup_create,WARNING in ext4_xattr_inode_lookup_create,long-term-18-MAR-2025,6,0,
rand-preempt-sect_rw,2,4ecda27d97e590e179a8c967d0b1615224f921fd,WARNING,,reserve_ds_buffers,WARNING in reserve_ds_buffers,long-term-18-MAR-2025,3,0,
rand-preempt-sect_rw,2,ff12148d728e8c4ebaf0d1070b81bce4ae226880,OTHER,kernel BUG,ext4_do_writepages,kernel BUG in ext4_do_writepages,long-term-18-MAR-2025,4,0,
rand-preempt-sect_rw,2,da46f7c0e060fe79bb18f8875d62b8aca72f8caa,INFO,rcu detected stall,seq_read_iter,INFO: rcu detected stall in seq_read_iter,long-term-18-MAR-2025,1,0,
rand-preempt-sect_rw,2,1c1ad6cb183c2b4daa51033c388b12dbb0b3bb8a,OTHER,general protection fault,debug_check_no_obj_freed,general protection fault in debug_check_no_obj_freed,long-term-18-MAR-2025,1,1,
rand-preempt-sect_rw,2,bc70a607f7f21da8b849ae8a28aeb3dc3b6637e5,INFO,rcu detected stall,kcov_close,INFO: rcu detected stall in kcov_close,long-term-18-MAR-2025,1,0,
rand-preempt-sect_rw,2,a2b014c9c4cda447ef5f302511344a5162f1e6a5,WARNING,,fanotify_handle_event,WARNING in fanotify_handle_event,long-term-18-MAR-2025,3,0,
rand-preempt-sect_rw,2,64d5cceef5716756190eaab9a1a19771c430b99d,OTHER,kernel BUG,dbFindLeaf,kernel BUG in dbFindLeaf,long-term-18-MAR-2025,9,0,-12
rand-preempt-sect_rw,2,afbcab044ccf826599331b98cefb6e1479387053,UBSAN,array-index-out-of-bounds,dbJoin,UBSAN: array-index-out-of-bounds in dbJoin,long-term-18-MAR-2025,3,0,
rand-preempt-sect_rw,2,aeea050a3949d1cb446d09f62376df9f95fdb0e6,INFO,task hung,fuse_lookup,INFO: task hung in fuse_lookup,long-term-18-MAR-2025,7,0,
rand-preempt-sect_rw,2,17bbea54697b411e031fba329ac5ac07e587bde7,KASAN,slab-use-after-free Read,ocfs2_claim_suballoc_bits,KASAN: slab-use-after-free Read in ocfs2_claim_suballoc_bits,long-term-18-MAR-2025,1,0,
rand-preempt-sect_rw,2,d07912304aadcd782aaf97a0c3894b4727060789,INFO,task hung,rfkill_fop_open,INFO: task hung in rfkill_fop_open,long-term-18-MAR-2025,1,0,
rand-preempt-sect_rw,2,ea55ed6b4d3385d5bd9193ca7cecbb8e9ad4e11d,WARNING,,gfs2_check_blk_type,WARNING in gfs2_check_blk_type,long-term-18-MAR-2025,16,0,
rand-preempt-sect_rw,2,08ce1918854db60a1bbb29e36cb7e5fd8009584b,KASAN,slab-use-after-free Read,sysv_new_inode,KASAN: slab-use-after-free Read in sysv_new_inode,long-term-18-MAR-2025,1,2,-2
rand-preempt-sect_rw,2,3dcbd1e2079aee55d0f581135e01b287d479999d,KASAN,slab-out-of-bounds Read,hfsplus_uni2asc,KASAN: slab-out-of-bounds Read in hfsplus_uni2asc,long-term-18-MAR-2025,27,0,
rand-preempt-sect_rw,2,d4c9d4f82b2511f8f50f89cfe1db52f0bfd24c57,BUG,corrupted list,add_to_unbuddied,BUG: corrupted list in add_to_unbuddied,long-term-18-MAR-2025,22,0,
rand-preempt-sect_rw,2,4c5fb8eedeca78b3c4fe40bfc05b20601b89508a,KASAN,use-after-free Read,sysv_new_inode,KASAN: use-after-free Read in sysv_new_inode,long-term-18-MAR-2025,21,0,
rand-preempt-sect_rw,2,5751d3475c4df46ed99a3e130bcf4506b2840287,KASAN,out-of-bounds Write,end_buffer_read_sync,KASAN: out-of-bounds Write in end_buffer_read_sync,long-term-18-MAR-2025,1,0,
rand-preempt-sect_rw,2,162dadb50aa733b767be4038d07100f4d62a55bf,KASAN,slab-use-after-free Write,ext4_insert_dentry,KASAN: slab-use-after-free Write in ext4_insert_dentry,long-term-18-MAR-2025,5,0,
rand-preempt-sect_rw,2,d8da3937cd2a93e22e47c45d6042bff5e7af185b,OTHER,general protection fault,__remove_inode_hash,general protection fault in __remove_inode_hash,long-term-18-MAR-2025,1,0,
rand-preempt-sect_rw,2,295c0dc164c3fcf583aa4a873bea301927c81b66,BUG,corrupted list,em28xx_init_extension,BUG: corrupted list in em28xx_init_extension,long-term-18-MAR-2025,2,0,
rand-preempt-sect_rw,2,fb069fec26746cf34d7454f1b9359f3bbbef2b4e,KASAN,vmalloc-out-of-bounds Write,corrupted,KASAN: vmalloc-out-of-bounds Write in corrupted,long-term-18-MAR-2025,2,0,
rand-preempt-sect_rw,2,45976da11977283bb8679fe455030547303c81f8,INFO,task hung,netfs_retry_writes,INFO: task hung in netfs_retry_writes,long-term-18-MAR-2025,1,0,
rand-preempt-sect_rw,2,bf4d7efe80c9af41e54c360e9e6deb116d278e7b,WARNING,,ext4_dirty_folio,WARNING in ext4_dirty_folio,long-term-18-MAR-2025,1,0,
rand-preempt-sect_rw,2,7fd2e08f3865df671e6ddcd0cc0f7ef59d4e9634,OTHER,possible deadlock,xfs_ilock,possible deadlock in xfs_ilock,long-term-18-MAR-2025,3,0,-1
rand-preempt-sect_rw,2,11d137c334a427322898aa51903aed548ece812d,SYZFATAL,,,SYZFATAL: executor NUM failed NUM times: executor NUM: exit status NUM err exit status NUM,long-term-18-MAR-2025,4,0,
rand-preempt-sect_rw,2,bece6e4d8f0a9435df2c7d954abbcacc85f95d47,WARNING,,inet_sock_destruct,WARNING in inet_sock_destruct,long-term-18-MAR-2025,2,0,
rand-preempt-sect_rw,2,0a84729fc6d3b756c62137a61622e0bc9dc803ac,OTHER,possible deadlock,__btrfs_release_delayed_node,possible deadlock in __btrfs_release_delayed_node,long-term-18-MAR-2025,1,0,
rand-preempt-sect_rw,2,d863adef6130a966a3c3efb67b0d52980adfddb7,KASAN,slab-use-after-free Read,corrupted,KASAN: slab-use-after-free Read in corrupted,long-term-18-MAR-2025,4,0,
rand-preempt-sect_rw,2,b934f0b919e8368b02982f2de1c3680e04d2ce47,UBSAN,array-index-out-of-bounds,dtInsertEntry,UBSAN: array-index-out-of-bounds in dtInsertEntry,long-term-18-MAR-2025,1,0,
rand-preempt-sect_rw,2,2b96cb1ecaaadeac663425cb025ba50ac4da36d9,KASAN,slab-out-of-bounds Read,corrupted,KASAN: slab-out-of-bounds Read in corrupted,long-term-18-MAR-2025,1,0,
rand-preempt-sect_rw,2,6d4ed0a139a2460f1d341b0bec84da000ab1e011,OTHER,possible deadlock,ntfs_fiemap,possible deadlock in ntfs_fiemap,long-term-18-MAR-2025,4,0,
rand-preempt-sect_rw,2,b45e5d2b8d3e9173d66db2a85028e01954ea36fc,BUG,spinlock bad magic,post_alloc_hook,BUG: spinlock bad magic in post_alloc_hook,long-term-18-MAR-2025,9,0,
rand-preempt-sect_rw,2,0ef19d3af2ee56643d67d934d68895cad6eb6566,OTHER,possible deadlock,hfsplus_get_block,possible deadlock in hfsplus_get_block,long-term-18-MAR-2025,100,0,-10
rand-preempt-sect_rw,2,db2fa1db6c3955512d63b737cce46348c2e42ee7,UBSAN,array-index-out-of-bounds,dtSplitRoot,UBSAN: array-index-out-of-bounds in dtSplitRoot,long-term-18-MAR-2025,2,0,
rand-preempt-sect_rw,2,54ec343f5fa8ecb771acdd49bf649a6ecdc90ad4,OTHER,general protection fault,lmLogSync,general protection fault in lmLogSync,long-term-18-MAR-2025,11,0,-4
rand-preempt-sect_rw,2,8de37934194f7efcdf593e972abf0baec20d58fc,OTHER,possible deadlock,hfsplus_block_allocate,possible deadlock in hfsplus_block_allocate,long-term-18-MAR-2025,3,2,-5
rand-preempt-sect_rw,2,3a4009706c4f01341275ae0f98fc1bff7b1969d6,WARNING,,hfsplus_bnode_create,WARNING in hfsplus_bnode_create,long-term-18-MAR-2025,41,0,
rand-preempt-sect_rw,2,6677a17b99544b44a0a8f505286b3ac5331c6d17,OTHER,possible deadlock,run_unpack_ex,possible deadlock in run_unpack_ex,long-term-18-MAR-2025,2,2,-4
rand-preempt-sect_rw,2,ac5ef2a3eae7b51684767c36424fdb0b6c5df911,KASAN,slab-use-after-free Read,hfsplus_bnode_read,KASAN: slab-use-after-free Read in hfsplus_bnode_read,long-term-18-MAR-2025,1,0,
rand-preempt-sect_rw,2,24b84e677466c2fc7c7c02356fcf803afbb860ed,INFO,rcu detected stall,kjournald2,INFO: rcu detected stall in kjournald2,long-term-18-MAR-2025,1,0,
rand-preempt-sect_rw,2,4acc974a1a2c4cf1eebcb31e4bc86b85a2f5daa8,INFO,task hung,xlog_grant_head_check,INFO: task hung in xlog_grant_head_check,long-term-18-MAR-2025,2,1,
rand-preempt-sect_rw,2,d26e5d54513d8e07824a89def57525f6d3c0f539,BUG,spinlock bad magic,release_metapage,BUG: spinlock bad magic in release_metapage,long-term-18-MAR-2025,1,0,
rand-preempt-sect_rw,2,4e6932b799a8dff0d95eec2c99872fba0eb214f7,OTHER,possible deadlock,do_ipv6_setsockopt,possible deadlock in do_ipv6_setsockopt,long-term-18-MAR-2025,18,0,-6
rand-preempt-sect_rw,2,709ea9525d06e8d72f56500f2a6c111324ad92b0,OTHER,possible deadlock,ocfs2_init_acl,possible deadlock in ocfs2_init_acl,long-term-18-MAR-2025,4,0,-1
rand-preempt-sect_rw,2,fe781548d0a22bdbc3f703fc26dd1c43b0da5914,INFO,task hung,linkwatch_event,INFO: task hung in linkwatch_event,long-term-18-MAR-2025,1,0,
rand-preempt-sect_rw,2,b9094f8f8717b96cfb145a822ff37a286d125564,KASAN,use-after-free Write,diWrite,KASAN: use-after-free Write in diWrite,long-term-18-MAR-2025,1,1,
rand-preempt-sect_rw,2,4868348a1ef002b1b4a89d2e9610865ece572f7c,WARNING,,inc_nlink,WARNING in inc_nlink,long-term-18-MAR-2025,13,0,
rand-preempt-sect_rw,2,6a96792e4b66a9b7bfe4e8faedbc6c0049ac4c18,OTHER,possible deadlock,htab_lock_bucket,possible deadlock in htab_lock_bucket,long-term-18-MAR-2025,1,2,-2
rand-preempt-sect_rw,2,d9a665b5dc08e6b986842d75a5328cb1804b1c08,WARNING,,tcp_recvmsg_locked,WARNING in tcp_recvmsg_locked,long-term-18-MAR-2025,1,1,
rand-preempt-sect_rw,2,e90bcb21da4fc1da922770560220236fc51108b9,INFO,rcu detected stall,kthread_worker_fn,INFO: rcu detected stall in kthread_worker_fn,long-term-18-MAR-2025,1,0,
rand-preempt-sect_rw,2,9f7d3bf8f8e1b54b4e2d1f7760f930dffa12cc48,BUG,unable to handle kernel NULL pointer dereference,filemap_read_folio,BUG: unable to handle kernel NULL pointer dereference in filemap_read_folio,long-term-18-MAR-2025,3,0,
rand-preempt-sect_rw,2,6083cc6435b48c5ee6e8110d063b78461b737821,INFO,rcu detected stall,sys_symlinkat,INFO: rcu detected stall in sys_symlinkat,long-term-18-MAR-2025,1,0,
rand-preempt-sect_rw,2,15fc5f61cd3ac1c8b1f752394c7f7e0cdffe1b8b,OTHER,possible deadlock,ocfs2_try_remove_refcount_tree,possible deadlock in ocfs2_try_remove_refcount_tree,long-term-18-MAR-2025,38,0,-8
rand-preempt-sect_rw,2,11c72fb0c41e6b208e32c1369ba053b160a4e890,OTHER,kernel BUG,_ocfs2_free_suballoc_bits,kernel BUG in _ocfs2_free_suballoc_bits,long-term-18-MAR-2025,4,0,
rand-preempt-sect_rw,2,add5c4fb5e9f95ae5e27d88af789c718bb1e8093,WARNING,,btrfs_finish_one_ordered,WARNING in btrfs_finish_one_ordered,long-term-18-MAR-2025,1,1,
rand-preempt-sect_rw,2,56f22f5c6dd421d4cccbb08572f4ad3108e2cdc7,UBSAN,array-index-out-of-bounds,usbhid_parse,UBSAN: array-index-out-of-bounds in usbhid_parse,long-term-18-MAR-2025,7,0,
rand-preempt-sect_rw,2,92692f7ad977501c33f727cfa0c16b8f05107109,KASAN,slab-out-of-bounds Read,sysv_new_inode,KASAN: slab-out-of-bounds Read in sysv_new_inode,long-term-18-MAR-2025,1,0,
rand-preempt-sect_rw,2,b42437d58747d21942237cfa206c518025a2bd0f,UBSAN,shift-out-of-bounds,befs_check_sb,UBSAN: shift-out-of-bounds in befs_check_sb,long-term-18-MAR-2025,4,0,
rand-preempt-sect_rw,2,10ea2b759f72ff5dd26bce896d853e10f00de743,OTHER,,,unregister_netdevice: waiting for DEV to become free,long-term-18-MAR-2025,2,0,
rand-preempt-sect_rw,2,f418b76f6874d5af9a84df6c515403891f5f393c,UBSAN,shift-out-of-bounds,minix_statfs,UBSAN: shift-out-of-bounds in minix_statfs,long-term-18-MAR-2025,4,0,
rand-preempt-sect_rw,2,074f2751986c697854e31ed3636e8a4bc6ef880f,WARNING,,btrfs_create_pending_block_groups,WARNING in btrfs_create_pending_block_groups,long-term-18-MAR-2025,9,0,
rand-preempt-sect_rw,2,b83ebc0f722370f9f7e120e759d663eb44f55efc,OTHER,,,suppressed report,long-term-18-MAR-2025,6,0,
rand-preempt-sect_rw,2,132be9b558ca4026d7c573c699cd78a2c2b7b506,OTHER,kernel BUG,hfs_write_inode,kernel BUG in hfs_write_inode,long-term-18-MAR-2025,30,0,
rand-preempt-sect_rw,2,9cfd48d91de763e83b3b281abe91c717ca6086d0,WARNING,,__alloc_frozen_pages_noprof,WARNING in __alloc_frozen_pages_noprof,long-term-18-MAR-2025,10,0,
rand-preempt-sect_rw,2,d5d68db1feac52e5f10f40c3302f3a5ee5e282fe,INFO,rcu detected stall,chrdev_open,INFO: rcu detected stall in chrdev_open,long-term-18-MAR-2025,1,0,
rand-preempt-sect_rw,2,830667af06348d56a13056f922c2e354491d48eb,WARNING,,smsusb_start_streaming/usb_submit_urb,WARNING in smsusb_start_streaming/usb_submit_urb,long-term-18-MAR-2025,29,0,-55
rand-preempt-sect_rw,2,439c37d288d4f26a33a6c7e5c57a97791453a447,OTHER,,,lost connection to test machine,long-term-18-MAR-2025,0,0,
rand-preempt-sect_rw,2,3861eef4bfcc166ba71510f3d2f01e2d4707e42b,INFO,rcu detected stall,sys_bpf,INFO: rcu detected stall in sys_bpf,long-term-18-MAR-2025,1,0,
rand-preempt-sect_rw,2,a94dacdecc09320f0bbf347a0ea431dfcb96655d,INFO,rcu detected stall,netlink_sendmsg,INFO: rcu detected stall in netlink_sendmsg,long-term-18-MAR-2025,1,0,
rand-preempt-sect_rw,2,f958db83e7d016dc48bd820e17a96425b526d07c,INFO,trying to register non-static key,txEnd,INFO: trying to register non-static key in txEnd,long-term-18-MAR-2025,17,0,-8
rand-preempt-sect_rw,2,6776d9288055bc2c810fe18decc40fff1ad406db,KASAN,slab-out-of-bounds Read,ocfs2_claim_suballoc_bits,KASAN: slab-out-of-bounds Read in ocfs2_claim_suballoc_bits,long-term-18-MAR-2025,1,1,
rand-preempt-sect_rw,2,695231c84d74f6da1c4a1bd0ce04c22aa6f8d7ab,WARNING,,dbAdjTree,WARNING in dbAdjTree,long-term-18-MAR-2025,9,0,
rand-preempt-sect_rw,2,da2b0ecf4b0f2b007b88bfc1fc80215194afa72b,OTHER,possible deadlock,smc_vlan_by_tcpsk,possible deadlock in smc_vlan_by_tcpsk,long-term-18-MAR-2025,15,0,-4
rand-preempt-sect_rw,2,3dfede572f0a9ba62b071437854504014a100de9,KASAN,null-ptr-deref Read,drop_buffers,KASAN: null-ptr-deref Read in drop_buffers,long-term-18-MAR-2025,2,0,
rand-preempt-sect_rw,2,8210ac00ca5f0c4ddeafdf60c76983a7901f9d40,WARNING,,udf_truncate_extents,WARNING in udf_truncate_extents,long-term-18-MAR-2025,11,0,-1
rand-preempt-sect_rw,2,7018765989f8fc1ff705c44b3de4ebe3e64ca7d0,OTHER,kernel BUG,__hfsplus_setxattr,kernel BUG in __hfsplus_setxattr,long-term-18-MAR-2025,30,0,
rand-preempt-sect_rw,2,1e63ac96a36533feb6f19e4c1f4404642a6253f2,WARNING,,cm109_urb_irq_callback/usb_submit_urb,WARNING in cm109_urb_irq_callback/usb_submit_urb,long-term-18-MAR-2025,10,0,
rand-preempt-sect_rw,2,29ee7e32b0252235ea1878b8e49596fa499c356b,OTHER,possible deadlock,start_sync_thread,possible deadlock in start_sync_thread,long-term-18-MAR-2025,1,0,
rand-preempt-sect_rw,2,57168b95c199cdbf6b106278701e80c55cc9b1d8,KASAN,slab-use-after-free Read,__ext4_check_dir_entry,KASAN: slab-use-after-free Read in __ext4_check_dir_entry,long-term-18-MAR-2025,2,0,
rand-preempt-sect_rw,2,1f8b31b7c1ce3dbaf9b506bdfbdb1e798e3351f3,KASAN,slab-out-of-bounds Read,hfsplus_bnode_read,KASAN: slab-out-of-bounds Read in hfsplus_bnode_read,long-term-18-MAR-2025,22,0,
rand-preempt-sect_rw,2,6a7caeb00acf3a074fc4dcddf18d981261caedfe,OTHER,kernel BUG,ocfs2_iget,kernel BUG in ocfs2_iget,long-term-18-MAR-2025,3,0,
rand-preempt-sect_rw,2,05ec8f6e5ad443b62e132910e692ab09b877d1be,OTHER,possible deadlock,ocfs2_reserve_suballoc_bits,possible deadlock in ocfs2_reserve_suballoc_bits,long-term-18-MAR-2025,11,0,-8
rand-preempt-sect_rw,2,8429fac7ca2c8d6abcc8a6e33b70d552ba0517a5,INFO,task hung,ieee80211_unregister_hw,INFO: task hung in ieee80211_unregister_hw,long-term-18-MAR-2025,1,0,
rand-preempt-sect_rw,2,03417db7a3c098168a45373b396cebc27a84fca3,OTHER,possible deadlock,diFree,possible deadlock in diFree,long-term-18-MAR-2025,3,0,
rand-preempt-sect_rw,2,66338e59fae1ba15461fedfb95ef6ab2120fce09,OTHER,,,kernel panic: EXT4-fs (device loop3): panic forced after error,long-term-18-MAR-2025,1,0,
rand-preempt-sect_rw,2,b7ddfee12a2ceb39bf0b9d93aadb184015cdfd56,KASAN,slab-use-after-free Read,gfs2_invalidate_folio,KASAN: slab-use-after-free Read in gfs2_invalidate_folio,long-term-18-MAR-2025,1,0,
rand-preempt-sect_rw,2,0cd8f19fe96643323fb314030e394a63849589fa,KASAN,slab-out-of-bounds Write,hfsplus_bnode_read,KASAN: slab-out-of-bounds Write in hfsplus_bnode_read,long-term-18-MAR-2025,11,0,-37
rand-preempt-sect_rw,2,057de8d8fd45c5ae46e83f2daa1599f8d6333330,OTHER,kernel BUG,z3fold_page_migrate,kernel BUG in z3fold_page_migrate,long-term-18-MAR-2025,100,0,
rand-preempt-sect_rw,2,7cbb8a66a79c83d5e96c8aad6b16d5791f738c74,INFO,task hung,nbd_ioctl,INFO: task hung in nbd_ioctl,long-term-18-MAR-2025,2,0,
rand-preempt-sect_rw,2,034bce12a70c1ea7bdb08435bfd58b920d84cac1,WARNING,,btrfs_remove_chunk,WARNING in btrfs_remove_chunk,long-term-18-MAR-2025,1,0,
rand-preempt-sect_rw,2,57c78719dc86e22302f107bc1407e2c05cc7de8f,KASAN,slab-use-after-free Read,release_metapage,KASAN: slab-use-after-free Read in release_metapage,long-term-18-MAR-2025,1,0,
rand-preempt-sect_rw,2,98bd8177343c9d12940786b2b3bf5eed1dd1deaa,WARNING,,drm_gem_prime_fd_to_handle,WARNING in drm_gem_prime_fd_to_handle,long-term-18-MAR-2025,1,0,
rand-preempt-sect_rw,2,36ee3cf62760d3dd70abb165b5f4c44efc22ef17,WARNING,,mark_buffer_dirty,WARNING in mark_buffer_dirty,long-term-18-MAR-2025,17,0,-1
rand-preempt-sect_rw,2,f48cc881b60886898c7e47830174497c7718d0a3,WARNING,,media_create_pad_link,WARNING in media_create_pad_link,long-term-18-MAR-2025,25,0,
rand-preempt-sect_rw,2,f9335fdc6d0ca3299962ff1546b31db0de911537,OTHER,possible deadlock,hfsplus_file_extend,possible deadlock in hfsplus_file_extend,long-term-18-MAR-2025,62,0,-13
rand-preempt-sect_rw,2,bd9987deb87e406269fc3d93d322fbb15e327078,KASAN,null-ptr-deref Read,txBeginAnon,KASAN: null-ptr-deref Read in txBeginAnon,long-term-18-MAR-2025,1,0,
rand-preempt-sect_rw,2,b2ccd33bcfee6a3d6b06e567a4693190497a42e8,OTHER,kernel BUG,dbFindBits,kernel BUG in dbFindBits,long-term-18-MAR-2025,8,0,-5
rand-preempt-sect_rw,2,d83247065b9ee0be2f68ec4874d1c93fe9ffe4fc,INFO,rcu detected stall,sys_newfstatat,INFO: rcu detected stall in sys_newfstatat,long-term-18-MAR-2025,3,0,
rand-preempt-sect_rw,2,09b03f54ccac813d5bd1c3d1b8e5d22bf942a5c5,KASAN,use-after-free Read,__ocfs2_flush_truncate_log,KASAN: use-after-free Read in __ocfs2_flush_truncate_log,long-term-18-MAR-2025,1,0,
rand-preempt-sect_rw,2,d9c7ebaef2a5695099252ae2762d4376ed7b12a1,INFO,task hung,hfs_mdb_commit,INFO: task hung in hfs_mdb_commit,long-term-18-MAR-2025,100,0,
rand-preempt-sect_rw,2,ffe28009af84c0b9beb49b6baf72fe0029fcaff2,KASAN,slab-out-of-bounds Read,dtSearch,KASAN: slab-out-of-bounds Read in dtSearch,long-term-18-MAR-2025,8,0,
rand-preempt-sect_rw,2,fb69b49cf9e00866c3f45870b27d2922707a1cb2,KASAN,slab-out-of-bounds Read,__ocfs2_find_path,KASAN: slab-out-of-bounds Read in __ocfs2_find_path,long-term-18-MAR-2025,1,0,
rand-preempt-sect_rw,2,8546dc410d85396686da530b87c99653735421b3,OTHER,kernel BUG,txUnlock,kernel BUG in txUnlock,long-term-18-MAR-2025,22,0,
rand-preempt-sect_rw,2,24a99802efd975e76f9822c2a9e45876a00d5784,OTHER,general protection fault,hfs_find_init,general protection fault in hfs_find_init,long-term-18-MAR-2025,32,0,
rand-preempt-sect_rw,2,5ae658b426e79e1899d93673d06b4377b70d57c5,WARNING,,amradio_send_cmd/usb_submit_urb,WARNING in amradio_send_cmd/usb_submit_urb,long-term-18-MAR-2025,27,0,
rand-preempt-sect_rw,2,cae8bb33426999ce532ef5a7662e357e02fe6415,OTHER,possible deadlock,input_event,possible deadlock in input_event,long-term-18-MAR-2025,1,2,-1
rand-preempt-sect_rw,2,e0a2d3acf588fe830c86b2bcba1bfb0e306c060a,WARNING,,minstrel_ht_update_caps,WARNING in minstrel_ht_update_caps,long-term-18-MAR-2025,2,0,
rand-preempt-sect_rw,2,7ae2e9c25ee75e92bec28c2628d796b8b41f3e8f,OTHER,possible deadlock,hfsplus_block_free,possible deadlock in hfsplus_block_free,long-term-18-MAR-2025,1,2,-1
rand-preempt-sect_rw,2,dac17913a5b5246a1d1bd6734441801e03ce2b6d,BUG,stack guard page was hit,corrupted,BUG: stack guard page was hit in corrupted,long-term-18-MAR-2025,100,0,-8
rand-preempt-sect_rw,2,12fb05921a96107ad88db8ad8d45ea6dd902ae0c,WARNING,,__brelse,WARNING in __brelse,long-term-18-MAR-2025,1,0,
rand-preempt-sect_rw,2,a200854dba0c559d34b0fb6efef5168496d1f570,INFO,rcu detected stall,syscall_exit_to_user_mode,INFO: rcu detected stall in syscall_exit_to_user_mode,long-term-18-MAR-2025,7,0,
rand-preempt-sect_rw,2,f5e68e16341d8bc960cd76ec3509b3e7a0f58dff,SYZFATAL,,,SYZFATAL: executor NUM failed NUM times: executor NUM: failed to write control pipe: write |NUM: broken pipe,long-term-18-MAR-2025,5,0,
rand-preempt-sect_rw,2,4b6f8bd3ff627b858f545a1a88595e4e86c4d009,INFO,rcu detected stall,worker_thread,INFO: rcu detected stall in worker_thread,long-term-18-MAR-2025,20,0,
rand-preempt-sect_rw,2,d332decbac2ad114d77751201cf487b17ea7477f,OTHER,possible deadlock,do_ip_setsockopt,possible deadlock in do_ip_setsockopt,long-term-18-MAR-2025,4,0,-3
rand-preempt-sect_rw,2,d5640d0f24ec0060eadcde67e44bc859a53c77b7,INFO,rcu detected stall,tc_modify_qdisc,INFO: rcu detected stall in tc_modify_qdisc,long-term-18-MAR-2025,21,0,
rand-preempt-sect_rw,2,4b4252ed51090893cb4e2d93b1a7ea6ff6cc770a,KASAN,use-after-free Read,__ext4_check_dir_entry,KASAN: use-after-free Read in __ext4_check_dir_entry,long-term-18-MAR-2025,2,0,
rand-preempt-sect_rw,2,636daca53c61ab3f01e8c4398a8bd1e1241b9093,KASAN,use-after-free Read,sysv_new_block,KASAN: use-after-free Read in sysv_new_block,long-term-18-MAR-2025,10,0,
rand-preempt-sect_rw,2,4eb0cedf4c4f813ff6f95bd44194837bb8e40360,OTHER,possible deadlock,team_del_slave,possible deadlock in team_del_slave,long-term-18-MAR-2025,34,0,-5
rand-preempt-sect_rw,2,daa0f83ef631775e0e3ccbbf8cd4eab33fb10764,INFO,task hung,uevent_show,INFO: task hung in uevent_show,long-term-18-MAR-2025,2,0,
rand-preempt-sect_rw,2,d482f6ef0b8d8eba7847b21bacd7989150078dcd,OTHER,kernel BUG,ext4_write_inline_data,kernel BUG in ext4_write_inline_data,long-term-18-MAR-2025,4,0,
rand-preempt-sect_rw,2,327e4d4aa7741aa1034058cb4db0227a4fa34bc3,INFO,rcu detected stall,sys_futex,INFO: rcu detected stall in sys_futex,long-term-18-MAR-2025,2,0,
rand-preempt-sect_rw,2,b22fe79221a35ac6556b13c4435facbda5f236c9,OTHER,,,go runtime error,long-term-18-MAR-2025,2,0,
rand-preempt-sect_rw,1,e162a14486b7fa92c447c9877290d98f15de6126,WARNING,,__btrfs_free_extent,WARNING in __btrfs_free_extent,long-term-18-MAR-2025,1,0,
rand-preempt-sect_rw,1,80cca76d88cb4da525ca17f66228ddf1e34b7d69,KASAN,use-after-free Read,post_alloc_hook,KASAN: use-after-free Read in post_alloc_hook,long-term-18-MAR-2025,3,0,
rand-preempt-sect_rw,1,c34d1bbeac0e46a9296ceb76d20d231534bcdc5f,SYZFATAL,,,SYZFATAL: executor NUM failed NUM times: failed to create temp dir: mkdir ./syzkaller-testdirNUM: no space left on devic,long-term-18-MAR-2025,1,0,
rand-preempt-sect_rw,1,a7c2743bb9d4e68b9cf6aaabdfdf3efcb28f36c4,KASAN,slab-use-after-free Read,lbmLogShutdown,KASAN: slab-use-after-free Read in lbmLogShutdown,long-term-18-MAR-2025,1,0,
rand-preempt-sect_rw,1,8f18e06f97063c20d91c6fe855e3d4865d4e28f8,INFO,rcu detected stall,shmem_file_read_iter,INFO: rcu detected stall in shmem_file_read_iter,long-term-18-MAR-2025,1,1,
rand-preempt-sect_rw,1,78c0bcefdfcbad9a237a58a859bb44e10a06007d,OTHER,general protection fault,do_pagemap_cmd,general protection fault in do_pagemap_cmd,long-term-18-MAR-2025,2,0,
rand-preempt-sect_rw,1,940a6e3e4f852aa8ddc5ff36dc67cdb84dc1e8bc,WARNING,,ath6kl_bmi_get_target_info,WARNING in ath6kl_bmi_get_target_info,long-term-18-MAR-2025,5,0,
rand-preempt-sect_rw,1,afcca8abda4a8ae1eab5c7ed21368c0187640b34,OTHER,possible deadlock,mi_read,possible deadlock in mi_read,long-term-18-MAR-2025,2,0,
rand-preempt-sect_rw,1,c95d2cded9f6435c06acd52fca139932148852a4,OTHER,kernel BUG,jffs2_start_garbage_collect_thread,kernel BUG in jffs2_start_garbage_collect_thread,long-term-18-MAR-2025,2,0,
rand-preempt-sect_rw,1,10aee77ff93a1e88f3e4748eebcd94c9b30aae67,KASAN,slab-out-of-bounds Write,hfs_bnode_read,KASAN: slab-out-of-bounds Write in hfs_bnode_read,long-term-18-MAR-2025,11,0,
rand-preempt-sect_rw,1,df215d146ee8261184cc7fb81b48eb3e5a3dea15,UBSAN,shift-out-of-bounds,dbFindBits,UBSAN: shift-out-of-bounds in dbFindBits,long-term-18-MAR-2025,1,0,
rand-preempt-sect_rw,1,c0ec2c9460595243a4c6450cd300e51590031107,WARNING,suspicious RCU usage,dev_deactivate_queue,WARNING: suspicious RCU usage in dev_deactivate_queue,long-term-18-MAR-2025,1,2,-1
rand-preempt-sect_rw,1,c0addd8b0397a51f224ad9144c7297df34762181,INFO,rcu detected stall,sys_clock_adjtime,INFO: rcu detected stall in sys_clock_adjtime,long-term-18-MAR-2025,9,0,
rand-preempt-sect_rw,1,345edc631039c9673c3bd023f1f640658839361b,INFO,task hung,worker_attach_to_pool,INFO: task hung in worker_attach_to_pool,long-term-18-MAR-2025,2,0,
rand-preempt-sect_rw,1,e9f5b11984c54cecb386b92bb20c76d5d003719f,OTHER,,,no output from test machine,long-term-18-MAR-2025,0,0,
rand-preempt-sect_rw,1,55993dff4f027c4739dbe23c44fb23013e6b3612,INFO,task hung,rfkill_global_led_trigger_worker,INFO: task hung in rfkill_global_led_trigger_worker,long-term-18-MAR-2025,4,0,
rand-preempt-sect_rw,1,b374624f5a343655153337ff53e38702f1bca05e,WARNING,locking bug,kvm_xen_set_evtchn_fast,WARNING: locking bug in kvm_xen_set_evtchn_fast,long-term-18-MAR-2025,1,1,
rand-preempt-sect_rw,1,ede7206a46cd4f0524fec87eb20b584433dc428a,BUG,unable to handle kernel NULL pointer dereference,generic_perform_write,BUG: unable to handle kernel NULL pointer dereference in generic_perform_write,long-term-18-MAR-2025,4,0,
rand-preempt-sect_rw,1,910e3195261654c617977513fc7cef18d9dde9bd,WARNING,,format_decode,WARNING in format_decode,long-term-18-MAR-2025,30,0,
rand-preempt-sect_rw,1,38c04de193e19029c50238bec4ac6f9de2e7fe44,OTHER,possible deadlock,uinput_request_submit,possible deadlock in uinput_request_submit,long-term-18-MAR-2025,1,0,
rand-preempt-sect_rw,1,6fe82abb6044933681b9787680ee4a92ac94fa79,KASAN,vmalloc-out-of-bounds Write,vrealloc_noprof,KASAN: vmalloc-out-of-bounds Write in vrealloc_noprof,long-term-18-MAR-2025,3,0,
rand-preempt-sect_rw,1,46253a45c9cec25708385d8b0269729405bb86b4,INFO,rcu detected stall,dummy_timer,INFO: rcu detected stall in dummy_timer,long-term-18-MAR-2025,1,0,
rand-preempt-sect_rw,1,e44f9133d5d101caa7d9d5fc9974a77d7462b95f,WARNING,,udf_setsize,WARNING in udf_setsize,long-term-18-MAR-2025,1,1,
rand-preempt-sect_rw,1,348d04fcf145bb6b19c1097d130b6f8402a811b1,INFO,rcu detected stall,kcompactd,INFO: rcu detected stall in kcompactd,long-term-18-MAR-2025,1,0,
rand-preempt-sect_rw,1,b8bacf093bbf118dceecfe59e78214216840eeef,OTHER,possible deadlock,sco_connect_cfm,possible deadlock in sco_connect_cfm,long-term-18-MAR-2025,1,0,
rand-preempt-sect_rw,1,14692319382598dac4dee0cca30dcdf451cb5eb7,WARNING,,rate_control_rate_init,WARNING in rate_control_rate_init,long-term-18-MAR-2025,15,0,
rand-preempt-sect_rw,1,01e7b7156a7b2627cc66b530cea6b04e430dddb2,INFO,rcu detected stall,sys_fsync,INFO: rcu detected stall in sys_fsync,long-term-18-MAR-2025,1,0,
rand-preempt-sect_rw,1,3e2a1759d5435eaceffbb63b34ef8c16e524e1c1,BUG,sleeping function called from invalid context,lock_sock_nested,BUG: sleeping function called from invalid context in lock_sock_nested,long-term-18-MAR-2025,5,0,-2
rand-preempt-sect_rw,1,5bb32f20e84c99708f7fb1fb4d0aea11af9cf855,WARNING,,inode_set_cached_link,WARNING in inode_set_cached_link,long-term-18-MAR-2025,5,0,
rand-preempt-sect_rw,1,84199872ab6d3ddf70865d187e5aaa4baeb47c65,WARNING,,rfc2863_policy,WARNING in rfc2863_policy,long-term-18-MAR-2025,4,0,
rand-preempt-sect_rw,1,4d29c05a745169575292085f4324f8fc89f0c326,OTHER,kernel BUG,jfs_evict_inode,kernel BUG in jfs_evict_inode,long-term-18-MAR-2025,21,0,-1
rand-preempt-sect_rw,1,062ff284ba014a69851c4aea42e2d5e0fe6f252a,INFO,task hung,rfkill_fop_write,INFO: task hung in rfkill_fop_write,long-term-18-MAR-2025,3,0,
rand-preempt-sect_rw,1,7507b34305cb18d46ec14be1df23b05fbf45b68f,INFO,rcu detected stall,unwind_next_frame,INFO: rcu detected stall in unwind_next_frame,long-term-18-MAR-2025,1,1,
rand-preempt-sect_rw,1,9c7d0c78815f7f407102b63d07ed649359f3b8bb,OTHER,possible deadlock,smc_switch_to_fallback,possible deadlock in smc_switch_to_fallback,long-term-18-MAR-2025,4,0,-2
rand-preempt-sect_rw,1,888c0f7f9e50a51d048bb9ab854b76d4759ba556,OTHER,kernel BUG,ocfs2_write_block,kernel BUG in ocfs2_write_block,long-term-18-MAR-2025,3,0,
rand-preempt-sect_rw,1,4c7f3321d8f5dea39da49fc06a7b6f8b8592ebeb,OTHER,possible deadlock,hsr_dev_xmit,possible deadlock in hsr_dev_xmit,long-term-18-MAR-2025,4,0,-2
rand-preempt-sect_rw,1,2f43513776335724f22aac1b056b930da4b84aff,SYZFATAL,,,SYZFATAL: executor NUM failed NUM times: executor NUM: not serving,long-term-18-MAR-2025,1,0,
rand-preempt-sect_rw,1,8fc1d5a78be6058cda596483f144cf076c9aa572,INFO,rcu detected stall,dput,INFO: rcu detected stall in dput,long-term-18-MAR-2025,2,0,
rand-preempt-sect_rw,1,2a688f1295824561ed7dd2ebee0af337647603ef,WARNING,,inode_to_wb,WARNING in inode_to_wb,long-term-18-MAR-2025,100,0,
rand-preempt-sect_rw,1,51cc94811ebd073cf5874f118692256ef1eadf90,INFO,rcu detected stall,x64_sys_call,INFO: rcu detected stall in x64_sys_call,long-term-18-MAR-2025,1,0,
rand-preempt-sect_rw,1,5989b22e7d1b7a92ebab7da8be1616b1ca1b97e0,OTHER,possible deadlock,ip_mroute_setsockopt,possible deadlock in ip_mroute_setsockopt,long-term-18-MAR-2025,2,0,-1
rand-preempt-sect_rw,1,cf1828f4f7cddf8f5e3f9f01be66e00c7044de90,INFO,rcu detected stall,sys_openat,INFO: rcu detected stall in sys_openat,long-term-18-MAR-2025,5,0,
rand-preempt-sect_rw,1,4d43edefe43dc89161dd7655b29f662f04b5f2cc,OTHER,possible deadlock,hfs_find_init,possible deadlock in hfs_find_init,long-term-18-MAR-2025,20,0,-2
rand-preempt-sect_rw,1,cdd69e0ed1cc1c5f668770f90bd1b8218355e1cd,INFO,task hung,__buffer_migrate_folio,INFO: task hung in __buffer_migrate_folio,long-term-18-MAR-2025,1,0,
rand-preempt-sect_rw,1,afd75899ce257f0020e9d9c47e3ae3fe04a8b7dd,OTHER,general protection fault,hfsplus_rename_cat,general protection fault in hfsplus_rename_cat,long-term-18-MAR-2025,7,0,-1
rand-preempt-sect_rw,1,fc92a3d48f65988af59ad25d6bb9efc5b7e0564c,WARNING,,__invalidate_bh_lrus,WARNING in __invalidate_bh_lrus,long-term-18-MAR-2025,25,0,
rand-preempt-sect_rw,1,b5512ac226cc5d45fb1cd04937c674c0465d5084,INFO,rcu detected stall,br_handle_frame,INFO: rcu detected stall in br_handle_frame,long-term-18-MAR-2025,1,0,
rand-preempt-sect_rw,1,d8be63074701bec1ae41d54340c12eab439652fb,WARNING,,usb_free_urb,WARNING in usb_free_urb,long-term-18-MAR-2025,4,0,
rand-preempt-sect_rw,1,81faef6ce66f2f63d7030f143c557fb3ceb76a36,BUG,,,"BUG: ""hc->tx_t_ipi == NUM"" holds (exception!) at net/dccp/ccids/ccid3.c:LINE/ccid3_update_send_interval()",long-term-18-MAR-2025,8,0,-1
rand-preempt-sect_rw,1,29aec000cb9c27993a3ad3ea6f881262fafccd4b,UBSAN,shift-out-of-bounds,dbSplit,UBSAN: shift-out-of-bounds in dbSplit,long-term-18-MAR-2025,1,0,
rand-preempt-sect_rw,1,111654398ee5b1c7b2046e288ea23d9eeb8c84d3,INFO,task hung,f2fs_balance_fs,INFO: task hung in f2fs_balance_fs,long-term-18-MAR-2025,1,0,
rand-preempt-sect_rw,1,4f7ccbaf7b7bf9f62ba80a9a30f1094ecc656cd0,OTHER,kernel BUG,txEnd,kernel BUG in txEnd,long-term-18-MAR-2025,7,0,
rand-preempt-sect_rw,1,a452f0e64788cc908f0eebdc7cdf2c97d97d3c3b,INFO,task hung,lookup_slow,INFO: task hung in lookup_slow,long-term-18-MAR-2025,3,0,
rand-preempt-sect_rw,1,416fc16dc61e88df48b8990e74bd866199c4f53a,WARNING,,__rate_control_send_low,WARNING in __rate_control_send_low,long-term-18-MAR-2025,5,0,
rand-preempt-sect_rw,1,d55cddbfbe70446f2d66df758e7e93c285e69db9,WARNING,,call_timer_fn,WARNING in call_timer_fn,long-term-18-MAR-2025,5,0,
rand-preempt-sect_rw,1,1d9bb5d25d509bfa2a7dd17a2add36a0762765ac,BUG,,,"BUG: please report to dccp@vger.kernel.org => prev = NUM, last = NUM at net/dccp/ccids/lib/packet_history.c:LINE/tfrc_rx",long-term-18-MAR-2025,4,0,
rand-preempt-sect_rw,1,107d4fad6be90805aa165afb3d9b4181c1605ce1,INFO,rcu detected stall,do_idle,INFO: rcu detected stall in do_idle,long-term-18-MAR-2025,20,0,
rand-preempt-sect_rw,1,82452223a9d5475e89cd85d4db53932ea7ffbb57,KASAN,wild-memory-access Read,hfsplus_bnode_read,KASAN: wild-memory-access Read in hfsplus_bnode_read,long-term-18-MAR-2025,4,0,
rand-preempt-sect_rw,1,749766fef400aa9cce1e24247ea60daf48f84f01,KASAN,invalid-free,delayed_free,KASAN: invalid-free in delayed_free,long-term-18-MAR-2025,1,0,
rand-preempt-sect_rw,1,717f2a442c2ec31e6880fa8ad81443a56fc4fbed,OTHER,kernel BUG,txAbort,kernel BUG in txAbort,long-term-18-MAR-2025,1,0,
rand-preempt-sect_rw,1,59bad2e4e0e8758ddd7a8b2d9a7db7761f18597d,OTHER,kernel BUG,ocfs2_claim_suballoc_bits,kernel BUG in ocfs2_claim_suballoc_bits,long-term-18-MAR-2025,4,0,
rand-preempt-sect_rw,1,b1228ff614d81f288019daad0267672f783ee27c,OTHER,possible deadlock,ext4_xattr_inode_lookup_create,possible deadlock in ext4_xattr_inode_lookup_create,long-term-18-MAR-2025,1,2,-1
rand-preempt-sect_rw,1,7214aa7d762fab9b78cf0384c36ff62783f904b8,INFO,rcu detected stall,smp_call_function,INFO: rcu detected stall in smp_call_function,long-term-18-MAR-2025,3,0,
rand-preempt-sect_rw,1,efb8c5fe01ecb5116825ce2409485c164c048f88,BUG,,,BUG: workqueue lockup,long-term-18-MAR-2025,2,0,
rand-preempt-sect_rw,1,96c447fce9cab7899e95a08f52a4c45da0691d56,WARNING,,__ieee80211_beacon_get,WARNING in __ieee80211_beacon_get,long-term-18-MAR-2025,15,0,
rand-preempt-sect_rw,1,d500366678f2a2b2ed69324bbfaf20ac43631c72,OTHER,possible deadlock,console_flush_all,possible deadlock in console_flush_all,long-term-18-MAR-2025,2,0,
rand-preempt-sect_rw,1,d58b9c335e71ad5e9143d8190f0b05f268093e7d,WARNING,,__find_get_block,WARNING in __find_get_block,long-term-18-MAR-2025,1,0,
rand-preempt-sect_rw,1,89b3b67efdd299d6754b6f7d8f626f085a42808b,OTHER,kernel BUG,jffs2_del_ino_cache,kernel BUG in jffs2_del_ino_cache,long-term-18-MAR-2025,6,0,
rand-preempt-sect_rw,1,a5151f2aa840fe7bc90c672c803890cf4bc95b13,INFO,rcu detected stall,kswapd,INFO: rcu detected stall in kswapd,long-term-18-MAR-2025,5,0,
rand-preempt-sect_rw,1,7154156a9841df26dd0871d79ccab7324d3c5044,KASAN,slab-use-after-free Read,hdm_disconnect,KASAN: slab-use-after-free Read in hdm_disconnect,long-term-18-MAR-2025,8,0,
rand-preempt-sect_rw,1,56fab9d9cf54d5614f14e1d648da04bea2bec9a5,INFO,rcu detected stall,sys_kexec_load,INFO: rcu detected stall in sys_kexec_load,long-term-18-MAR-2025,1,0,
rand-preempt-sect_rw,1,cae0c49cb8a02ebed9b30518fd78ecaf184ce0d9,KASAN,use-after-free Write,ext4_insert_dentry,KASAN: use-after-free Write in ext4_insert_dentry,long-term-18-MAR-2025,9,0,
rand-preempt-sect_rw,1,bd13438de068333c8c0bc186aa351913f11ff0c8,OTHER,possible deadlock,ntfs_look_for_free_space,possible deadlock in ntfs_look_for_free_space,long-term-18-MAR-2025,1,2,-1
rand-preempt-sect_rw,1,bd11136f01547d97986820803dd814774f5e80c1,WARNING,,__udf_add_aext,WARNING in __udf_add_aext,long-term-18-MAR-2025,5,0,
rand-preempt-sect_rw,1,6c01a324911451b89f168a51cc535a981fef28bd,OTHER,general protection fault,bfs_get_block,general protection fault in bfs_get_block,long-term-18-MAR-2025,4,0,
rand-preempt-sect_rw,1,9df9a812f3f60eab5b74c57c2a59336ff7ecfa9a,OTHER,kernel BUG,ipgre_header,kernel BUG in ipgre_header,long-term-18-MAR-2025,1,0,
rand-preempt-sect_rw,1,f4fec6759f727ca4d1b8ae8f2130079e9c4a48d8,INFO,rcu detected stall,security_file_open,INFO: rcu detected stall in security_file_open,long-term-18-MAR-2025,1,0,
rand-preempt-sect_rw,1,8c61c462c66668d7fe521d844360c58207a40dd9,WARNING,,pvr2_send_request_ex/usb_submit_urb,WARNING in pvr2_send_request_ex/usb_submit_urb,long-term-18-MAR-2025,2,0,
rand-preempt-sect_rw,1,5e7ac63ebdfb8e33254bd15242adb4b27ef36e84,OTHER,possible deadlock,sock_set_reuseaddr,possible deadlock in sock_set_reuseaddr,long-term-18-MAR-2025,4,0,-4
rand-preempt-sect_rw,1,8066f026209a5e9f01cec86e629b05f8bae3a9e5,KASAN,use-after-free Read,__ocfs2_find_path,KASAN: use-after-free Read in __ocfs2_find_path,long-term-18-MAR-2025,7,0,
rand-preempt-sect_rw,1,f58c116be36fa20d2c4279e0b70cd3e4083e4fb0,OTHER,kernel BUG,clear_inode,kernel BUG in clear_inode,long-term-18-MAR-2025,1,1,
rand-preempt-sect_rw,1,cd1f4d10aeccd425f032ef8307ca2a72d86c67b8,INFO,task hung,lock_metapage,INFO: task hung in lock_metapage,long-term-18-MAR-2025,2,0,
rand-preempt-sect_rw,1,b8cd92c1478d22bf00f49d211bf24287a812a0e0,INFO,task hung,bdev_release,INFO: task hung in bdev_release,long-term-18-MAR-2025,5,0,
rand-preempt-sect_rw,1,f5a259f85d42c3c72cf17ef817a151c8f215a51b,OTHER,general protection fault,jfs_flush_journal,general protection fault in jfs_flush_journal,long-term-18-MAR-2025,2,0,
rand-preempt-sect_rw,1,2f7a7839d74869a7b83f09df357b1d3732899f38,OTHER,general protection fault,iter_file_splice_write,general protection fault in iter_file_splice_write,long-term-18-MAR-2025,1,1,
rand-preempt-sect_rw,1,f7413896ad4af6003ae85c8b1e9ab706c1b3eafc,INFO,rcu detected stall,sys_clone,INFO: rcu detected stall in sys_clone,long-term-18-MAR-2025,3,0,
rand-preempt-sect_rw,1,518f9409bd34d7d8e7f25c6d19f2306bf745e274,OTHER,kernel BUG,__ext4_journal_stop,kernel BUG in __ext4_journal_stop,long-term-18-MAR-2025,3,0,
rand-preempt-sect_rw,1,2d5ddc28d1065b21d87d6d32fd383387eff9a23e,KASAN,slab-use-after-free Read,__ethtool_get_link_ksettings,KASAN: slab-use-after-free Read in __ethtool_get_link_ksettings,long-term-18-MAR-2025,1,1,
rand-preempt-sect_rw,1,fc2733d2cd6cf20337fdfa85857fe92acc4e67e1,WARNING,,bcm5974_start_traffic/usb_submit_urb,WARNING in bcm5974_start_traffic/usb_submit_urb,long-term-18-MAR-2025,22,0,
rand-preempt-sect_rw,1,6546dd7b903a31e19e41cc06a1e07f27aedf265d,INFO,rcu detected stall,raw_release,INFO: rcu detected stall in raw_release,long-term-18-MAR-2025,1,1,
rand-preempt-sect_rw,1,86fc217b03c88aa11dd51130d3a13f0cfebe9db7,BUG,soft lockup,smp_call_function,BUG: soft lockup in smp_call_function,long-term-18-MAR-2025,1,0,
rand-preempt-sect_rw,1,c991ea08384dcae5e17c3575fd230a3ad42c084c,OTHER,possible deadlock,attr_data_get_block,possible deadlock in attr_data_get_block,long-term-18-MAR-2025,2,0,
rand-preempt-sect_rw,1,cf239e947e8ee82f53f98768040835fc4f8f050c,INFO,rcu detected stall,sys_clock_settime,INFO: rcu detected stall in sys_clock_settime,long-term-18-MAR-2025,2,0,
rand-preempt-sect_rw,1,7e1a8fa5c0fbbd45eb5476b74a89c66d6cbef960,WARNING,,plfxlc_mac_release,WARNING in plfxlc_mac_release,long-term-18-MAR-2025,2,0,
rand-preempt-sect_rw,1,d027818df46bc1ecda09916eaeed5bd6798095b6,WARNING,,drop_nlink,WARNING in drop_nlink,long-term-18-MAR-2025,8,0,
rand-preempt-sect_rw,1,33351c8ef2bbc3f2f4e33fca7eb1b448f416804a,INFO,rcu detected stall,tcp_sendmsg,INFO: rcu detected stall in tcp_sendmsg,long-term-18-MAR-2025,1,0,
rand-preempt-sect_rw,1,c8a24c42ab318046943779327b5e06f8134a445f,KASAN,user-memory-access Write,__destroy_inode,KASAN: user-memory-access Write in __destroy_inode,long-term-18-MAR-2025,10,0,
rand-preempt-sect_rw,1,717032a22f7c66339ad18aa5c7100ebd76ad1ea7,WARNING,,hfs_bnode_create,WARNING in hfs_bnode_create,long-term-18-MAR-2025,22,0,
rand-preempt-sect_rw,1,9a2fe3c6b993d0df25eab726dec203e61dc6b027,KASAN,out-of-bounds Read,ext4_xattr_set_entry,KASAN: out-of-bounds Read in ext4_xattr_set_entry,long-term-18-MAR-2025,1,0,
rand-preempt-sect_rw,1,310eec601699070a82c325d09a07607f294d8b80,KASAN,slab-use-after-free Read,__ocfs2_flush_truncate_log,KASAN: slab-use-after-free Read in __ocfs2_flush_truncate_log,long-term-18-MAR-2025,1,0,
rand-preempt-sect_rw,1,143189e89dcd5e8dc7e14dd0755b3fd525128031,BUG,,,BUG: Bad page state,long-term-18-MAR-2025,3,0,
rand-preempt-sect_rw,1,236682dc9e4ebd8581e72868857ce86280630cb5,OTHER,possible deadlock,hfsplus_find_init,possible deadlock in hfsplus_find_init,long-term-18-MAR-2025,31,0,-2
rand-preempt-sect_rw,1,f0103263cb3fd782f36b0dda7a6dc64ec8c8ed1a,OTHER,possible deadlock,loop_set_status,possible deadlock in loop_set_status,long-term-18-MAR-2025,2,0,
rand-preempt-sect_rw,1,4416d9ab8bb60229840cda983551c22c72b5b228,INFO,rcu detected stall,kcov_ioctl,INFO: rcu detected stall in kcov_ioctl,long-term-18-MAR-2025,1,0,
rand-preempt-sect_rw,1,084728785a422eb947a33faad79ca3465e020026,OTHER,possible deadlock,udf_free_blocks,possible deadlock in udf_free_blocks,long-term-18-MAR-2025,2,0,
rand-preempt-sect_rw,1,1616a6774e1e4f32979c3d9624c3bd1186cbe468,UBSAN,shift-out-of-bounds,extAlloc,UBSAN: shift-out-of-bounds in extAlloc,long-term-18-MAR-2025,1,0,
rand-preempt-sect_rw,1,3828beb0379513558ea4c430d14eb1c7f5865d88,INFO,task hung,queue_limits_commit_update_frozen,INFO: task hung in queue_limits_commit_update_frozen,long-term-18-MAR-2025,1,2,-69
rand-preempt-sect_rw,1,1eb07be854cc11b560ce1b45e5d0579ca602b368,OTHER,possible deadlock,gup_fast_fallback,possible deadlock in gup_fast_fallback,long-term-18-MAR-2025,1,1,
rand-preempt-sect_rw,1,38dec108eee0b492a62d86e6b92d2133e8ab9cc5,KASAN,slab-out-of-bounds Write,diWrite,KASAN: slab-out-of-bounds Write in diWrite,long-term-18-MAR-2025,1,0,
rand-preempt-sect_rw,1,943879683ba99cd7772ff6905d9138f421b695f8,OTHER,kernel BUG,ocfs2_populate_inode,kernel BUG in ocfs2_populate_inode,long-term-18-MAR-2025,1,0,
rand-preempt-sect_rw,1,8fbb22f5f195a09ad026de6f32a3ca62d2243f52,INFO,rcu detected stall,handle_softirqs,INFO: rcu detected stall in handle_softirqs,long-term-18-MAR-2025,2,0,
rand-preempt-sect_rw,1,e1591f5807cca98241c629b5860e9e5e1c358571,WARNING,suspicious RCU usage,get_callchain_entry,WARNING: suspicious RCU usage in get_callchain_entry,long-term-18-MAR-2025,27,0,-4
rand-preempt-sect_rw,1,1a6abe077825183e67b67c3313ea6f99a992fe86,INFO,rcu detected stall,corrupted,INFO: rcu detected stall in corrupted,long-term-18-MAR-2025,46,0,-78
rand-preempt-sect_rw,1,435f0baa0b40cab2bc6ad6e584cb66dd641f3efe,OTHER,possible deadlock,kernfs_seq_start,possible deadlock in kernfs_seq_start,long-term-18-MAR-2025,1,1,
rand-preempt-sect_rw,1,6bfb19d7f651b70ce0ff4685912f3a524094c474,INFO,task hung,lmLogClose,INFO: task hung in lmLogClose,long-term-18-MAR-2025,7,0,
rand-preempt-sect_rw,1,a7639dcaa0943aa8a9470fbff76d4c40bbd8a3f6,UBSAN,array-index-out-of-bounds,dbAllocBits,UBSAN: array-index-out-of-bounds in dbAllocBits,long-term-18-MAR-2025,3,0,
rand-preempt-sect_rw,1,cfbae8737f6cf1bb119f7a082836ba75e5c23c05,OTHER,kernel BUG,ext4_inline_data_truncate,kernel BUG in ext4_inline_data_truncate,long-term-18-MAR-2025,2,0,
rand-preempt-sect_rw,1,68807c4df71d721a9215e22ac844e6a5fbc87898,WARNING,,ext4_xattr_inode_lookup_create,WARNING in ext4_xattr_inode_lookup_create,long-term-18-MAR-2025,5,0,
rand-preempt-sect_rw,1,4ecda27d97e590e179a8c967d0b1615224f921fd,WARNING,,reserve_ds_buffers,WARNING in reserve_ds_buffers,long-term-18-MAR-2025,5,0,
rand-preempt-sect_rw,1,ff12148d728e8c4ebaf0d1070b81bce4ae226880,OTHER,kernel BUG,ext4_do_writepages,kernel BUG in ext4_do_writepages,long-term-18-MAR-2025,3,0,
rand-preempt-sect_rw,1,971890fe5480ab913cb6945227ae22f3c822f6ec,INFO,task hung,blkdev_fallocate,INFO: task hung in blkdev_fallocate,long-term-18-MAR-2025,1,1,
rand-preempt-sect_rw,1,bc70a607f7f21da8b849ae8a28aeb3dc3b6637e5,INFO,rcu detected stall,kcov_close,INFO: rcu detected stall in kcov_close,long-term-18-MAR-2025,1,0,
rand-preempt-sect_rw,1,a2b014c9c4cda447ef5f302511344a5162f1e6a5,WARNING,,fanotify_handle_event,WARNING in fanotify_handle_event,long-term-18-MAR-2025,4,0,
rand-preempt-sect_rw,1,64d5cceef5716756190eaab9a1a19771c430b99d,OTHER,kernel BUG,dbFindLeaf,kernel BUG in dbFindLeaf,long-term-18-MAR-2025,5,0,
rand-preempt-sect_rw,1,afbcab044ccf826599331b98cefb6e1479387053,UBSAN,array-index-out-of-bounds,dbJoin,UBSAN: array-index-out-of-bounds in dbJoin,long-term-18-MAR-2025,8,0,
rand-preempt-sect_rw,1,0b7a07a1b73a331c46fcc21571d95c955bf52aeb,INFO,rcu detected stall,sys_timerfd_create,INFO: rcu detected stall in sys_timerfd_create,long-term-18-MAR-2025,1,0,
rand-preempt-sect_rw,1,ff5c0951e76fc269f09fc2103cdf3ade0f04c92e,INFO,rcu detected stall,sys_epoll_ctl,INFO: rcu detected stall in sys_epoll_ctl,long-term-18-MAR-2025,1,0,
rand-preempt-sect_rw,1,aeea050a3949d1cb446d09f62376df9f95fdb0e6,INFO,task hung,fuse_lookup,INFO: task hung in fuse_lookup,long-term-18-MAR-2025,8,0,
rand-preempt-sect_rw,1,17bbea54697b411e031fba329ac5ac07e587bde7,KASAN,slab-use-after-free Read,ocfs2_claim_suballoc_bits,KASAN: slab-use-after-free Read in ocfs2_claim_suballoc_bits,long-term-18-MAR-2025,1,0,
rand-preempt-sect_rw,1,ea55ed6b4d3385d5bd9193ca7cecbb8e9ad4e11d,WARNING,,gfs2_check_blk_type,WARNING in gfs2_check_blk_type,long-term-18-MAR-2025,12,0,
rand-preempt-sect_rw,1,3dcbd1e2079aee55d0f581135e01b287d479999d,KASAN,slab-out-of-bounds Read,hfsplus_uni2asc,KASAN: slab-out-of-bounds Read in hfsplus_uni2asc,long-term-18-MAR-2025,17,0,-2
rand-preempt-sect_rw,1,d4c9d4f82b2511f8f50f89cfe1db52f0bfd24c57,BUG,corrupted list,add_to_unbuddied,BUG: corrupted list in add_to_unbuddied,long-term-18-MAR-2025,23,0,
rand-preempt-sect_rw,1,4c5fb8eedeca78b3c4fe40bfc05b20601b89508a,KASAN,use-after-free Read,sysv_new_inode,KASAN: use-after-free Read in sysv_new_inode,long-term-18-MAR-2025,36,0,
rand-preempt-sect_rw,1,5751d3475c4df46ed99a3e130bcf4506b2840287,KASAN,out-of-bounds Write,end_buffer_read_sync,KASAN: out-of-bounds Write in end_buffer_read_sync,long-term-18-MAR-2025,2,0,
rand-preempt-sect_rw,1,b5faaea9594681eef1c5d54868eea96f0ab01bae,INFO,rcu detected stall,__fput_sync,INFO: rcu detected stall in __fput_sync,long-term-18-MAR-2025,1,1,
rand-preempt-sect_rw,1,162dadb50aa733b767be4038d07100f4d62a55bf,KASAN,slab-use-after-free Write,ext4_insert_dentry,KASAN: slab-use-after-free Write in ext4_insert_dentry,long-term-18-MAR-2025,4,0,
rand-preempt-sect_rw,1,295c0dc164c3fcf583aa4a873bea301927c81b66,BUG,corrupted list,em28xx_init_extension,BUG: corrupted list in em28xx_init_extension,long-term-18-MAR-2025,3,0,
rand-preempt-sect_rw,1,45976da11977283bb8679fe455030547303c81f8,INFO,task hung,netfs_retry_writes,INFO: task hung in netfs_retry_writes,long-term-18-MAR-2025,1,0,
rand-preempt-sect_rw,1,7fd2e08f3865df671e6ddcd0cc0f7ef59d4e9634,OTHER,possible deadlock,xfs_ilock,possible deadlock in xfs_ilock,long-term-18-MAR-2025,2,0,-3
rand-preempt-sect_rw,1,11d137c334a427322898aa51903aed548ece812d,SYZFATAL,,,SYZFATAL: executor NUM failed NUM times: executor NUM: exit status NUM err exit status NUM,long-term-18-MAR-2025,5,0,
rand-preempt-sect_rw,1,bece6e4d8f0a9435df2c7d954abbcacc85f95d47,WARNING,,inet_sock_destruct,WARNING in inet_sock_destruct,long-term-18-MAR-2025,2,0,
rand-preempt-sect_rw,1,d863adef6130a966a3c3efb67b0d52980adfddb7,KASAN,slab-use-after-free Read,corrupted,KASAN: slab-use-after-free Read in corrupted,long-term-18-MAR-2025,2,0,
rand-preempt-sect_rw,1,b934f0b919e8368b02982f2de1c3680e04d2ce47,UBSAN,array-index-out-of-bounds,dtInsertEntry,UBSAN: array-index-out-of-bounds in dtInsertEntry,long-term-18-MAR-2025,1,1,
rand-preempt-sect_rw,1,9552da22940e9641db22e952f4e15ef8358e8a20,INFO,rcu detected stall,shmem_file_write_iter,INFO: rcu detected stall in shmem_file_write_iter,long-term-18-MAR-2025,2,0,
rand-preempt-sect_rw,1,df3164214da6cac32904fbc82fde7ef5cef12d88,WARNING,,nft_socket_init,WARNING in nft_socket_init,long-term-18-MAR-2025,2,0,
rand-preempt-sect_rw,1,6d4ed0a139a2460f1d341b0bec84da000ab1e011,OTHER,possible deadlock,ntfs_fiemap,possible deadlock in ntfs_fiemap,long-term-18-MAR-2025,4,0,-2
rand-preempt-sect_rw,1,4fcb37bdd439ec36024448c4f489a7485b357939,INFO,task hung,copy_process,INFO: task hung in copy_process,long-term-18-MAR-2025,1,0,
rand-preempt-sect_rw,1,b45e5d2b8d3e9173d66db2a85028e01954ea36fc,BUG,spinlock bad magic,post_alloc_hook,BUG: spinlock bad magic in post_alloc_hook,long-term-18-MAR-2025,10,0,
rand-preempt-sect_rw,1,0ef19d3af2ee56643d67d934d68895cad6eb6566,OTHER,possible deadlock,hfsplus_get_block,possible deadlock in hfsplus_get_block,long-term-18-MAR-2025,100,0,-4
rand-preempt-sect_rw,1,db2fa1db6c3955512d63b737cce46348c2e42ee7,UBSAN,array-index-out-of-bounds,dtSplitRoot,UBSAN: array-index-out-of-bounds in dtSplitRoot,long-term-18-MAR-2025,1,0,
rand-preempt-sect_rw,1,54ec343f5fa8ecb771acdd49bf649a6ecdc90ad4,OTHER,general protection fault,lmLogSync,general protection fault in lmLogSync,long-term-18-MAR-2025,8,0,
rand-preempt-sect_rw,1,8de37934194f7efcdf593e972abf0baec20d58fc,OTHER,possible deadlock,hfsplus_block_allocate,possible deadlock in hfsplus_block_allocate,long-term-18-MAR-2025,1,2,-1
rand-preempt-sect_rw,1,3a4009706c4f01341275ae0f98fc1bff7b1969d6,WARNING,,hfsplus_bnode_create,WARNING in hfsplus_bnode_create,long-term-18-MAR-2025,36,0,
rand-preempt-sect_rw,1,6677a17b99544b44a0a8f505286b3ac5331c6d17,OTHER,possible deadlock,run_unpack_ex,possible deadlock in run_unpack_ex,long-term-18-MAR-2025,1,2,-9
rand-preempt-sect_rw,1,ac5ef2a3eae7b51684767c36424fdb0b6c5df911,KASAN,slab-use-after-free Read,hfsplus_bnode_read,KASAN: slab-use-after-free Read in hfsplus_bnode_read,long-term-18-MAR-2025,1,0,
rand-preempt-sect_rw,1,24b84e677466c2fc7c7c02356fcf803afbb860ed,INFO,rcu detected stall,kjournald2,INFO: rcu detected stall in kjournald2,long-term-18-MAR-2025,1,0,
rand-preempt-sect_rw,1,4acc974a1a2c4cf1eebcb31e4bc86b85a2f5daa8,INFO,task hung,xlog_grant_head_check,INFO: task hung in xlog_grant_head_check,long-term-18-MAR-2025,1,0,
rand-preempt-sect_rw,1,4e6932b799a8dff0d95eec2c99872fba0eb214f7,OTHER,possible deadlock,do_ipv6_setsockopt,possible deadlock in do_ipv6_setsockopt,long-term-18-MAR-2025,14,0,-4
rand-preempt-sect_rw,1,709ea9525d06e8d72f56500f2a6c111324ad92b0,OTHER,possible deadlock,ocfs2_init_acl,possible deadlock in ocfs2_init_acl,long-term-18-MAR-2025,2,2,-2
rand-preempt-sect_rw,1,fe781548d0a22bdbc3f703fc26dd1c43b0da5914,INFO,task hung,linkwatch_event,INFO: task hung in linkwatch_event,long-term-18-MAR-2025,2,0,
rand-preempt-sect_rw,1,4868348a1ef002b1b4a89d2e9610865ece572f7c,WARNING,,inc_nlink,WARNING in inc_nlink,long-term-18-MAR-2025,12,0,
rand-preempt-sect_rw,1,e90bcb21da4fc1da922770560220236fc51108b9,INFO,rcu detected stall,kthread_worker_fn,INFO: rcu detected stall in kthread_worker_fn,long-term-18-MAR-2025,1,0,
rand-preempt-sect_rw,1,9f7d3bf8f8e1b54b4e2d1f7760f930dffa12cc48,BUG,unable to handle kernel NULL pointer dereference,filemap_read_folio,BUG: unable to handle kernel NULL pointer dereference in filemap_read_folio,long-term-18-MAR-2025,2,0,
rand-preempt-sect_rw,1,6083cc6435b48c5ee6e8110d063b78461b737821,INFO,rcu detected stall,sys_symlinkat,INFO: rcu detected stall in sys_symlinkat,long-term-18-MAR-2025,1,0,
rand-preempt-sect_rw,1,15fc5f61cd3ac1c8b1f752394c7f7e0cdffe1b8b,OTHER,possible deadlock,ocfs2_try_remove_refcount_tree,possible deadlock in ocfs2_try_remove_refcount_tree,long-term-18-MAR-2025,5,0,-3
rand-preempt-sect_rw,1,add5c4fb5e9f95ae5e27d88af789c718bb1e8093,WARNING,,btrfs_finish_one_ordered,WARNING in btrfs_finish_one_ordered,long-term-18-MAR-2025,2,0,
rand-preempt-sect_rw,1,56f22f5c6dd421d4cccbb08572f4ad3108e2cdc7,UBSAN,array-index-out-of-bounds,usbhid_parse,UBSAN: array-index-out-of-bounds in usbhid_parse,long-term-18-MAR-2025,4,0,
rand-preempt-sect_rw,1,92692f7ad977501c33f727cfa0c16b8f05107109,KASAN,slab-out-of-bounds Read,sysv_new_inode,KASAN: slab-out-of-bounds Read in sysv_new_inode,long-term-18-MAR-2025,1,0,
rand-preempt-sect_rw,1,b42437d58747d21942237cfa206c518025a2bd0f,UBSAN,shift-out-of-bounds,befs_check_sb,UBSAN: shift-out-of-bounds in befs_check_sb,long-term-18-MAR-2025,3,0,
rand-preempt-sect_rw,1,455f85f94c04755b3efd4fdabc7f210d94ea2e2d,BUG,spinlock bad magic,corrupted,BUG: spinlock bad magic in corrupted,long-term-18-MAR-2025,2,0,
rand-preempt-sect_rw,1,d77980c6859da9b98fdc57ea830efbe8c8eabb38,INFO,task hung,rfkill_unregister,INFO: task hung in rfkill_unregister,long-term-18-MAR-2025,1,0,
rand-preempt-sect_rw,1,29a30166ee9fa9bc73d64035142bf10d6e7a6b7d,INFO,task hung,blk_trace_remove,INFO: task hung in blk_trace_remove,long-term-18-MAR-2025,1,0,
rand-preempt-sect_rw,1,10ea2b759f72ff5dd26bce896d853e10f00de743,OTHER,,,unregister_netdevice: waiting for DEV to become free,long-term-18-MAR-2025,3,0,-21
rand-preempt-sect_rw,1,f418b76f6874d5af9a84df6c515403891f5f393c,UBSAN,shift-out-of-bounds,minix_statfs,UBSAN: shift-out-of-bounds in minix_statfs,long-term-18-MAR-2025,3,0,
rand-preempt-sect_rw,1,074f2751986c697854e31ed3636e8a4bc6ef880f,WARNING,,btrfs_create_pending_block_groups,WARNING in btrfs_create_pending_block_groups,long-term-18-MAR-2025,7,0,
rand-preempt-sect_rw,1,b83ebc0f722370f9f7e120e759d663eb44f55efc,OTHER,,,suppressed report,long-term-18-MAR-2025,4,0,-1
rand-preempt-sect_rw,1,132be9b558ca4026d7c573c699cd78a2c2b7b506,OTHER,kernel BUG,hfs_write_inode,kernel BUG in hfs_write_inode,long-term-18-MAR-2025,33,0,-1
rand-preempt-sect_rw,1,9cfd48d91de763e83b3b281abe91c717ca6086d0,WARNING,,__alloc_frozen_pages_noprof,WARNING in __alloc_frozen_pages_noprof,long-term-18-MAR-2025,12,0,
rand-preempt-sect_rw,1,dc46b765faa1437b040bc5b4672f61924c3feb27,SYZFATAL,,,SYZFATAL: Manager.Poll call failed: unexpected EOF,long-term-18-MAR-2025,1,0,
rand-preempt-sect_rw,1,830667af06348d56a13056f922c2e354491d48eb,WARNING,,smsusb_start_streaming/usb_submit_urb,WARNING in smsusb_start_streaming/usb_submit_urb,long-term-18-MAR-2025,35,0,
rand-preempt-sect_rw,1,439c37d288d4f26a33a6c7e5c57a97791453a447,OTHER,,,lost connection to test machine,long-term-18-MAR-2025,0,0,
rand-preempt-sect_rw,1,bf866cf51882e1f05322d495b3bc6910cf97d9de,KASAN,slab-out-of-bounds Read,__ocfs2_flush_truncate_log,KASAN: slab-out-of-bounds Read in __ocfs2_flush_truncate_log,long-term-18-MAR-2025,2,0,
rand-preempt-sect_rw,1,f958db83e7d016dc48bd820e17a96425b526d07c,INFO,trying to register non-static key,txEnd,INFO: trying to register non-static key in txEnd,long-term-18-MAR-2025,11,0,-1
rand-preempt-sect_rw,1,695231c84d74f6da1c4a1bd0ce04c22aa6f8d7ab,WARNING,,dbAdjTree,WARNING in dbAdjTree,long-term-18-MAR-2025,8,0,
rand-preempt-sect_rw,1,da2b0ecf4b0f2b007b88bfc1fc80215194afa72b,OTHER,possible deadlock,smc_vlan_by_tcpsk,possible deadlock in smc_vlan_by_tcpsk,long-term-18-MAR-2025,33,0,-8
rand-preempt-sect_rw,1,3dfede572f0a9ba62b071437854504014a100de9,KASAN,null-ptr-deref Read,drop_buffers,KASAN: null-ptr-deref Read in drop_buffers,long-term-18-MAR-2025,3,0,
rand-preempt-sect_rw,1,8210ac00ca5f0c4ddeafdf60c76983a7901f9d40,WARNING,,udf_truncate_extents,WARNING in udf_truncate_extents,long-term-18-MAR-2025,10,0,
rand-preempt-sect_rw,1,7018765989f8fc1ff705c44b3de4ebe3e64ca7d0,OTHER,kernel BUG,__hfsplus_setxattr,kernel BUG in __hfsplus_setxattr,long-term-18-MAR-2025,35,0,
rand-preempt-sect_rw,1,1e63ac96a36533feb6f19e4c1f4404642a6253f2,WARNING,,cm109_urb_irq_callback/usb_submit_urb,WARNING in cm109_urb_irq_callback/usb_submit_urb,long-term-18-MAR-2025,17,0,-40
rand-preempt-sect_rw,1,29ee7e32b0252235ea1878b8e49596fa499c356b,OTHER,possible deadlock,start_sync_thread,possible deadlock in start_sync_thread,long-term-18-MAR-2025,1,0,
rand-preempt-sect_rw,1,57168b95c199cdbf6b106278701e80c55cc9b1d8,KASAN,slab-use-after-free Read,__ext4_check_dir_entry,KASAN: slab-use-after-free Read in __ext4_check_dir_entry,long-term-18-MAR-2025,3,0,
rand-preempt-sect_rw,1,1f8b31b7c1ce3dbaf9b506bdfbdb1e798e3351f3,KASAN,slab-out-of-bounds Read,hfsplus_bnode_read,KASAN: slab-out-of-bounds Read in hfsplus_bnode_read,long-term-18-MAR-2025,20,0,
rand-preempt-sect_rw,1,6a7caeb00acf3a074fc4dcddf18d981261caedfe,OTHER,kernel BUG,ocfs2_iget,kernel BUG in ocfs2_iget,long-term-18-MAR-2025,6,0,
rand-preempt-sect_rw,1,05ec8f6e5ad443b62e132910e692ab09b877d1be,OTHER,possible deadlock,ocfs2_reserve_suballoc_bits,possible deadlock in ocfs2_reserve_suballoc_bits,long-term-18-MAR-2025,3,0,-1
rand-preempt-sect_rw,1,348e8be3a4520ea63bc79c164db119d808fa2671,OTHER,possible deadlock,gtp_encap_enable_socket,possible deadlock in gtp_encap_enable_socket,long-term-18-MAR-2025,2,0,
rand-preempt-sect_rw,1,03417db7a3c098168a45373b396cebc27a84fca3,OTHER,possible deadlock,diFree,possible deadlock in diFree,long-term-18-MAR-2025,2,0,
rand-preempt-sect_rw,1,b7ddfee12a2ceb39bf0b9d93aadb184015cdfd56,KASAN,slab-use-after-free Read,gfs2_invalidate_folio,KASAN: slab-use-after-free Read in gfs2_invalidate_folio,long-term-18-MAR-2025,2,0,
rand-preempt-sect_rw,1,0cd8f19fe96643323fb314030e394a63849589fa,KASAN,slab-out-of-bounds Write,hfsplus_bnode_read,KASAN: slab-out-of-bounds Write in hfsplus_bnode_read,long-term-18-MAR-2025,9,0,
rand-preempt-sect_rw,1,057de8d8fd45c5ae46e83f2daa1599f8d6333330,OTHER,kernel BUG,z3fold_page_migrate,kernel BUG in z3fold_page_migrate,long-term-18-MAR-2025,100,0,-2
rand-preempt-sect_rw,1,8451e1d6c526cb2d91d6b7399cd83e2b98caec40,INFO,task hung,jfs_commit_inode,INFO: task hung in jfs_commit_inode,long-term-18-MAR-2025,1,0,
rand-preempt-sect_rw,1,7cbb8a66a79c83d5e96c8aad6b16d5791f738c74,INFO,task hung,nbd_ioctl,INFO: task hung in nbd_ioctl,long-term-18-MAR-2025,2,0,
rand-preempt-sect_rw,1,57c78719dc86e22302f107bc1407e2c05cc7de8f,KASAN,slab-use-after-free Read,release_metapage,KASAN: slab-use-after-free Read in release_metapage,long-term-18-MAR-2025,1,0,
rand-preempt-sect_rw,1,36ee3cf62760d3dd70abb165b5f4c44efc22ef17,WARNING,,mark_buffer_dirty,WARNING in mark_buffer_dirty,long-term-18-MAR-2025,11,0,
rand-preempt-sect_rw,1,f48cc881b60886898c7e47830174497c7718d0a3,WARNING,,media_create_pad_link,WARNING in media_create_pad_link,long-term-18-MAR-2025,22,0,
rand-preempt-sect_rw,1,f9335fdc6d0ca3299962ff1546b31db0de911537,OTHER,possible deadlock,hfsplus_file_extend,possible deadlock in hfsplus_file_extend,long-term-18-MAR-2025,64,0,-8
rand-preempt-sect_rw,1,bd9987deb87e406269fc3d93d322fbb15e327078,KASAN,null-ptr-deref Read,txBeginAnon,KASAN: null-ptr-deref Read in txBeginAnon,long-term-18-MAR-2025,2,0,
rand-preempt-sect_rw,1,b2ccd33bcfee6a3d6b06e567a4693190497a42e8,OTHER,kernel BUG,dbFindBits,kernel BUG in dbFindBits,long-term-18-MAR-2025,16,0,
rand-preempt-sect_rw,1,d83247065b9ee0be2f68ec4874d1c93fe9ffe4fc,INFO,rcu detected stall,sys_newfstatat,INFO: rcu detected stall in sys_newfstatat,long-term-18-MAR-2025,2,0,
rand-preempt-sect_rw,1,c99988d99e45aaf65d099a0070e69d03df4e94af,SYZFATAL,,,SYZFATAL: Manager.NewInput call failed: connection is shut down,long-term-18-MAR-2025,1,0,
rand-preempt-sect_rw,1,09b03f54ccac813d5bd1c3d1b8e5d22bf942a5c5,KASAN,use-after-free Read,__ocfs2_flush_truncate_log,KASAN: use-after-free Read in __ocfs2_flush_truncate_log,long-term-18-MAR-2025,4,0,
rand-preempt-sect_rw,1,d9c7ebaef2a5695099252ae2762d4376ed7b12a1,INFO,task hung,hfs_mdb_commit,INFO: task hung in hfs_mdb_commit,long-term-18-MAR-2025,2,0,
rand-preempt-sect_rw,1,6c72351d9496377dd915e69c444bbea4884fcddf,INFO,rcu detected stall,sys_rename,INFO: rcu detected stall in sys_rename,long-term-18-MAR-2025,1,0,
rand-preempt-sect_rw,1,ffe28009af84c0b9beb49b6baf72fe0029fcaff2,KASAN,slab-out-of-bounds Read,dtSearch,KASAN: slab-out-of-bounds Read in dtSearch,long-term-18-MAR-2025,6,0,
rand-preempt-sect_rw,1,8546dc410d85396686da530b87c99653735421b3,OTHER,kernel BUG,txUnlock,kernel BUG in txUnlock,long-term-18-MAR-2025,21,0,
rand-preempt-sect_rw,1,24a99802efd975e76f9822c2a9e45876a00d5784,OTHER,general protection fault,hfs_find_init,general protection fault in hfs_find_init,long-term-18-MAR-2025,23,0,
rand-preempt-sect_rw,1,5ae658b426e79e1899d93673d06b4377b70d57c5,WARNING,,amradio_send_cmd/usb_submit_urb,WARNING in amradio_send_cmd/usb_submit_urb,long-term-18-MAR-2025,24,0,
rand-preempt-sect_rw,1,cae8bb33426999ce532ef5a7662e357e02fe6415,OTHER,possible deadlock,input_event,possible deadlock in input_event,long-term-18-MAR-2025,1,2,-1
rand-preempt-sect_rw,1,e0a2d3acf588fe830c86b2bcba1bfb0e306c060a,WARNING,,minstrel_ht_update_caps,WARNING in minstrel_ht_update_caps,long-term-18-MAR-2025,4,0,
rand-preempt-sect_rw,1,7ae2e9c25ee75e92bec28c2628d796b8b41f3e8f,OTHER,possible deadlock,hfsplus_block_free,possible deadlock in hfsplus_block_free,long-term-18-MAR-2025,3,2,-3
rand-preempt-sect_rw,1,dac17913a5b5246a1d1bd6734441801e03ce2b6d,BUG,stack guard page was hit,corrupted,BUG: stack guard page was hit in corrupted,long-term-18-MAR-2025,100,0,-16
rand-preempt-sect_rw,1,a200854dba0c559d34b0fb6efef5168496d1f570,INFO,rcu detected stall,syscall_exit_to_user_mode,INFO: rcu detected stall in syscall_exit_to_user_mode,long-term-18-MAR-2025,5,0,
rand-preempt-sect_rw,1,f5e68e16341d8bc960cd76ec3509b3e7a0f58dff,SYZFATAL,,,SYZFATAL: executor NUM failed NUM times: executor NUM: failed to write control pipe: write |NUM: broken pipe,long-term-18-MAR-2025,1,0,
rand-preempt-sect_rw,1,3d3962d0571fca4895d9d45a82c1830746f3857a,KASAN,slab-use-after-free Write,binderfs_evict_inode,KASAN: slab-use-after-free Write in binderfs_evict_inode,long-term-18-MAR-2025,1,0,
rand-preempt-sect_rw,1,4b6f8bd3ff627b858f545a1a88595e4e86c4d009,INFO,rcu detected stall,worker_thread,INFO: rcu detected stall in worker_thread,long-term-18-MAR-2025,12,0,
rand-preempt-sect_rw,1,d332decbac2ad114d77751201cf487b17ea7477f,OTHER,possible deadlock,do_ip_setsockopt,possible deadlock in do_ip_setsockopt,long-term-18-MAR-2025,4,0,-3
rand-preempt-sect_rw,1,d5640d0f24ec0060eadcde67e44bc859a53c77b7,INFO,rcu detected stall,tc_modify_qdisc,INFO: rcu detected stall in tc_modify_qdisc,long-term-18-MAR-2025,22,0,
rand-preempt-sect_rw,1,636daca53c61ab3f01e8c4398a8bd1e1241b9093,KASAN,use-after-free Read,sysv_new_block,KASAN: use-after-free Read in sysv_new_block,long-term-18-MAR-2025,8,0,
rand-preempt-sect_rw,1,4eb0cedf4c4f813ff6f95bd44194837bb8e40360,OTHER,possible deadlock,team_del_slave,possible deadlock in team_del_slave,long-term-18-MAR-2025,31,0,-11
rand-preempt-sect_rw,1,daa0f83ef631775e0e3ccbbf8cd4eab33fb10764,INFO,task hung,uevent_show,INFO: task hung in uevent_show,long-term-18-MAR-2025,3,0,
rand-preempt-sect_rw,1,d482f6ef0b8d8eba7847b21bacd7989150078dcd,OTHER,kernel BUG,ext4_write_inline_data,kernel BUG in ext4_write_inline_data,long-term-18-MAR-2025,3,0,
rand-preempt-sect_rw,1,327e4d4aa7741aa1034058cb4db0227a4fa34bc3,INFO,rcu detected stall,sys_futex,INFO: rcu detected stall in sys_futex,long-term-18-MAR-2025,2,0,
rand-preempt-sect_rw,1,4fc4d1051a9e564268d4694b5994eb65b28c0ff1,INFO,rcu detected stall,sys_bind,INFO: rcu detected stall in sys_bind,long-term-18-MAR-2025,1,0,
