tool,trial,crash_id,cat,bug,loc,desc,exp,num_reports,min_asyncs_in_log,max_programs_from_end_of_log_to_asyncs
sect_pos,0,e4d7937b21c07e00ffbdb683422c8175573d0bac,BUG,soft lockup,sys_socket,BUG: soft lockup in sys_socket,cover_eval_cp,1,,
sect_pos,0,e9f5b11984c54cecb386b92bb20c76d5d003719f,OTHER,,,no output from test machine,cover_eval_cp,0,,
sect_pos,0,8a1638229db60175d7fa5e570f8e450a1b567a94,WARNING,,ieee80211_start_next_roc,WARNING in ieee80211_start_next_roc,cover_eval_cp,1,,
sect_pos,0,910e3195261654c617977513fc7cef18d9dde9bd,WARNING,,format_decode,WARNING in format_decode,cover_eval_cp,2,,
sect_pos,0,14692319382598dac4dee0cca30dcdf451cb5eb7,WARNING,,rate_control_rate_init,WARNING in rate_control_rate_init,cover_eval_cp,32,,
sect_pos,0,a452f0e64788cc908f0eebdc7cdf2c97d97d3c3b,INFO,task hung,lookup_slow,INFO: task hung in lookup_slow,cover_eval_cp,1,,
sect_pos,0,d55cddbfbe70446f2d66df758e7e93c285e69db9,WARNING,,call_timer_fn,WARNING in call_timer_fn,cover_eval_cp,1,,
sect_pos,0,aac06202f00169294688682e50daecc9c98a831b,BUG,soft lockup,ieee80211_handle_queued_frames,BUG: soft lockup in ieee80211_handle_queued_frames,cover_eval_cp,4,,
sect_pos,0,972be4156c4dc35f22a107eb9526698fcb412be4,BUG,soft lockup,__run_timer_base,BUG: soft lockup in __run_timer_base,cover_eval_cp,1,,
sect_pos,0,efb8c5fe01ecb5116825ce2409485c164c048f88,BUG,,,BUG: workqueue lockup,cover_eval_cp,4,,
sect_pos,0,c00fed0a9991b177120ce04c4bc50ad35f46f830,BUG,unable to handle kernel NULL pointer dereference,filldir,BUG: unable to handle kernel NULL pointer dereference in filldir,cover_eval_cp,1,,
sect_pos,0,02c21219d36edc62db775545d5206fd5a3150199,KASAN,slab-use-after-free Read,v4l2_fh_init,KASAN: slab-use-after-free Read in v4l2_fh_init,cover_eval_cp,1,,
sect_pos,0,78cdfde87b5285c5274cf9336a873c5072c53d29,WARNING,,p9_client_create,WARNING in p9_client_create,cover_eval_cp,36,,
sect_pos,0,733343303fca2ceb29ab47d7e2a5c230a0c592d6,WARNING,,vkms_get_vblank_timestamp,WARNING in vkms_get_vblank_timestamp,cover_eval_cp,1,,
sect_pos,0,cd367225e88e6f04ce54c803a635de69bd9bfe10,KASAN,slab-use-after-free Read,em28xx_unregister_media_device,KASAN: slab-use-after-free Read in em28xx_unregister_media_device,cover_eval_cp,1,,
sect_pos,0,7710d479d25bd92fa8c6ab0739174ea86b45b806,BUG,unable to handle kernel paging request,filldir64,BUG: unable to handle kernel paging request in filldir64,cover_eval_cp,16,,
sect_pos,0,5983a65cfeddb32fed63f8a733b3d810e05ba119,INFO,task hung,_free_event,INFO: task hung in _free_event,cover_eval_cp,1,,
sect_pos,0,b8cd92c1478d22bf00f49d211bf24287a812a0e0,INFO,task hung,bdev_release,INFO: task hung in bdev_release,cover_eval_cp,16,,
sect_pos,0,50b1d6f2fe0ed12b1cab0d134516164980c7323d,BUG,unable to handle kernel paging request,sys_pselect6,BUG: unable to handle kernel paging request in sys_pselect6,cover_eval_cp,19,,
sect_pos,0,86fc217b03c88aa11dd51130d3a13f0cfebe9db7,BUG,soft lockup,smp_call_function,BUG: soft lockup in smp_call_function,cover_eval_cp,1,,
sect_pos,0,36a86325c6d0d517177cae0323b51ae9da7de8fa,BUG,unable to handle kernel paging request,filldir,BUG: unable to handle kernel paging request in filldir,cover_eval_cp,13,,
sect_pos,0,df87226af75e2e906503e976819e1403142d677a,BUG,soft lockup,addrconf_rs_timer,BUG: soft lockup in addrconf_rs_timer,cover_eval_cp,11,,
sect_pos,0,63de2be03e3a7eda16f7bce15a9a80a4da54ae9c,INFO,task hung,tls_sk_proto_close,INFO: task hung in tls_sk_proto_close,cover_eval_cp,2,,
sect_pos,0,6e89ce80a10c14d6e832ef9b558bcd045825e05b,BUG,,,BUG: MAX_LOCKDEP_KEYS too low!,cover_eval_cp,1,,
sect_pos,0,3e51bb4cea12a057ab4bf22cba3cefdafeb87eaf,BUG,stack guard page was hit,io_sq_thread,BUG: stack guard page was hit in io_sq_thread,cover_eval_cp,1,,
sect_pos,0,9327c9c793f88e3d2ffb26db34233d3fc8b88f20,BUG,soft lockup,xfrm_timer_handler,BUG: soft lockup in xfrm_timer_handler,cover_eval_cp,1,,
sect_pos,0,11d137c334a427322898aa51903aed548ece812d,SYZFATAL,,,SYZFATAL: executor NUM failed NUM times: executor NUM: exit status NUM err exit status NUM,cover_eval_cp,41,,
sect_pos,0,dfc109c0cf7ead121984212eccd30401ec6dd3eb,WARNING,,ip_rt_bug,WARNING in ip_rt_bug,cover_eval_cp,3,,
sect_pos,0,8f890094f96646ce8f109b9a182b94a951fcb002,BUG,soft lockup,kjournald2,BUG: soft lockup in kjournald2,cover_eval_cp,1,,
sect_pos,0,9d511333ca910fa938fb14a0a82f40458bb615dc,BUG,soft lockup,call_timer_fn,BUG: soft lockup in call_timer_fn,cover_eval_cp,1,,
sect_pos,0,ce6ef2b22dd47563c725e7c93f7410f29021547b,OTHER,possible deadlock,task_rq_lock,possible deadlock in task_rq_lock,cover_eval_cp,32,,
sect_pos,0,f73b3116ad434cc9b97b908060b5e73752df3be7,WARNING,,restore_regulatory_settings,WARNING in restore_regulatory_settings,cover_eval_cp,3,,
sect_pos,0,10ea2b759f72ff5dd26bce896d853e10f00de743,OTHER,,,unregister_netdevice: waiting for DEV to become free,cover_eval_cp,1,,
sect_pos,0,b83ebc0f722370f9f7e120e759d663eb44f55efc,OTHER,,,suppressed report,cover_eval_cp,0,,
sect_pos,0,c7bef9a5b3324959844ec200a0dc227b249903f9,INFO,task hung,iterate_supers,INFO: task hung in iterate_supers,cover_eval_cp,3,,
sect_pos,0,d713702b5b286b7704349bdd865755658baff3e8,KASAN,use-after-free Read,em28xx_init_extension,KASAN: use-after-free Read in em28xx_init_extension,cover_eval_cp,2,,
sect_pos,0,439c37d288d4f26a33a6c7e5c57a97791453a447,OTHER,,,lost connection to test machine,cover_eval_cp,0,,
sect_pos,0,de16f1718b80e2f19b307386949d3584cd059a23,INFO,task hung,__fuse_simple_request,INFO: task hung in __fuse_simple_request,cover_eval_cp,1,,
sect_pos,0,09a650f7fd6360cfe594f52776cd08e4dea82d6f,INFO,task hung,__rq_qos_throttle,INFO: task hung in __rq_qos_throttle,cover_eval_cp,1,,
sect_pos,0,86c1a76cfd5a672df1ef9fd2e6aa0951413a2412,WARNING,,kthread_worker_fn,WARNING in kthread_worker_fn,cover_eval_cp,1,,
sect_pos,0,b439149adc4a059ec80b6e79575ba4b1ade460f3,WARNING,refcount bug,j1939_xtp_rx_cts,WARNING: refcount bug in j1939_xtp_rx_cts,cover_eval_cp,100,,
sect_pos,0,eb69e7ea1402b04195836e33cd82ead332e172b9,OTHER,possible deadlock,input_inject_event,possible deadlock in input_inject_event,cover_eval_cp,5,,
sect_pos,0,11b161fdc7de61e5c70cbb5be9de567347d4fbfb,WARNING,,ext4_mb_load_buddy_gfp,WARNING in ext4_mb_load_buddy_gfp,cover_eval_cp,1,,
sect_pos,0,c16d8a13a5b01b10dd5b51c8277b2a34eba56d17,BUG,unable to handle kernel paging request,do_sys_poll,BUG: unable to handle kernel paging request in do_sys_poll,cover_eval_cp,23,,
sect_pos,0,a7d102b4ecfd113482425e71b004203976489fdd,SYZFATAL,,,SYZFATAL: Manager.NewInput call failed: read tcp IP:NUM->IP:NUM: i/o timeout,cover_eval_cp,1,,
sect_pos,0,dac17913a5b5246a1d1bd6734441801e03ce2b6d,BUG,stack guard page was hit,corrupted,BUG: stack guard page was hit in corrupted,cover_eval_cp,24,,
sect_pos,0,4c1dceb01dec061b63593f149cf10429fa012309,OTHER,possible deadlock,__perf_install_in_context,possible deadlock in __perf_install_in_context,cover_eval_cp,1,,
sect_pos,0,a2ce4a2ec11b2fac63e6dd88a5f01b42c63de9a1,INFO,task hung,nbd_set_size,INFO: task hung in nbd_set_size,cover_eval_cp,1,,
sect_pos,0,41b74e6c247526f8fa6cc88d9db735c26704c66b,WARNING,refcount bug,j1939_session_put,WARNING: refcount bug in j1939_session_put,cover_eval_cp,100,,
syzkaller,6,e9f5b11984c54cecb386b92bb20c76d5d003719f,OTHER,,,no output from test machine,cover_eval_cp,0,,
syzkaller,6,8a1638229db60175d7fa5e570f8e450a1b567a94,WARNING,,ieee80211_start_next_roc,WARNING in ieee80211_start_next_roc,cover_eval_cp,4,,
syzkaller,6,910e3195261654c617977513fc7cef18d9dde9bd,WARNING,,format_decode,WARNING in format_decode,cover_eval_cp,6,,
syzkaller,6,14692319382598dac4dee0cca30dcdf451cb5eb7,WARNING,,rate_control_rate_init,WARNING in rate_control_rate_init,cover_eval_cp,32,,
syzkaller,6,a452f0e64788cc908f0eebdc7cdf2c97d97d3c3b,INFO,task hung,lookup_slow,INFO: task hung in lookup_slow,cover_eval_cp,1,,
syzkaller,6,416fc16dc61e88df48b8990e74bd866199c4f53a,WARNING,,__rate_control_send_low,WARNING in __rate_control_send_low,cover_eval_cp,1,,
syzkaller,6,972be4156c4dc35f22a107eb9526698fcb412be4,BUG,soft lockup,__run_timer_base,BUG: soft lockup in __run_timer_base,cover_eval_cp,1,,
syzkaller,6,78cdfde87b5285c5274cf9336a873c5072c53d29,WARNING,,p9_client_create,WARNING in p9_client_create,cover_eval_cp,38,,
syzkaller,6,5983a65cfeddb32fed63f8a733b3d810e05ba119,INFO,task hung,_free_event,INFO: task hung in _free_event,cover_eval_cp,18,,
syzkaller,6,b8cd92c1478d22bf00f49d211bf24287a812a0e0,INFO,task hung,bdev_release,INFO: task hung in bdev_release,cover_eval_cp,11,,
syzkaller,6,dd7c33733b9c9fee9b618128c0a2bcdd96f78b57,OTHER,,,VFS: Busy inodes after unmount (use-after-free),cover_eval_cp,1,,
syzkaller,6,df87226af75e2e906503e976819e1403142d677a,BUG,soft lockup,addrconf_rs_timer,BUG: soft lockup in addrconf_rs_timer,cover_eval_cp,3,,
syzkaller,6,3056e0207567b5ab2df376e1400f858b88d0f665,OTHER,kernel BUG,zero_user_segments,kernel BUG in zero_user_segments,cover_eval_cp,3,,
syzkaller,6,63de2be03e3a7eda16f7bce15a9a80a4da54ae9c,INFO,task hung,tls_sk_proto_close,INFO: task hung in tls_sk_proto_close,cover_eval_cp,2,,
syzkaller,6,c55cf6656ce82c7ebd3e26802512fcba3d7d28ca,SYZFATAL,,,SYZFATAL: executor NUM failed NUM times: executor NUM: exit status NUM err signal: killed,cover_eval_cp,1,,
syzkaller,6,6e89ce80a10c14d6e832ef9b558bcd045825e05b,BUG,,,BUG: MAX_LOCKDEP_KEYS too low!,cover_eval_cp,2,,
syzkaller,6,295c0dc164c3fcf583aa4a873bea301927c81b66,BUG,corrupted list,em28xx_init_extension,BUG: corrupted list in em28xx_init_extension,cover_eval_cp,1,,
syzkaller,6,11d137c334a427322898aa51903aed548ece812d,SYZFATAL,,,SYZFATAL: executor NUM failed NUM times: executor NUM: exit status NUM err exit status NUM,cover_eval_cp,7,,
syzkaller,6,dfc109c0cf7ead121984212eccd30401ec6dd3eb,WARNING,,ip_rt_bug,WARNING in ip_rt_bug,cover_eval_cp,4,,
syzkaller,6,ce6ef2b22dd47563c725e7c93f7410f29021547b,OTHER,possible deadlock,task_rq_lock,possible deadlock in task_rq_lock,cover_eval_cp,1,,
syzkaller,6,f73b3116ad434cc9b97b908060b5e73752df3be7,WARNING,,restore_regulatory_settings,WARNING in restore_regulatory_settings,cover_eval_cp,4,,
syzkaller,6,10ea2b759f72ff5dd26bce896d853e10f00de743,OTHER,,,unregister_netdevice: waiting for DEV to become free,cover_eval_cp,1,,
syzkaller,6,b83ebc0f722370f9f7e120e759d663eb44f55efc,OTHER,,,suppressed report,cover_eval_cp,0,,
syzkaller,6,c7ed951cf7bac13fbb771774bc4ff97eaf1ccb29,KASAN,slab-use-after-free Write,sco_sock_timeout,KASAN: slab-use-after-free Write in sco_sock_timeout,cover_eval_cp,1,,
syzkaller,6,c7bef9a5b3324959844ec200a0dc227b249903f9,INFO,task hung,iterate_supers,INFO: task hung in iterate_supers,cover_eval_cp,1,,
syzkaller,6,b439149adc4a059ec80b6e79575ba4b1ade460f3,WARNING,refcount bug,j1939_xtp_rx_cts,WARNING: refcount bug in j1939_xtp_rx_cts,cover_eval_cp,100,,
syzkaller,6,057de8d8fd45c5ae46e83f2daa1599f8d6333330,OTHER,kernel BUG,z3fold_page_migrate,kernel BUG in z3fold_page_migrate,cover_eval_cp,2,,
syzkaller,6,eb69e7ea1402b04195836e33cd82ead332e172b9,OTHER,possible deadlock,input_inject_event,possible deadlock in input_inject_event,cover_eval_cp,1,,
syzkaller,6,f48cc881b60886898c7e47830174497c7718d0a3,WARNING,,media_create_pad_link,WARNING in media_create_pad_link,cover_eval_cp,1,,
syzkaller,6,a7d102b4ecfd113482425e71b004203976489fdd,SYZFATAL,,,SYZFATAL: Manager.NewInput call failed: read tcp IP:NUM->IP:NUM: i/o timeout,cover_eval_cp,1,,
syzkaller,6,c8706fee1db2b029d0d78a4fec5aa655b59bbc3e,OTHER,general protection fault,pick_task_fair,general protection fault in pick_task_fair,cover_eval_cp,4,,
syzkaller,6,a94b2a16e944b260090d50801ada7667de2c9325,BUG,soft lockup,ipv6_list_rcv,BUG: soft lockup in ipv6_list_rcv,cover_eval_cp,1,,
syzkaller,6,41b74e6c247526f8fa6cc88d9db735c26704c66b,WARNING,refcount bug,j1939_session_put,WARNING: refcount bug in j1939_session_put,cover_eval_cp,100,,
sect_pct,7,e9f5b11984c54cecb386b92bb20c76d5d003719f,OTHER,,,no output from test machine,cover_eval_cp,0,,
sect_pct,7,4a5eb99ffff5749ea30d65b6652bb2ca9ce59b6c,BUG,unable to handle kernel paging request,put_cmsg,BUG: unable to handle kernel paging request in put_cmsg,cover_eval_cp,3,,
sect_pct,7,910e3195261654c617977513fc7cef18d9dde9bd,WARNING,,format_decode,WARNING in format_decode,cover_eval_cp,2,,
sect_pct,7,14692319382598dac4dee0cca30dcdf451cb5eb7,WARNING,,rate_control_rate_init,WARNING in rate_control_rate_init,cover_eval_cp,30,,
sect_pct,7,a452f0e64788cc908f0eebdc7cdf2c97d97d3c3b,INFO,task hung,lookup_slow,INFO: task hung in lookup_slow,cover_eval_cp,2,,
sect_pct,7,d55cddbfbe70446f2d66df758e7e93c285e69db9,WARNING,,call_timer_fn,WARNING in call_timer_fn,cover_eval_cp,2,,
sect_pct,7,aac06202f00169294688682e50daecc9c98a831b,BUG,soft lockup,ieee80211_handle_queued_frames,BUG: soft lockup in ieee80211_handle_queued_frames,cover_eval_cp,8,,
sect_pct,7,844a59e2234a857b127e45d3c95432f86b5c1d44,SYZFATAL,,,SYZFATAL: Manager.NewInput call failed: write tcp IP:NUM->IP:NUM: i/o timeout,cover_eval_cp,1,,
sect_pct,7,a6b4da7baffd25e630e39e5b0555269fa08f3e94,INFO,task hung,cleanup_net,INFO: task hung in cleanup_net,cover_eval_cp,2,,
sect_pct,7,7214aa7d762fab9b78cf0384c36ff62783f904b8,INFO,rcu detected stall,smp_call_function,INFO: rcu detected stall in smp_call_function,cover_eval_cp,1,,
sect_pct,7,efb8c5fe01ecb5116825ce2409485c164c048f88,BUG,,,BUG: workqueue lockup,cover_eval_cp,5,,
sect_pct,7,02c21219d36edc62db775545d5206fd5a3150199,KASAN,slab-use-after-free Read,v4l2_fh_init,KASAN: slab-use-after-free Read in v4l2_fh_init,cover_eval_cp,2,,
sect_pct,7,78cdfde87b5285c5274cf9336a873c5072c53d29,WARNING,,p9_client_create,WARNING in p9_client_create,cover_eval_cp,42,,
sect_pct,7,733343303fca2ceb29ab47d7e2a5c230a0c592d6,WARNING,,vkms_get_vblank_timestamp,WARNING in vkms_get_vblank_timestamp,cover_eval_cp,1,,
sect_pct,7,37936123c8f81e38405258568172f9767d444d94,KASAN,slab-use-after-free Read,em28xx_release_resources,KASAN: slab-use-after-free Read in em28xx_release_resources,cover_eval_cp,2,,
sect_pct,7,7710d479d25bd92fa8c6ab0739174ea86b45b806,BUG,unable to handle kernel paging request,filldir64,BUG: unable to handle kernel paging request in filldir64,cover_eval_cp,22,,
sect_pct,7,5983a65cfeddb32fed63f8a733b3d810e05ba119,INFO,task hung,_free_event,INFO: task hung in _free_event,cover_eval_cp,4,,
sect_pct,7,b8cd92c1478d22bf00f49d211bf24287a812a0e0,INFO,task hung,bdev_release,INFO: task hung in bdev_release,cover_eval_cp,14,,
sect_pct,7,1cfc5961253150e57f78c72382088daaa1b666a8,INFO,task hung,usbdev_open,INFO: task hung in usbdev_open,cover_eval_cp,1,,
sect_pct,7,50b1d6f2fe0ed12b1cab0d134516164980c7323d,BUG,unable to handle kernel paging request,sys_pselect6,BUG: unable to handle kernel paging request in sys_pselect6,cover_eval_cp,23,,
sect_pct,7,36a86325c6d0d517177cae0323b51ae9da7de8fa,BUG,unable to handle kernel paging request,filldir,BUG: unable to handle kernel paging request in filldir,cover_eval_cp,16,,
sect_pct,7,64c9dbbe5fea926fec0323c95cea065ae891eda6,INFO,task hung,start_this_handle,INFO: task hung in start_this_handle,cover_eval_cp,1,,
sect_pct,7,df87226af75e2e906503e976819e1403142d677a,BUG,soft lockup,addrconf_rs_timer,BUG: soft lockup in addrconf_rs_timer,cover_eval_cp,25,,
sect_pct,7,dd029cbcea11e425c68d1b389d148057eb3cc789,BUG,soft lockup,ip_list_rcv,BUG: soft lockup in ip_list_rcv,cover_eval_cp,1,,
sect_pct,7,63de2be03e3a7eda16f7bce15a9a80a4da54ae9c,INFO,task hung,tls_sk_proto_close,INFO: task hung in tls_sk_proto_close,cover_eval_cp,1,,
sect_pct,7,123a12bbb2b912c15afc6a03b6ae2d782111a919,INFO,task hung,do_coredump,INFO: task hung in do_coredump,cover_eval_cp,1,,
sect_pct,7,c55cf6656ce82c7ebd3e26802512fcba3d7d28ca,SYZFATAL,,,SYZFATAL: executor NUM failed NUM times: executor NUM: exit status NUM err signal: killed,cover_eval_cp,1,,
sect_pct,7,9c2a907000712f890b6f1eaf0f238a20d34e5de6,BUG,soft lockup,wg_expired_send_keepalive,BUG: soft lockup in wg_expired_send_keepalive,cover_eval_cp,1,,
sect_pct,7,3e51bb4cea12a057ab4bf22cba3cefdafeb87eaf,BUG,stack guard page was hit,io_sq_thread,BUG: stack guard page was hit in io_sq_thread,cover_eval_cp,7,,
sect_pct,7,13c8d2415e0078a2072f24b6aee8ad0b1bbad292,INFO,task hung,del_device_store,INFO: task hung in del_device_store,cover_eval_cp,1,,
sect_pct,7,11d137c334a427322898aa51903aed548ece812d,SYZFATAL,,,SYZFATAL: executor NUM failed NUM times: executor NUM: exit status NUM err exit status NUM,cover_eval_cp,78,,
sect_pct,7,dfc109c0cf7ead121984212eccd30401ec6dd3eb,WARNING,,ip_rt_bug,WARNING in ip_rt_bug,cover_eval_cp,2,,
sect_pct,7,3a4c59087c2c4236dac8c3ebe5d28f5c5fe5f3ff,INFO,task hung,switchdev_deferred_process_work,INFO: task hung in switchdev_deferred_process_work,cover_eval_cp,1,,
sect_pct,7,fe781548d0a22bdbc3f703fc26dd1c43b0da5914,INFO,task hung,linkwatch_event,INFO: task hung in linkwatch_event,cover_eval_cp,3,,
sect_pct,7,ce6ef2b22dd47563c725e7c93f7410f29021547b,OTHER,possible deadlock,task_rq_lock,possible deadlock in task_rq_lock,cover_eval_cp,41,,
sect_pct,7,f73b3116ad434cc9b97b908060b5e73752df3be7,WARNING,,restore_regulatory_settings,WARNING in restore_regulatory_settings,cover_eval_cp,4,,
sect_pct,7,10ea2b759f72ff5dd26bce896d853e10f00de743,OTHER,,,unregister_netdevice: waiting for DEV to become free,cover_eval_cp,1,,
sect_pct,7,b83ebc0f722370f9f7e120e759d663eb44f55efc,OTHER,,,suppressed report,cover_eval_cp,1,,
sect_pct,7,c7bef9a5b3324959844ec200a0dc227b249903f9,INFO,task hung,iterate_supers,INFO: task hung in iterate_supers,cover_eval_cp,2,,
sect_pct,7,d713702b5b286b7704349bdd865755658baff3e8,KASAN,use-after-free Read,em28xx_init_extension,KASAN: use-after-free Read in em28xx_init_extension,cover_eval_cp,1,,
sect_pct,7,d870630cedefaaf2c870f9459f559a5bebb8e843,INFO,task hung,nsim_create,INFO: task hung in nsim_create,cover_eval_cp,1,,
sect_pct,7,439c37d288d4f26a33a6c7e5c57a97791453a447,OTHER,,,lost connection to test machine,cover_eval_cp,0,,
sect_pct,7,f311884ffb3006f0917bb38c3d12a48f2cafb3b0,BUG,soft lockup,NF_HOOK,BUG: soft lockup in NF_HOOK,cover_eval_cp,1,,
sect_pct,7,b439149adc4a059ec80b6e79575ba4b1ade460f3,WARNING,refcount bug,j1939_xtp_rx_cts,WARNING: refcount bug in j1939_xtp_rx_cts,cover_eval_cp,100,,
sect_pct,7,eb69e7ea1402b04195836e33cd82ead332e172b9,OTHER,possible deadlock,input_inject_event,possible deadlock in input_inject_event,cover_eval_cp,1,,
sect_pct,7,c16d8a13a5b01b10dd5b51c8277b2a34eba56d17,BUG,unable to handle kernel paging request,do_sys_poll,BUG: unable to handle kernel paging request in do_sys_poll,cover_eval_cp,30,,
sect_pct,7,5fe68c0f763c3644339804aa8a096294a4115723,BUG,soft lockup,neigh_timer_handler,BUG: soft lockup in neigh_timer_handler,cover_eval_cp,1,,
sect_pct,7,dac17913a5b5246a1d1bd6734441801e03ce2b6d,BUG,stack guard page was hit,corrupted,BUG: stack guard page was hit in corrupted,cover_eval_cp,33,,
sect_pct,7,f5e68e16341d8bc960cd76ec3509b3e7a0f58dff,SYZFATAL,,,SYZFATAL: executor NUM failed NUM times: executor NUM: failed to write control pipe: write |NUM: broken pipe,cover_eval_cp,2,,
sect_pct,7,4c1dceb01dec061b63593f149cf10429fa012309,OTHER,possible deadlock,__perf_install_in_context,possible deadlock in __perf_install_in_context,cover_eval_cp,2,,
sect_pct,7,41b74e6c247526f8fa6cc88d9db735c26704c66b,WARNING,refcount bug,j1939_session_put,WARNING: refcount bug in j1939_session_put,cover_eval_cp,100,,
sect_pos,1,c34d1bbeac0e46a9296ceb76d20d231534bcdc5f,SYZFATAL,,,SYZFATAL: executor NUM failed NUM times: failed to create temp dir: mkdir ./syzkaller-testdirNUM: no space left on devic,cover_eval_cp,1,,
sect_pos,1,e9f5b11984c54cecb386b92bb20c76d5d003719f,OTHER,,,no output from test machine,cover_eval_cp,0,,
sect_pos,1,4a5eb99ffff5749ea30d65b6652bb2ca9ce59b6c,BUG,unable to handle kernel paging request,put_cmsg,BUG: unable to handle kernel paging request in put_cmsg,cover_eval_cp,1,,
sect_pos,1,910e3195261654c617977513fc7cef18d9dde9bd,WARNING,,format_decode,WARNING in format_decode,cover_eval_cp,3,,
sect_pos,1,a0e28bdf8d48370fcc10e1f8ea4365b0c187eebe,BUG,soft lockup,hsr_announce,BUG: soft lockup in hsr_announce,cover_eval_cp,2,,
sect_pos,1,14692319382598dac4dee0cca30dcdf451cb5eb7,WARNING,,rate_control_rate_init,WARNING in rate_control_rate_init,cover_eval_cp,32,,
sect_pos,1,7d33415bcabecf4cf43ca84afdf7e5be4b545a3a,INFO,task hung,nf_ct_iterate_cleanup,INFO: task hung in nf_ct_iterate_cleanup,cover_eval_cp,1,,
sect_pos,1,a452f0e64788cc908f0eebdc7cdf2c97d97d3c3b,INFO,task hung,lookup_slow,INFO: task hung in lookup_slow,cover_eval_cp,1,,
sect_pos,1,f7f424f89ff5d010aefc0ae8cfeeb1186bcfd0da,INFO,task hung,vcs_open,INFO: task hung in vcs_open,cover_eval_cp,1,,
sect_pos,1,66cd5b9b3e5519d9a31ee5746f4ef404859d99d0,WARNING,,dup_task_struct,WARNING in dup_task_struct,cover_eval_cp,2,,
sect_pos,1,aac06202f00169294688682e50daecc9c98a831b,BUG,soft lockup,ieee80211_handle_queued_frames,BUG: soft lockup in ieee80211_handle_queued_frames,cover_eval_cp,6,,
sect_pos,1,a6b4da7baffd25e630e39e5b0555269fa08f3e94,INFO,task hung,cleanup_net,INFO: task hung in cleanup_net,cover_eval_cp,1,,
sect_pos,1,efb8c5fe01ecb5116825ce2409485c164c048f88,BUG,,,BUG: workqueue lockup,cover_eval_cp,7,,
sect_pos,1,02c21219d36edc62db775545d5206fd5a3150199,KASAN,slab-use-after-free Read,v4l2_fh_init,KASAN: slab-use-after-free Read in v4l2_fh_init,cover_eval_cp,3,,
sect_pos,1,78cdfde87b5285c5274cf9336a873c5072c53d29,WARNING,,p9_client_create,WARNING in p9_client_create,cover_eval_cp,37,,
sect_pos,1,733343303fca2ceb29ab47d7e2a5c230a0c592d6,WARNING,,vkms_get_vblank_timestamp,WARNING in vkms_get_vblank_timestamp,cover_eval_cp,1,,
sect_pos,1,7710d479d25bd92fa8c6ab0739174ea86b45b806,BUG,unable to handle kernel paging request,filldir64,BUG: unable to handle kernel paging request in filldir64,cover_eval_cp,36,,
sect_pos,1,5983a65cfeddb32fed63f8a733b3d810e05ba119,INFO,task hung,_free_event,INFO: task hung in _free_event,cover_eval_cp,5,,
sect_pos,1,b8cd92c1478d22bf00f49d211bf24287a812a0e0,INFO,task hung,bdev_release,INFO: task hung in bdev_release,cover_eval_cp,15,,
sect_pos,1,50b1d6f2fe0ed12b1cab0d134516164980c7323d,BUG,unable to handle kernel paging request,sys_pselect6,BUG: unable to handle kernel paging request in sys_pselect6,cover_eval_cp,32,,
sect_pos,1,36a86325c6d0d517177cae0323b51ae9da7de8fa,BUG,unable to handle kernel paging request,filldir,BUG: unable to handle kernel paging request in filldir,cover_eval_cp,18,,
sect_pos,1,df87226af75e2e906503e976819e1403142d677a,BUG,soft lockup,addrconf_rs_timer,BUG: soft lockup in addrconf_rs_timer,cover_eval_cp,15,,
sect_pos,1,63de2be03e3a7eda16f7bce15a9a80a4da54ae9c,INFO,task hung,tls_sk_proto_close,INFO: task hung in tls_sk_proto_close,cover_eval_cp,2,,
sect_pos,1,4ecda27d97e590e179a8c967d0b1615224f921fd,WARNING,,reserve_ds_buffers,WARNING in reserve_ds_buffers,cover_eval_cp,1,,
sect_pos,1,6e89ce80a10c14d6e832ef9b558bcd045825e05b,BUG,,,BUG: MAX_LOCKDEP_KEYS too low!,cover_eval_cp,5,,
sect_pos,1,3e51bb4cea12a057ab4bf22cba3cefdafeb87eaf,BUG,stack guard page was hit,io_sq_thread,BUG: stack guard page was hit in io_sq_thread,cover_eval_cp,8,,
sect_pos,1,11d137c334a427322898aa51903aed548ece812d,SYZFATAL,,,SYZFATAL: executor NUM failed NUM times: executor NUM: exit status NUM err exit status NUM,cover_eval_cp,89,,
sect_pos,1,dfc109c0cf7ead121984212eccd30401ec6dd3eb,WARNING,,ip_rt_bug,WARNING in ip_rt_bug,cover_eval_cp,2,,
sect_pos,1,fe781548d0a22bdbc3f703fc26dd1c43b0da5914,INFO,task hung,linkwatch_event,INFO: task hung in linkwatch_event,cover_eval_cp,3,,
sect_pos,1,ce6ef2b22dd47563c725e7c93f7410f29021547b,OTHER,possible deadlock,task_rq_lock,possible deadlock in task_rq_lock,cover_eval_cp,44,,
sect_pos,1,d77980c6859da9b98fdc57ea830efbe8c8eabb38,INFO,task hung,rfkill_unregister,INFO: task hung in rfkill_unregister,cover_eval_cp,1,,
sect_pos,1,f73b3116ad434cc9b97b908060b5e73752df3be7,WARNING,,restore_regulatory_settings,WARNING in restore_regulatory_settings,cover_eval_cp,4,,
sect_pos,1,10ea2b759f72ff5dd26bce896d853e10f00de743,OTHER,,,unregister_netdevice: waiting for DEV to become free,cover_eval_cp,1,,
sect_pos,1,b83ebc0f722370f9f7e120e759d663eb44f55efc,OTHER,,,suppressed report,cover_eval_cp,1,,
sect_pos,1,c7bef9a5b3324959844ec200a0dc227b249903f9,INFO,task hung,iterate_supers,INFO: task hung in iterate_supers,cover_eval_cp,1,,
sect_pos,1,d713702b5b286b7704349bdd865755658baff3e8,KASAN,use-after-free Read,em28xx_init_extension,KASAN: use-after-free Read in em28xx_init_extension,cover_eval_cp,1,,
sect_pos,1,439c37d288d4f26a33a6c7e5c57a97791453a447,OTHER,,,lost connection to test machine,cover_eval_cp,0,,
sect_pos,1,09a650f7fd6360cfe594f52776cd08e4dea82d6f,INFO,task hung,__rq_qos_throttle,INFO: task hung in __rq_qos_throttle,cover_eval_cp,1,,
sect_pos,1,b439149adc4a059ec80b6e79575ba4b1ade460f3,WARNING,refcount bug,j1939_xtp_rx_cts,WARNING: refcount bug in j1939_xtp_rx_cts,cover_eval_cp,100,,
sect_pos,1,057de8d8fd45c5ae46e83f2daa1599f8d6333330,OTHER,kernel BUG,z3fold_page_migrate,kernel BUG in z3fold_page_migrate,cover_eval_cp,1,,
sect_pos,1,eb69e7ea1402b04195836e33cd82ead332e172b9,OTHER,possible deadlock,input_inject_event,possible deadlock in input_inject_event,cover_eval_cp,3,,
sect_pos,1,f48cc881b60886898c7e47830174497c7718d0a3,WARNING,,media_create_pad_link,WARNING in media_create_pad_link,cover_eval_cp,1,,
sect_pos,1,c16d8a13a5b01b10dd5b51c8277b2a34eba56d17,BUG,unable to handle kernel paging request,do_sys_poll,BUG: unable to handle kernel paging request in do_sys_poll,cover_eval_cp,55,,
sect_pos,1,40e12d12cb3785d16de5fcf71c9b99ce79ff831c,INFO,task hung,addrconf_dad_work,INFO: task hung in addrconf_dad_work,cover_eval_cp,1,,
sect_pos,1,dac17913a5b5246a1d1bd6734441801e03ce2b6d,BUG,stack guard page was hit,corrupted,BUG: stack guard page was hit in corrupted,cover_eval_cp,38,,
sect_pos,1,c8706fee1db2b029d0d78a4fec5aa655b59bbc3e,OTHER,general protection fault,pick_task_fair,general protection fault in pick_task_fair,cover_eval_cp,1,,
sect_pos,1,4c1dceb01dec061b63593f149cf10429fa012309,OTHER,possible deadlock,__perf_install_in_context,possible deadlock in __perf_install_in_context,cover_eval_cp,3,,
sect_pos,1,41b74e6c247526f8fa6cc88d9db735c26704c66b,WARNING,refcount bug,j1939_session_put,WARNING: refcount bug in j1939_session_put,cover_eval_cp,100,,
sect_rw,8,cbc4c6f265a721b8de45305209c4b636b1440f1d,BUG,soft lockup,mac80211_hwsim_beacon,BUG: soft lockup in mac80211_hwsim_beacon,cover_eval_cp,1,,
sect_rw,8,e9f5b11984c54cecb386b92bb20c76d5d003719f,OTHER,,,no output from test machine,cover_eval_cp,0,,
sect_rw,8,8a1638229db60175d7fa5e570f8e450a1b567a94,WARNING,,ieee80211_start_next_roc,WARNING in ieee80211_start_next_roc,cover_eval_cp,1,,
sect_rw,8,910e3195261654c617977513fc7cef18d9dde9bd,WARNING,,format_decode,WARNING in format_decode,cover_eval_cp,3,,
sect_rw,8,a0e28bdf8d48370fcc10e1f8ea4365b0c187eebe,BUG,soft lockup,hsr_announce,BUG: soft lockup in hsr_announce,cover_eval_cp,1,,
sect_rw,8,14692319382598dac4dee0cca30dcdf451cb5eb7,WARNING,,rate_control_rate_init,WARNING in rate_control_rate_init,cover_eval_cp,28,,
sect_rw,8,66cd5b9b3e5519d9a31ee5746f4ef404859d99d0,WARNING,,dup_task_struct,WARNING in dup_task_struct,cover_eval_cp,4,,
sect_rw,8,aac06202f00169294688682e50daecc9c98a831b,BUG,soft lockup,ieee80211_handle_queued_frames,BUG: soft lockup in ieee80211_handle_queued_frames,cover_eval_cp,8,,
sect_rw,8,efb8c5fe01ecb5116825ce2409485c164c048f88,BUG,,,BUG: workqueue lockup,cover_eval_cp,7,,
sect_rw,8,02c21219d36edc62db775545d5206fd5a3150199,KASAN,slab-use-after-free Read,v4l2_fh_init,KASAN: slab-use-after-free Read in v4l2_fh_init,cover_eval_cp,3,,
sect_rw,8,78cdfde87b5285c5274cf9336a873c5072c53d29,WARNING,,p9_client_create,WARNING in p9_client_create,cover_eval_cp,37,,
sect_rw,8,7710d479d25bd92fa8c6ab0739174ea86b45b806,BUG,unable to handle kernel paging request,filldir64,BUG: unable to handle kernel paging request in filldir64,cover_eval_cp,20,,
sect_rw,8,5983a65cfeddb32fed63f8a733b3d810e05ba119,INFO,task hung,_free_event,INFO: task hung in _free_event,cover_eval_cp,1,,
sect_rw,8,b8cd92c1478d22bf00f49d211bf24287a812a0e0,INFO,task hung,bdev_release,INFO: task hung in bdev_release,cover_eval_cp,2,,
sect_rw,8,50b1d6f2fe0ed12b1cab0d134516164980c7323d,BUG,unable to handle kernel paging request,sys_pselect6,BUG: unable to handle kernel paging request in sys_pselect6,cover_eval_cp,18,,
sect_rw,8,36a86325c6d0d517177cae0323b51ae9da7de8fa,BUG,unable to handle kernel paging request,filldir,BUG: unable to handle kernel paging request in filldir,cover_eval_cp,11,,
sect_rw,8,df87226af75e2e906503e976819e1403142d677a,BUG,soft lockup,addrconf_rs_timer,BUG: soft lockup in addrconf_rs_timer,cover_eval_cp,7,,
sect_rw,8,3056e0207567b5ab2df376e1400f858b88d0f665,OTHER,kernel BUG,zero_user_segments,kernel BUG in zero_user_segments,cover_eval_cp,1,,
sect_rw,8,e294c86f55213967b11a9abc18b8883ff0c8605a,SYZFATAL,,,SYZFATAL: executor NUM failed NUM times: bad comp NUM type ADDR,cover_eval_cp,100,,
sect_rw,8,6e89ce80a10c14d6e832ef9b558bcd045825e05b,BUG,,,BUG: MAX_LOCKDEP_KEYS too low!,cover_eval_cp,2,,
sect_rw,8,3e51bb4cea12a057ab4bf22cba3cefdafeb87eaf,BUG,stack guard page was hit,io_sq_thread,BUG: stack guard page was hit in io_sq_thread,cover_eval_cp,5,,
sect_rw,8,295c0dc164c3fcf583aa4a873bea301927c81b66,BUG,corrupted list,em28xx_init_extension,BUG: corrupted list in em28xx_init_extension,cover_eval_cp,1,,
sect_rw,8,11d137c334a427322898aa51903aed548ece812d,SYZFATAL,,,SYZFATAL: executor NUM failed NUM times: executor NUM: exit status NUM err exit status NUM,cover_eval_cp,71,,
sect_rw,8,dfc109c0cf7ead121984212eccd30401ec6dd3eb,WARNING,,ip_rt_bug,WARNING in ip_rt_bug,cover_eval_cp,3,,
sect_rw,8,62354553a886c8b88fb5d75ad0108d1806c76405,WARNING,,__folio_mark_dirty,WARNING in __folio_mark_dirty,cover_eval_cp,3,,
sect_rw,8,ce6ef2b22dd47563c725e7c93f7410f29021547b,OTHER,possible deadlock,task_rq_lock,possible deadlock in task_rq_lock,cover_eval_cp,82,,
sect_rw,8,f73b3116ad434cc9b97b908060b5e73752df3be7,WARNING,,restore_regulatory_settings,WARNING in restore_regulatory_settings,cover_eval_cp,3,,
sect_rw,8,10ea2b759f72ff5dd26bce896d853e10f00de743,OTHER,,,unregister_netdevice: waiting for DEV to become free,cover_eval_cp,3,,
sect_rw,8,b83ebc0f722370f9f7e120e759d663eb44f55efc,OTHER,,,suppressed report,cover_eval_cp,0,,
sect_rw,8,d713702b5b286b7704349bdd865755658baff3e8,KASAN,use-after-free Read,em28xx_init_extension,KASAN: use-after-free Read in em28xx_init_extension,cover_eval_cp,2,,
sect_rw,8,f311884ffb3006f0917bb38c3d12a48f2cafb3b0,BUG,soft lockup,NF_HOOK,BUG: soft lockup in NF_HOOK,cover_eval_cp,2,,
sect_rw,8,b439149adc4a059ec80b6e79575ba4b1ade460f3,WARNING,refcount bug,j1939_xtp_rx_cts,WARNING: refcount bug in j1939_xtp_rx_cts,cover_eval_cp,100,,
sect_rw,8,eb69e7ea1402b04195836e33cd82ead332e172b9,OTHER,possible deadlock,input_inject_event,possible deadlock in input_inject_event,cover_eval_cp,1,,
sect_rw,8,c16d8a13a5b01b10dd5b51c8277b2a34eba56d17,BUG,unable to handle kernel paging request,do_sys_poll,BUG: unable to handle kernel paging request in do_sys_poll,cover_eval_cp,15,,
sect_rw,8,2c94f64b318b4b960a8e789413bb6fd89d1103ae,BUG,soft lockup,__mod_timer,BUG: soft lockup in __mod_timer,cover_eval_cp,1,,
sect_rw,8,dac17913a5b5246a1d1bd6734441801e03ce2b6d,BUG,stack guard page was hit,corrupted,BUG: stack guard page was hit in corrupted,cover_eval_cp,26,,
sect_rw,8,f5e68e16341d8bc960cd76ec3509b3e7a0f58dff,SYZFATAL,,,SYZFATAL: executor NUM failed NUM times: executor NUM: failed to write control pipe: write |NUM: broken pipe,cover_eval_cp,1,,
sect_rw,8,41b74e6c247526f8fa6cc88d9db735c26704c66b,WARNING,refcount bug,j1939_session_put,WARNING: refcount bug in j1939_session_put,cover_eval_cp,100,,
syzkaller,1,cbc4c6f265a721b8de45305209c4b636b1440f1d,BUG,soft lockup,mac80211_hwsim_beacon,BUG: soft lockup in mac80211_hwsim_beacon,cover_eval_cp,1,,
syzkaller,1,e9f5b11984c54cecb386b92bb20c76d5d003719f,OTHER,,,no output from test machine,cover_eval_cp,0,,
syzkaller,1,8a1638229db60175d7fa5e570f8e450a1b567a94,WARNING,,ieee80211_start_next_roc,WARNING in ieee80211_start_next_roc,cover_eval_cp,1,,
syzkaller,1,910e3195261654c617977513fc7cef18d9dde9bd,WARNING,,format_decode,WARNING in format_decode,cover_eval_cp,2,,
syzkaller,1,8facfbb5acbe6b82e7b5bf8d27be8930172c96c1,OTHER,possible deadlock,__perf_event_task_sched_out,possible deadlock in __perf_event_task_sched_out,cover_eval_cp,1,,
syzkaller,1,14692319382598dac4dee0cca30dcdf451cb5eb7,WARNING,,rate_control_rate_init,WARNING in rate_control_rate_init,cover_eval_cp,29,,
syzkaller,1,9c7d0c78815f7f407102b63d07ed649359f3b8bb,OTHER,possible deadlock,smc_switch_to_fallback,possible deadlock in smc_switch_to_fallback,cover_eval_cp,4,,
syzkaller,1,a452f0e64788cc908f0eebdc7cdf2c97d97d3c3b,INFO,task hung,lookup_slow,INFO: task hung in lookup_slow,cover_eval_cp,1,,
syzkaller,1,59debc80da86a9674811433e50182f2894e739a9,INFO,task hung,get_bMaxPacketSize0,INFO: task hung in get_bMaxPacketSize0,cover_eval_cp,1,,
syzkaller,1,1d9bb5d25d509bfa2a7dd17a2add36a0762765ac,BUG,,,"BUG: please report to dccp@vger.kernel.org => prev = NUM, last = NUM at net/dccp/ccids/lib/packet_history.c:LINE/tfrc_rx",cover_eval_cp,1,,
syzkaller,1,78cdfde87b5285c5274cf9336a873c5072c53d29,WARNING,,p9_client_create,WARNING in p9_client_create,cover_eval_cp,37,,
syzkaller,1,5983a65cfeddb32fed63f8a733b3d810e05ba119,INFO,task hung,_free_event,INFO: task hung in _free_event,cover_eval_cp,22,,
syzkaller,1,b8cd92c1478d22bf00f49d211bf24287a812a0e0,INFO,task hung,bdev_release,INFO: task hung in bdev_release,cover_eval_cp,13,,
syzkaller,1,361953c7402c1e2460864ef42c7f10ffe5eea21f,OTHER,possible deadlock,__perf_event_task_sched_in,possible deadlock in __perf_event_task_sched_in,cover_eval_cp,1,,
syzkaller,1,df87226af75e2e906503e976819e1403142d677a,BUG,soft lockup,addrconf_rs_timer,BUG: soft lockup in addrconf_rs_timer,cover_eval_cp,2,,
syzkaller,1,8df03d1b50e9e5b04fef538938741a10bb0f7841,WARNING,locking bug,ext4_move_extents,WARNING: locking bug in ext4_move_extents,cover_eval_cp,1,,
syzkaller,1,63de2be03e3a7eda16f7bce15a9a80a4da54ae9c,INFO,task hung,tls_sk_proto_close,INFO: task hung in tls_sk_proto_close,cover_eval_cp,4,,
syzkaller,1,c55cf6656ce82c7ebd3e26802512fcba3d7d28ca,SYZFATAL,,,SYZFATAL: executor NUM failed NUM times: executor NUM: exit status NUM err signal: killed,cover_eval_cp,2,,
syzkaller,1,6e89ce80a10c14d6e832ef9b558bcd045825e05b,BUG,,,BUG: MAX_LOCKDEP_KEYS too low!,cover_eval_cp,5,,
syzkaller,1,706c7657cad15dfe6f55b865a21728c0837dbbe9,WARNING,,bdev_getblk,WARNING in bdev_getblk,cover_eval_cp,1,,
syzkaller,1,295c0dc164c3fcf583aa4a873bea301927c81b66,BUG,corrupted list,em28xx_init_extension,BUG: corrupted list in em28xx_init_extension,cover_eval_cp,1,,
syzkaller,1,11d137c334a427322898aa51903aed548ece812d,SYZFATAL,,,SYZFATAL: executor NUM failed NUM times: executor NUM: exit status NUM err exit status NUM,cover_eval_cp,8,,
syzkaller,1,dfc109c0cf7ead121984212eccd30401ec6dd3eb,WARNING,,ip_rt_bug,WARNING in ip_rt_bug,cover_eval_cp,3,,
syzkaller,1,62354553a886c8b88fb5d75ad0108d1806c76405,WARNING,,__folio_mark_dirty,WARNING in __folio_mark_dirty,cover_eval_cp,5,,
syzkaller,1,fe781548d0a22bdbc3f703fc26dd1c43b0da5914,INFO,task hung,linkwatch_event,INFO: task hung in linkwatch_event,cover_eval_cp,1,,
syzkaller,1,ce6ef2b22dd47563c725e7c93f7410f29021547b,OTHER,possible deadlock,task_rq_lock,possible deadlock in task_rq_lock,cover_eval_cp,2,,
syzkaller,1,f73b3116ad434cc9b97b908060b5e73752df3be7,WARNING,,restore_regulatory_settings,WARNING in restore_regulatory_settings,cover_eval_cp,2,,
syzkaller,1,805bf826ab507b715349107ebab6a369dc98550c,INFO,rcu detected stall,do_sys_open,INFO: rcu detected stall in do_sys_open,cover_eval_cp,1,,
syzkaller,1,b83ebc0f722370f9f7e120e759d663eb44f55efc,OTHER,,,suppressed report,cover_eval_cp,1,,
syzkaller,1,c7bef9a5b3324959844ec200a0dc227b249903f9,INFO,task hung,iterate_supers,INFO: task hung in iterate_supers,cover_eval_cp,1,,
syzkaller,1,d713702b5b286b7704349bdd865755658baff3e8,KASAN,use-after-free Read,em28xx_init_extension,KASAN: use-after-free Read in em28xx_init_extension,cover_eval_cp,1,,
syzkaller,1,b439149adc4a059ec80b6e79575ba4b1ade460f3,WARNING,refcount bug,j1939_xtp_rx_cts,WARNING: refcount bug in j1939_xtp_rx_cts,cover_eval_cp,100,,
syzkaller,1,eb69e7ea1402b04195836e33cd82ead332e172b9,OTHER,possible deadlock,input_inject_event,possible deadlock in input_inject_event,cover_eval_cp,4,,
syzkaller,1,cae8bb33426999ce532ef5a7662e357e02fe6415,OTHER,possible deadlock,input_event,possible deadlock in input_event,cover_eval_cp,1,,
syzkaller,1,d332decbac2ad114d77751201cf487b17ea7477f,OTHER,possible deadlock,do_ip_setsockopt,possible deadlock in do_ip_setsockopt,cover_eval_cp,2,,
syzkaller,1,c8706fee1db2b029d0d78a4fec5aa655b59bbc3e,OTHER,general protection fault,pick_task_fair,general protection fault in pick_task_fair,cover_eval_cp,4,,
syzkaller,1,4c1dceb01dec061b63593f149cf10429fa012309,OTHER,possible deadlock,__perf_install_in_context,possible deadlock in __perf_install_in_context,cover_eval_cp,6,,
syzkaller,1,41b74e6c247526f8fa6cc88d9db735c26704c66b,WARNING,refcount bug,j1939_session_put,WARNING: refcount bug in j1939_session_put,cover_eval_cp,100,,
syzkaller,3,e9f5b11984c54cecb386b92bb20c76d5d003719f,OTHER,,,no output from test machine,cover_eval_cp,0,,
syzkaller,3,8a1638229db60175d7fa5e570f8e450a1b567a94,WARNING,,ieee80211_start_next_roc,WARNING in ieee80211_start_next_roc,cover_eval_cp,1,,
syzkaller,3,a726bdbfdf37ab73c078dcf88e3249d9ec47fbf9,INFO,task hung,gfs2_jhead_process_page,INFO: task hung in gfs2_jhead_process_page,cover_eval_cp,1,,
syzkaller,3,910e3195261654c617977513fc7cef18d9dde9bd,WARNING,,format_decode,WARNING in format_decode,cover_eval_cp,2,,
syzkaller,3,14692319382598dac4dee0cca30dcdf451cb5eb7,WARNING,,rate_control_rate_init,WARNING in rate_control_rate_init,cover_eval_cp,31,,
syzkaller,3,9c7d0c78815f7f407102b63d07ed649359f3b8bb,OTHER,possible deadlock,smc_switch_to_fallback,possible deadlock in smc_switch_to_fallback,cover_eval_cp,2,,
syzkaller,3,a452f0e64788cc908f0eebdc7cdf2c97d97d3c3b,INFO,task hung,lookup_slow,INFO: task hung in lookup_slow,cover_eval_cp,1,,
syzkaller,3,1d9bb5d25d509bfa2a7dd17a2add36a0762765ac,BUG,,,"BUG: please report to dccp@vger.kernel.org => prev = NUM, last = NUM at net/dccp/ccids/lib/packet_history.c:LINE/tfrc_rx",cover_eval_cp,1,,
syzkaller,3,aac06202f00169294688682e50daecc9c98a831b,BUG,soft lockup,ieee80211_handle_queued_frames,BUG: soft lockup in ieee80211_handle_queued_frames,cover_eval_cp,1,,
syzkaller,3,c401efa8cefe905e64f586a50d8bbaf2d38f2350,INFO,task hung,addrconf_verify_work,INFO: task hung in addrconf_verify_work,cover_eval_cp,1,,
syzkaller,3,78cdfde87b5285c5274cf9336a873c5072c53d29,WARNING,,p9_client_create,WARNING in p9_client_create,cover_eval_cp,36,,
syzkaller,3,5983a65cfeddb32fed63f8a733b3d810e05ba119,INFO,task hung,_free_event,INFO: task hung in _free_event,cover_eval_cp,23,,
syzkaller,3,b8cd92c1478d22bf00f49d211bf24287a812a0e0,INFO,task hung,bdev_release,INFO: task hung in bdev_release,cover_eval_cp,11,,
syzkaller,3,2d5ddc28d1065b21d87d6d32fd383387eff9a23e,KASAN,slab-use-after-free Read,__ethtool_get_link_ksettings,KASAN: slab-use-after-free Read in __ethtool_get_link_ksettings,cover_eval_cp,1,,
syzkaller,3,86fc217b03c88aa11dd51130d3a13f0cfebe9db7,BUG,soft lockup,smp_call_function,BUG: soft lockup in smp_call_function,cover_eval_cp,2,,
syzkaller,3,df87226af75e2e906503e976819e1403142d677a,BUG,soft lockup,addrconf_rs_timer,BUG: soft lockup in addrconf_rs_timer,cover_eval_cp,5,,
syzkaller,3,3056e0207567b5ab2df376e1400f858b88d0f665,OTHER,kernel BUG,zero_user_segments,kernel BUG in zero_user_segments,cover_eval_cp,2,,
syzkaller,3,63de2be03e3a7eda16f7bce15a9a80a4da54ae9c,INFO,task hung,tls_sk_proto_close,INFO: task hung in tls_sk_proto_close,cover_eval_cp,4,,
syzkaller,3,c55cf6656ce82c7ebd3e26802512fcba3d7d28ca,SYZFATAL,,,SYZFATAL: executor NUM failed NUM times: executor NUM: exit status NUM err signal: killed,cover_eval_cp,2,,
syzkaller,3,6e89ce80a10c14d6e832ef9b558bcd045825e05b,BUG,,,BUG: MAX_LOCKDEP_KEYS too low!,cover_eval_cp,3,,
syzkaller,3,f75a938fff71c7087689f28272e1e55ac4c89ec2,BUG,soft lockup,br_forward_delay_timer_expired,BUG: soft lockup in br_forward_delay_timer_expired,cover_eval_cp,1,,
syzkaller,3,295c0dc164c3fcf583aa4a873bea301927c81b66,BUG,corrupted list,em28xx_init_extension,BUG: corrupted list in em28xx_init_extension,cover_eval_cp,1,,
syzkaller,3,11d137c334a427322898aa51903aed548ece812d,SYZFATAL,,,SYZFATAL: executor NUM failed NUM times: executor NUM: exit status NUM err exit status NUM,cover_eval_cp,8,,
syzkaller,3,dfc109c0cf7ead121984212eccd30401ec6dd3eb,WARNING,,ip_rt_bug,WARNING in ip_rt_bug,cover_eval_cp,4,,
syzkaller,3,62354553a886c8b88fb5d75ad0108d1806c76405,WARNING,,__folio_mark_dirty,WARNING in __folio_mark_dirty,cover_eval_cp,1,,
syzkaller,3,72bfd31727c81ba48b0a1098830deeeba1eb95d9,INFO,task hung,ext4_writepages,INFO: task hung in ext4_writepages,cover_eval_cp,1,,
syzkaller,3,acd8d78fb2898710669a8e16862c9a84b2448e8d,KASAN,slab-use-after-free Write,sco_conn_del,KASAN: slab-use-after-free Write in sco_conn_del,cover_eval_cp,1,,
syzkaller,3,ce6ef2b22dd47563c725e7c93f7410f29021547b,OTHER,possible deadlock,task_rq_lock,possible deadlock in task_rq_lock,cover_eval_cp,1,,
syzkaller,3,f73b3116ad434cc9b97b908060b5e73752df3be7,WARNING,,restore_regulatory_settings,WARNING in restore_regulatory_settings,cover_eval_cp,3,,
syzkaller,3,b83ebc0f722370f9f7e120e759d663eb44f55efc,OTHER,,,suppressed report,cover_eval_cp,0,,
syzkaller,3,c7bef9a5b3324959844ec200a0dc227b249903f9,INFO,task hung,iterate_supers,INFO: task hung in iterate_supers,cover_eval_cp,1,,
syzkaller,3,d713702b5b286b7704349bdd865755658baff3e8,KASAN,use-after-free Read,em28xx_init_extension,KASAN: use-after-free Read in em28xx_init_extension,cover_eval_cp,3,,
syzkaller,3,de16f1718b80e2f19b307386949d3584cd059a23,INFO,task hung,__fuse_simple_request,INFO: task hung in __fuse_simple_request,cover_eval_cp,1,,
syzkaller,3,b439149adc4a059ec80b6e79575ba4b1ade460f3,WARNING,refcount bug,j1939_xtp_rx_cts,WARNING: refcount bug in j1939_xtp_rx_cts,cover_eval_cp,100,,
syzkaller,3,eb69e7ea1402b04195836e33cd82ead332e172b9,OTHER,possible deadlock,input_inject_event,possible deadlock in input_inject_event,cover_eval_cp,4,,
syzkaller,3,f48cc881b60886898c7e47830174497c7718d0a3,WARNING,,media_create_pad_link,WARNING in media_create_pad_link,cover_eval_cp,1,,
syzkaller,3,615970a8086b87534fe1c7145acb4a9844f932cb,KASAN,slab-out-of-bounds Write,sco_sock_timeout,KASAN: slab-out-of-bounds Write in sco_sock_timeout,cover_eval_cp,1,,
syzkaller,3,c8706fee1db2b029d0d78a4fec5aa655b59bbc3e,OTHER,general protection fault,pick_task_fair,general protection fault in pick_task_fair,cover_eval_cp,4,,
syzkaller,3,4c1dceb01dec061b63593f149cf10429fa012309,OTHER,possible deadlock,__perf_install_in_context,possible deadlock in __perf_install_in_context,cover_eval_cp,2,,
syzkaller,3,41b74e6c247526f8fa6cc88d9db735c26704c66b,WARNING,refcount bug,j1939_session_put,WARNING: refcount bug in j1939_session_put,cover_eval_cp,100,,
sect_rw,15,e9f5b11984c54cecb386b92bb20c76d5d003719f,OTHER,,,no output from test machine,cover_eval_cp,0,,
sect_rw,15,4a5eb99ffff5749ea30d65b6652bb2ca9ce59b6c,BUG,unable to handle kernel paging request,put_cmsg,BUG: unable to handle kernel paging request in put_cmsg,cover_eval_cp,1,,
sect_rw,15,910e3195261654c617977513fc7cef18d9dde9bd,WARNING,,format_decode,WARNING in format_decode,cover_eval_cp,2,,
sect_rw,15,14692319382598dac4dee0cca30dcdf451cb5eb7,WARNING,,rate_control_rate_init,WARNING in rate_control_rate_init,cover_eval_cp,27,,
sect_rw,15,2f43513776335724f22aac1b056b930da4b84aff,SYZFATAL,,,SYZFATAL: executor NUM failed NUM times: executor NUM: not serving,cover_eval_cp,2,,
sect_rw,15,a3e578a36f004f390cbe1b9f9fc24550997067b4,BUG,soft lockup,wg_packet_send_keepalive,BUG: soft lockup in wg_packet_send_keepalive,cover_eval_cp,1,,
sect_rw,15,a452f0e64788cc908f0eebdc7cdf2c97d97d3c3b,INFO,task hung,lookup_slow,INFO: task hung in lookup_slow,cover_eval_cp,2,,
sect_rw,15,f7f424f89ff5d010aefc0ae8cfeeb1186bcfd0da,INFO,task hung,vcs_open,INFO: task hung in vcs_open,cover_eval_cp,1,,
sect_rw,15,66cd5b9b3e5519d9a31ee5746f4ef404859d99d0,WARNING,,dup_task_struct,WARNING in dup_task_struct,cover_eval_cp,2,,
sect_rw,15,aac06202f00169294688682e50daecc9c98a831b,BUG,soft lockup,ieee80211_handle_queued_frames,BUG: soft lockup in ieee80211_handle_queued_frames,cover_eval_cp,5,,
sect_rw,15,efb8c5fe01ecb5116825ce2409485c164c048f88,BUG,,,BUG: workqueue lockup,cover_eval_cp,6,,
sect_rw,15,96c447fce9cab7899e95a08f52a4c45da0691d56,WARNING,,__ieee80211_beacon_get,WARNING in __ieee80211_beacon_get,cover_eval_cp,2,,
sect_rw,15,02c21219d36edc62db775545d5206fd5a3150199,KASAN,slab-use-after-free Read,v4l2_fh_init,KASAN: slab-use-after-free Read in v4l2_fh_init,cover_eval_cp,3,,
sect_rw,15,78cdfde87b5285c5274cf9336a873c5072c53d29,WARNING,,p9_client_create,WARNING in p9_client_create,cover_eval_cp,33,,
sect_rw,15,37936123c8f81e38405258568172f9767d444d94,KASAN,slab-use-after-free Read,em28xx_release_resources,KASAN: slab-use-after-free Read in em28xx_release_resources,cover_eval_cp,1,,
sect_rw,15,7710d479d25bd92fa8c6ab0739174ea86b45b806,BUG,unable to handle kernel paging request,filldir64,BUG: unable to handle kernel paging request in filldir64,cover_eval_cp,24,,
sect_rw,15,5983a65cfeddb32fed63f8a733b3d810e05ba119,INFO,task hung,_free_event,INFO: task hung in _free_event,cover_eval_cp,4,,
sect_rw,15,b8cd92c1478d22bf00f49d211bf24287a812a0e0,INFO,task hung,bdev_release,INFO: task hung in bdev_release,cover_eval_cp,15,,
sect_rw,15,50b1d6f2fe0ed12b1cab0d134516164980c7323d,BUG,unable to handle kernel paging request,sys_pselect6,BUG: unable to handle kernel paging request in sys_pselect6,cover_eval_cp,22,,
sect_rw,15,36a86325c6d0d517177cae0323b51ae9da7de8fa,BUG,unable to handle kernel paging request,filldir,BUG: unable to handle kernel paging request in filldir,cover_eval_cp,17,,
sect_rw,15,df87226af75e2e906503e976819e1403142d677a,BUG,soft lockup,addrconf_rs_timer,BUG: soft lockup in addrconf_rs_timer,cover_eval_cp,20,,
sect_rw,15,63de2be03e3a7eda16f7bce15a9a80a4da54ae9c,INFO,task hung,tls_sk_proto_close,INFO: task hung in tls_sk_proto_close,cover_eval_cp,2,,
sect_rw,15,1a6abe077825183e67b67c3313ea6f99a992fe86,INFO,rcu detected stall,corrupted,INFO: rcu detected stall in corrupted,cover_eval_cp,2,,
sect_rw,15,6e89ce80a10c14d6e832ef9b558bcd045825e05b,BUG,,,BUG: MAX_LOCKDEP_KEYS too low!,cover_eval_cp,4,,
sect_rw,15,138f72250c0eb32d7bc6830a77dc8b285653ea2d,BUG,soft lockup,sctp_generate_heartbeat_event,BUG: soft lockup in sctp_generate_heartbeat_event,cover_eval_cp,1,,
sect_rw,15,3e51bb4cea12a057ab4bf22cba3cefdafeb87eaf,BUG,stack guard page was hit,io_sq_thread,BUG: stack guard page was hit in io_sq_thread,cover_eval_cp,7,,
sect_rw,15,11d137c334a427322898aa51903aed548ece812d,SYZFATAL,,,SYZFATAL: executor NUM failed NUM times: executor NUM: exit status NUM err exit status NUM,cover_eval_cp,100,,
sect_rw,15,dfc109c0cf7ead121984212eccd30401ec6dd3eb,WARNING,,ip_rt_bug,WARNING in ip_rt_bug,cover_eval_cp,3,,
sect_rw,15,62354553a886c8b88fb5d75ad0108d1806c76405,WARNING,,__folio_mark_dirty,WARNING in __folio_mark_dirty,cover_eval_cp,1,,
sect_rw,15,fe781548d0a22bdbc3f703fc26dd1c43b0da5914,INFO,task hung,linkwatch_event,INFO: task hung in linkwatch_event,cover_eval_cp,1,,
sect_rw,15,0418de12f4357d538dd9ae036bfe6ad4600068d5,BUG,soft lockup,aoecmd_cfg,BUG: soft lockup in aoecmd_cfg,cover_eval_cp,1,,
sect_rw,15,ce6ef2b22dd47563c725e7c93f7410f29021547b,OTHER,possible deadlock,task_rq_lock,possible deadlock in task_rq_lock,cover_eval_cp,36,,
sect_rw,15,f73b3116ad434cc9b97b908060b5e73752df3be7,WARNING,,restore_regulatory_settings,WARNING in restore_regulatory_settings,cover_eval_cp,3,,
sect_rw,15,f56b90c8e07d0fdec855eb1cbb2afb0955c43cb4,INFO,task hung,do_con_write,INFO: task hung in do_con_write,cover_eval_cp,1,,
sect_rw,15,10ea2b759f72ff5dd26bce896d853e10f00de743,OTHER,,,unregister_netdevice: waiting for DEV to become free,cover_eval_cp,2,,
sect_rw,15,b83ebc0f722370f9f7e120e759d663eb44f55efc,OTHER,,,suppressed report,cover_eval_cp,0,,
sect_rw,15,c7bef9a5b3324959844ec200a0dc227b249903f9,INFO,task hung,iterate_supers,INFO: task hung in iterate_supers,cover_eval_cp,2,,
sect_rw,15,d870630cedefaaf2c870f9459f559a5bebb8e843,INFO,task hung,nsim_create,INFO: task hung in nsim_create,cover_eval_cp,1,,
sect_rw,15,439c37d288d4f26a33a6c7e5c57a97791453a447,OTHER,,,lost connection to test machine,cover_eval_cp,0,,
sect_rw,15,f311884ffb3006f0917bb38c3d12a48f2cafb3b0,BUG,soft lockup,NF_HOOK,BUG: soft lockup in NF_HOOK,cover_eval_cp,2,,
sect_rw,15,86c1a76cfd5a672df1ef9fd2e6aa0951413a2412,WARNING,,kthread_worker_fn,WARNING in kthread_worker_fn,cover_eval_cp,1,,
sect_rw,15,b439149adc4a059ec80b6e79575ba4b1ade460f3,WARNING,refcount bug,j1939_xtp_rx_cts,WARNING: refcount bug in j1939_xtp_rx_cts,cover_eval_cp,100,,
sect_rw,15,eb69e7ea1402b04195836e33cd82ead332e172b9,OTHER,possible deadlock,input_inject_event,possible deadlock in input_inject_event,cover_eval_cp,1,,
sect_rw,15,c16d8a13a5b01b10dd5b51c8277b2a34eba56d17,BUG,unable to handle kernel paging request,do_sys_poll,BUG: unable to handle kernel paging request in do_sys_poll,cover_eval_cp,33,,
sect_rw,15,1deed122ad4f39b08698b4e82dcee33fa1907d6a,BUG,soft lockup,schedule,BUG: soft lockup in schedule,cover_eval_cp,1,,
sect_rw,15,dac17913a5b5246a1d1bd6734441801e03ce2b6d,BUG,stack guard page was hit,corrupted,BUG: stack guard page was hit in corrupted,cover_eval_cp,31,,
sect_rw,15,1b79df1c08acba29e13c8f2a327c68cb3b124008,BUG,corrupted list,team_priority_option_set,BUG: corrupted list in team_priority_option_set,cover_eval_cp,1,,
sect_rw,15,41b74e6c247526f8fa6cc88d9db735c26704c66b,WARNING,refcount bug,j1939_session_put,WARNING: refcount bug in j1939_session_put,cover_eval_cp,100,,
sect_pos,5,cbc4c6f265a721b8de45305209c4b636b1440f1d,BUG,soft lockup,mac80211_hwsim_beacon,BUG: soft lockup in mac80211_hwsim_beacon,cover_eval_cp,2,,
sect_pos,5,e9f5b11984c54cecb386b92bb20c76d5d003719f,OTHER,,,no output from test machine,cover_eval_cp,0,,
sect_pos,5,69f47e275c4538c204132cc37dcf26766f7393cf,WARNING,,dput,WARNING in dput,cover_eval_cp,1,,
sect_pos,5,a726bdbfdf37ab73c078dcf88e3249d9ec47fbf9,INFO,task hung,gfs2_jhead_process_page,INFO: task hung in gfs2_jhead_process_page,cover_eval_cp,3,,
sect_pos,5,910e3195261654c617977513fc7cef18d9dde9bd,WARNING,,format_decode,WARNING in format_decode,cover_eval_cp,2,,
sect_pos,5,a0e28bdf8d48370fcc10e1f8ea4365b0c187eebe,BUG,soft lockup,hsr_announce,BUG: soft lockup in hsr_announce,cover_eval_cp,2,,
sect_pos,5,14692319382598dac4dee0cca30dcdf451cb5eb7,WARNING,,rate_control_rate_init,WARNING in rate_control_rate_init,cover_eval_cp,29,,
sect_pos,5,2f43513776335724f22aac1b056b930da4b84aff,SYZFATAL,,,SYZFATAL: executor NUM failed NUM times: executor NUM: not serving,cover_eval_cp,1,,
sect_pos,5,a3e578a36f004f390cbe1b9f9fc24550997067b4,BUG,soft lockup,wg_packet_send_keepalive,BUG: soft lockup in wg_packet_send_keepalive,cover_eval_cp,1,,
sect_pos,5,4246a83f2d80e1ae9289025ab9e616e26d66b38c,BUG,soft lockup,br_handle_frame,BUG: soft lockup in br_handle_frame,cover_eval_cp,2,,
sect_pos,5,a452f0e64788cc908f0eebdc7cdf2c97d97d3c3b,INFO,task hung,lookup_slow,INFO: task hung in lookup_slow,cover_eval_cp,2,,
sect_pos,5,66cd5b9b3e5519d9a31ee5746f4ef404859d99d0,WARNING,,dup_task_struct,WARNING in dup_task_struct,cover_eval_cp,2,,
sect_pos,5,aac06202f00169294688682e50daecc9c98a831b,BUG,soft lockup,ieee80211_handle_queued_frames,BUG: soft lockup in ieee80211_handle_queued_frames,cover_eval_cp,5,,
sect_pos,5,fccb8983032850b7cc801635bc9d23de0c011ff0,KASAN,slab-use-after-free Read,em28xx_init_extension,KASAN: slab-use-after-free Read in em28xx_init_extension,cover_eval_cp,2,,
sect_pos,5,efb8c5fe01ecb5116825ce2409485c164c048f88,BUG,,,BUG: workqueue lockup,cover_eval_cp,2,,
sect_pos,5,02c21219d36edc62db775545d5206fd5a3150199,KASAN,slab-use-after-free Read,v4l2_fh_init,KASAN: slab-use-after-free Read in v4l2_fh_init,cover_eval_cp,2,,
sect_pos,5,78cdfde87b5285c5274cf9336a873c5072c53d29,WARNING,,p9_client_create,WARNING in p9_client_create,cover_eval_cp,40,,
sect_pos,5,733343303fca2ceb29ab47d7e2a5c230a0c592d6,WARNING,,vkms_get_vblank_timestamp,WARNING in vkms_get_vblank_timestamp,cover_eval_cp,1,,
sect_pos,5,cd367225e88e6f04ce54c803a635de69bd9bfe10,KASAN,slab-use-after-free Read,em28xx_unregister_media_device,KASAN: slab-use-after-free Read in em28xx_unregister_media_device,cover_eval_cp,1,,
sect_pos,5,7710d479d25bd92fa8c6ab0739174ea86b45b806,BUG,unable to handle kernel paging request,filldir64,BUG: unable to handle kernel paging request in filldir64,cover_eval_cp,31,,
sect_pos,5,5983a65cfeddb32fed63f8a733b3d810e05ba119,INFO,task hung,_free_event,INFO: task hung in _free_event,cover_eval_cp,5,,
sect_pos,5,b8cd92c1478d22bf00f49d211bf24287a812a0e0,INFO,task hung,bdev_release,INFO: task hung in bdev_release,cover_eval_cp,18,,
sect_pos,5,50b1d6f2fe0ed12b1cab0d134516164980c7323d,BUG,unable to handle kernel paging request,sys_pselect6,BUG: unable to handle kernel paging request in sys_pselect6,cover_eval_cp,34,,
sect_pos,5,36a86325c6d0d517177cae0323b51ae9da7de8fa,BUG,unable to handle kernel paging request,filldir,BUG: unable to handle kernel paging request in filldir,cover_eval_cp,24,,
sect_pos,5,df87226af75e2e906503e976819e1403142d677a,BUG,soft lockup,addrconf_rs_timer,BUG: soft lockup in addrconf_rs_timer,cover_eval_cp,15,,
sect_pos,5,dd029cbcea11e425c68d1b389d148057eb3cc789,BUG,soft lockup,ip_list_rcv,BUG: soft lockup in ip_list_rcv,cover_eval_cp,1,,
sect_pos,5,63de2be03e3a7eda16f7bce15a9a80a4da54ae9c,INFO,task hung,tls_sk_proto_close,INFO: task hung in tls_sk_proto_close,cover_eval_cp,2,,
sect_pos,5,6e89ce80a10c14d6e832ef9b558bcd045825e05b,BUG,,,BUG: MAX_LOCKDEP_KEYS too low!,cover_eval_cp,6,,
sect_pos,5,f75a938fff71c7087689f28272e1e55ac4c89ec2,BUG,soft lockup,br_forward_delay_timer_expired,BUG: soft lockup in br_forward_delay_timer_expired,cover_eval_cp,1,,
sect_pos,5,3e51bb4cea12a057ab4bf22cba3cefdafeb87eaf,BUG,stack guard page was hit,io_sq_thread,BUG: stack guard page was hit in io_sq_thread,cover_eval_cp,4,,
sect_pos,5,11d137c334a427322898aa51903aed548ece812d,SYZFATAL,,,SYZFATAL: executor NUM failed NUM times: executor NUM: exit status NUM err exit status NUM,cover_eval_cp,86,,
sect_pos,5,dfc109c0cf7ead121984212eccd30401ec6dd3eb,WARNING,,ip_rt_bug,WARNING in ip_rt_bug,cover_eval_cp,4,,
sect_pos,5,62354553a886c8b88fb5d75ad0108d1806c76405,WARNING,,__folio_mark_dirty,WARNING in __folio_mark_dirty,cover_eval_cp,2,,
sect_pos,5,4e9961f17a0f6fb00d21a55e3eb5cb29b1f9f4a1,INFO,task hung,genl_rcv_msg,INFO: task hung in genl_rcv_msg,cover_eval_cp,1,,
sect_pos,5,3a4c59087c2c4236dac8c3ebe5d28f5c5fe5f3ff,INFO,task hung,switchdev_deferred_process_work,INFO: task hung in switchdev_deferred_process_work,cover_eval_cp,1,,
sect_pos,5,fe781548d0a22bdbc3f703fc26dd1c43b0da5914,INFO,task hung,linkwatch_event,INFO: task hung in linkwatch_event,cover_eval_cp,1,,
sect_pos,5,ce6ef2b22dd47563c725e7c93f7410f29021547b,OTHER,possible deadlock,task_rq_lock,possible deadlock in task_rq_lock,cover_eval_cp,46,,
sect_pos,5,f73b3116ad434cc9b97b908060b5e73752df3be7,WARNING,,restore_regulatory_settings,WARNING in restore_regulatory_settings,cover_eval_cp,3,,
sect_pos,5,b83ebc0f722370f9f7e120e759d663eb44f55efc,OTHER,,,suppressed report,cover_eval_cp,1,,
sect_pos,5,439c37d288d4f26a33a6c7e5c57a97791453a447,OTHER,,,lost connection to test machine,cover_eval_cp,0,,
sect_pos,5,f311884ffb3006f0917bb38c3d12a48f2cafb3b0,BUG,soft lockup,NF_HOOK,BUG: soft lockup in NF_HOOK,cover_eval_cp,1,,
sect_pos,5,b439149adc4a059ec80b6e79575ba4b1ade460f3,WARNING,refcount bug,j1939_xtp_rx_cts,WARNING: refcount bug in j1939_xtp_rx_cts,cover_eval_cp,100,,
sect_pos,5,057de8d8fd45c5ae46e83f2daa1599f8d6333330,OTHER,kernel BUG,z3fold_page_migrate,kernel BUG in z3fold_page_migrate,cover_eval_cp,1,,
sect_pos,5,eb69e7ea1402b04195836e33cd82ead332e172b9,OTHER,possible deadlock,input_inject_event,possible deadlock in input_inject_event,cover_eval_cp,1,,
sect_pos,5,f48cc881b60886898c7e47830174497c7718d0a3,WARNING,,media_create_pad_link,WARNING in media_create_pad_link,cover_eval_cp,1,,
sect_pos,5,c16d8a13a5b01b10dd5b51c8277b2a34eba56d17,BUG,unable to handle kernel paging request,do_sys_poll,BUG: unable to handle kernel paging request in do_sys_poll,cover_eval_cp,49,,
sect_pos,5,5fe68c0f763c3644339804aa8a096294a4115723,BUG,soft lockup,neigh_timer_handler,BUG: soft lockup in neigh_timer_handler,cover_eval_cp,1,,
sect_pos,5,dac17913a5b5246a1d1bd6734441801e03ce2b6d,BUG,stack guard page was hit,corrupted,BUG: stack guard page was hit in corrupted,cover_eval_cp,28,,
sect_pos,5,dee0644cf85030afde93f2b509006cbf28fcc314,KASAN,slab-use-after-free Read,skb_queue_purge_reason,KASAN: slab-use-after-free Read in skb_queue_purge_reason,cover_eval_cp,1,,
sect_pos,5,f5e68e16341d8bc960cd76ec3509b3e7a0f58dff,SYZFATAL,,,SYZFATAL: executor NUM failed NUM times: executor NUM: failed to write control pipe: write |NUM: broken pipe,cover_eval_cp,1,,
sect_pos,5,4c1dceb01dec061b63593f149cf10429fa012309,OTHER,possible deadlock,__perf_install_in_context,possible deadlock in __perf_install_in_context,cover_eval_cp,2,,
sect_pos,5,a94b2a16e944b260090d50801ada7667de2c9325,BUG,soft lockup,ipv6_list_rcv,BUG: soft lockup in ipv6_list_rcv,cover_eval_cp,1,,
sect_pos,5,41b74e6c247526f8fa6cc88d9db735c26704c66b,WARNING,refcount bug,j1939_session_put,WARNING: refcount bug in j1939_session_put,cover_eval_cp,100,,
sect_rw,9,c34d1bbeac0e46a9296ceb76d20d231534bcdc5f,SYZFATAL,,,SYZFATAL: executor NUM failed NUM times: failed to create temp dir: mkdir ./syzkaller-testdirNUM: no space left on devic,cover_eval_cp,1,,
sect_rw,9,e9f5b11984c54cecb386b92bb20c76d5d003719f,OTHER,,,no output from test machine,cover_eval_cp,0,,
sect_rw,9,8a1638229db60175d7fa5e570f8e450a1b567a94,WARNING,,ieee80211_start_next_roc,WARNING in ieee80211_start_next_roc,cover_eval_cp,1,,
sect_rw,9,910e3195261654c617977513fc7cef18d9dde9bd,WARNING,,format_decode,WARNING in format_decode,cover_eval_cp,2,,
sect_rw,9,14692319382598dac4dee0cca30dcdf451cb5eb7,WARNING,,rate_control_rate_init,WARNING in rate_control_rate_init,cover_eval_cp,31,,
sect_rw,9,9c7d0c78815f7f407102b63d07ed649359f3b8bb,OTHER,possible deadlock,smc_switch_to_fallback,possible deadlock in smc_switch_to_fallback,cover_eval_cp,1,,
sect_rw,9,2f43513776335724f22aac1b056b930da4b84aff,SYZFATAL,,,SYZFATAL: executor NUM failed NUM times: executor NUM: not serving,cover_eval_cp,1,,
sect_rw,9,a452f0e64788cc908f0eebdc7cdf2c97d97d3c3b,INFO,task hung,lookup_slow,INFO: task hung in lookup_slow,cover_eval_cp,1,,
sect_rw,9,66cd5b9b3e5519d9a31ee5746f4ef404859d99d0,WARNING,,dup_task_struct,WARNING in dup_task_struct,cover_eval_cp,1,,
sect_rw,9,1d9bb5d25d509bfa2a7dd17a2add36a0762765ac,BUG,,,"BUG: please report to dccp@vger.kernel.org => prev = NUM, last = NUM at net/dccp/ccids/lib/packet_history.c:LINE/tfrc_rx",cover_eval_cp,1,,
sect_rw,9,aac06202f00169294688682e50daecc9c98a831b,BUG,soft lockup,ieee80211_handle_queued_frames,BUG: soft lockup in ieee80211_handle_queued_frames,cover_eval_cp,6,,
sect_rw,9,fccb8983032850b7cc801635bc9d23de0c011ff0,KASAN,slab-use-after-free Read,em28xx_init_extension,KASAN: slab-use-after-free Read in em28xx_init_extension,cover_eval_cp,1,,
sect_rw,9,c401efa8cefe905e64f586a50d8bbaf2d38f2350,INFO,task hung,addrconf_verify_work,INFO: task hung in addrconf_verify_work,cover_eval_cp,1,,
sect_rw,9,844a59e2234a857b127e45d3c95432f86b5c1d44,SYZFATAL,,,SYZFATAL: Manager.NewInput call failed: write tcp IP:NUM->IP:NUM: i/o timeout,cover_eval_cp,1,,
sect_rw,9,efb8c5fe01ecb5116825ce2409485c164c048f88,BUG,,,BUG: workqueue lockup,cover_eval_cp,4,,
sect_rw,9,02c21219d36edc62db775545d5206fd5a3150199,KASAN,slab-use-after-free Read,v4l2_fh_init,KASAN: slab-use-after-free Read in v4l2_fh_init,cover_eval_cp,3,,
sect_rw,9,78cdfde87b5285c5274cf9336a873c5072c53d29,WARNING,,p9_client_create,WARNING in p9_client_create,cover_eval_cp,29,,
sect_rw,9,7710d479d25bd92fa8c6ab0739174ea86b45b806,BUG,unable to handle kernel paging request,filldir64,BUG: unable to handle kernel paging request in filldir64,cover_eval_cp,17,,
sect_rw,9,b8cd92c1478d22bf00f49d211bf24287a812a0e0,INFO,task hung,bdev_release,INFO: task hung in bdev_release,cover_eval_cp,2,,
sect_rw,9,50b1d6f2fe0ed12b1cab0d134516164980c7323d,BUG,unable to handle kernel paging request,sys_pselect6,BUG: unable to handle kernel paging request in sys_pselect6,cover_eval_cp,26,,
sect_rw,9,36a86325c6d0d517177cae0323b51ae9da7de8fa,BUG,unable to handle kernel paging request,filldir,BUG: unable to handle kernel paging request in filldir,cover_eval_cp,22,,
sect_rw,9,df87226af75e2e906503e976819e1403142d677a,BUG,soft lockup,addrconf_rs_timer,BUG: soft lockup in addrconf_rs_timer,cover_eval_cp,11,,
sect_rw,9,d67fd72bada0dd71b399c11ffb8a96041a27dbdb,BUG,soft lockup,wg_expired_new_handshake,BUG: soft lockup in wg_expired_new_handshake,cover_eval_cp,1,,
sect_rw,9,e294c86f55213967b11a9abc18b8883ff0c8605a,SYZFATAL,,,SYZFATAL: executor NUM failed NUM times: bad comp NUM type ADDR,cover_eval_cp,100,,
sect_rw,9,4ecda27d97e590e179a8c967d0b1615224f921fd,WARNING,,reserve_ds_buffers,WARNING in reserve_ds_buffers,cover_eval_cp,1,,
sect_rw,9,6e89ce80a10c14d6e832ef9b558bcd045825e05b,BUG,,,BUG: MAX_LOCKDEP_KEYS too low!,cover_eval_cp,2,,
sect_rw,9,3e51bb4cea12a057ab4bf22cba3cefdafeb87eaf,BUG,stack guard page was hit,io_sq_thread,BUG: stack guard page was hit in io_sq_thread,cover_eval_cp,3,,
sect_rw,9,295c0dc164c3fcf583aa4a873bea301927c81b66,BUG,corrupted list,em28xx_init_extension,BUG: corrupted list in em28xx_init_extension,cover_eval_cp,1,,
sect_rw,9,11d137c334a427322898aa51903aed548ece812d,SYZFATAL,,,SYZFATAL: executor NUM failed NUM times: executor NUM: exit status NUM err exit status NUM,cover_eval_cp,62,,
sect_rw,9,dfc109c0cf7ead121984212eccd30401ec6dd3eb,WARNING,,ip_rt_bug,WARNING in ip_rt_bug,cover_eval_cp,3,,
sect_rw,9,00710fc12cbca25cb644df89b024734310741654,OTHER,kernel BUG,close_ctree,kernel BUG in close_ctree,cover_eval_cp,1,,
sect_rw,9,fe781548d0a22bdbc3f703fc26dd1c43b0da5914,INFO,task hung,linkwatch_event,INFO: task hung in linkwatch_event,cover_eval_cp,2,,
sect_rw,9,ce6ef2b22dd47563c725e7c93f7410f29021547b,OTHER,possible deadlock,task_rq_lock,possible deadlock in task_rq_lock,cover_eval_cp,97,,
sect_rw,9,f73b3116ad434cc9b97b908060b5e73752df3be7,WARNING,,restore_regulatory_settings,WARNING in restore_regulatory_settings,cover_eval_cp,3,,
sect_rw,9,10ea2b759f72ff5dd26bce896d853e10f00de743,OTHER,,,unregister_netdevice: waiting for DEV to become free,cover_eval_cp,2,,
sect_rw,9,b83ebc0f722370f9f7e120e759d663eb44f55efc,OTHER,,,suppressed report,cover_eval_cp,1,,
sect_rw,9,c7bef9a5b3324959844ec200a0dc227b249903f9,INFO,task hung,iterate_supers,INFO: task hung in iterate_supers,cover_eval_cp,1,,
sect_rw,9,d713702b5b286b7704349bdd865755658baff3e8,KASAN,use-after-free Read,em28xx_init_extension,KASAN: use-after-free Read in em28xx_init_extension,cover_eval_cp,1,,
sect_rw,9,439c37d288d4f26a33a6c7e5c57a97791453a447,OTHER,,,lost connection to test machine,cover_eval_cp,0,,
sect_rw,9,f311884ffb3006f0917bb38c3d12a48f2cafb3b0,BUG,soft lockup,NF_HOOK,BUG: soft lockup in NF_HOOK,cover_eval_cp,1,,
sect_rw,9,b439149adc4a059ec80b6e79575ba4b1ade460f3,WARNING,refcount bug,j1939_xtp_rx_cts,WARNING: refcount bug in j1939_xtp_rx_cts,cover_eval_cp,100,,
sect_rw,9,eb69e7ea1402b04195836e33cd82ead332e172b9,OTHER,possible deadlock,input_inject_event,possible deadlock in input_inject_event,cover_eval_cp,2,,
sect_rw,9,f48cc881b60886898c7e47830174497c7718d0a3,WARNING,,media_create_pad_link,WARNING in media_create_pad_link,cover_eval_cp,1,,
sect_rw,9,c16d8a13a5b01b10dd5b51c8277b2a34eba56d17,BUG,unable to handle kernel paging request,do_sys_poll,BUG: unable to handle kernel paging request in do_sys_poll,cover_eval_cp,28,,
sect_rw,9,2e4ed6f096c142ccc03a4e6b3dca04cf7bb6bd95,SYZFATAL,,,SYZFATAL: executor NUM failed NUM times: executor NUM: EOF,cover_eval_cp,1,,
sect_rw,9,dac17913a5b5246a1d1bd6734441801e03ce2b6d,BUG,stack guard page was hit,corrupted,BUG: stack guard page was hit in corrupted,cover_eval_cp,40,,
sect_rw,9,f5e68e16341d8bc960cd76ec3509b3e7a0f58dff,SYZFATAL,,,SYZFATAL: executor NUM failed NUM times: executor NUM: failed to write control pipe: write |NUM: broken pipe,cover_eval_cp,4,,
sect_rw,9,41b74e6c247526f8fa6cc88d9db735c26704c66b,WARNING,refcount bug,j1939_session_put,WARNING: refcount bug in j1939_session_put,cover_eval_cp,100,,
sect_pct,5,e9f5b11984c54cecb386b92bb20c76d5d003719f,OTHER,,,no output from test machine,cover_eval_cp,0,,
sect_pct,5,8a1638229db60175d7fa5e570f8e450a1b567a94,WARNING,,ieee80211_start_next_roc,WARNING in ieee80211_start_next_roc,cover_eval_cp,1,,
sect_pct,5,4a5eb99ffff5749ea30d65b6652bb2ca9ce59b6c,BUG,unable to handle kernel paging request,put_cmsg,BUG: unable to handle kernel paging request in put_cmsg,cover_eval_cp,1,,
sect_pct,5,910e3195261654c617977513fc7cef18d9dde9bd,WARNING,,format_decode,WARNING in format_decode,cover_eval_cp,3,,
sect_pct,5,a0e28bdf8d48370fcc10e1f8ea4365b0c187eebe,BUG,soft lockup,hsr_announce,BUG: soft lockup in hsr_announce,cover_eval_cp,2,,
sect_pct,5,14692319382598dac4dee0cca30dcdf451cb5eb7,WARNING,,rate_control_rate_init,WARNING in rate_control_rate_init,cover_eval_cp,27,,
sect_pct,5,66cd5b9b3e5519d9a31ee5746f4ef404859d99d0,WARNING,,dup_task_struct,WARNING in dup_task_struct,cover_eval_cp,2,,
sect_pct,5,302cc9c7eda23ee879e94dedee0946e6b85959e5,SYZFATAL,,,SYZFATAL: Manager.NewInput call failed: read tcp IP:NUM->IP:NUM: read: connection timed out,cover_eval_cp,1,,
sect_pct,5,aac06202f00169294688682e50daecc9c98a831b,BUG,soft lockup,ieee80211_handle_queued_frames,BUG: soft lockup in ieee80211_handle_queued_frames,cover_eval_cp,3,,
sect_pct,5,efb8c5fe01ecb5116825ce2409485c164c048f88,BUG,,,BUG: workqueue lockup,cover_eval_cp,4,,
sect_pct,5,02c21219d36edc62db775545d5206fd5a3150199,KASAN,slab-use-after-free Read,v4l2_fh_init,KASAN: slab-use-after-free Read in v4l2_fh_init,cover_eval_cp,1,,
sect_pct,5,78cdfde87b5285c5274cf9336a873c5072c53d29,WARNING,,p9_client_create,WARNING in p9_client_create,cover_eval_cp,35,,
sect_pct,5,37936123c8f81e38405258568172f9767d444d94,KASAN,slab-use-after-free Read,em28xx_release_resources,KASAN: slab-use-after-free Read in em28xx_release_resources,cover_eval_cp,1,,
sect_pct,5,7710d479d25bd92fa8c6ab0739174ea86b45b806,BUG,unable to handle kernel paging request,filldir64,BUG: unable to handle kernel paging request in filldir64,cover_eval_cp,19,,
sect_pct,5,5983a65cfeddb32fed63f8a733b3d810e05ba119,INFO,task hung,_free_event,INFO: task hung in _free_event,cover_eval_cp,7,,
sect_pct,5,b8cd92c1478d22bf00f49d211bf24287a812a0e0,INFO,task hung,bdev_release,INFO: task hung in bdev_release,cover_eval_cp,17,,
sect_pct,5,50b1d6f2fe0ed12b1cab0d134516164980c7323d,BUG,unable to handle kernel paging request,sys_pselect6,BUG: unable to handle kernel paging request in sys_pselect6,cover_eval_cp,28,,
sect_pct,5,86fc217b03c88aa11dd51130d3a13f0cfebe9db7,BUG,soft lockup,smp_call_function,BUG: soft lockup in smp_call_function,cover_eval_cp,1,,
sect_pct,5,36a86325c6d0d517177cae0323b51ae9da7de8fa,BUG,unable to handle kernel paging request,filldir,BUG: unable to handle kernel paging request in filldir,cover_eval_cp,22,,
sect_pct,5,df87226af75e2e906503e976819e1403142d677a,BUG,soft lockup,addrconf_rs_timer,BUG: soft lockup in addrconf_rs_timer,cover_eval_cp,21,,
sect_pct,5,63de2be03e3a7eda16f7bce15a9a80a4da54ae9c,INFO,task hung,tls_sk_proto_close,INFO: task hung in tls_sk_proto_close,cover_eval_cp,1,,
sect_pct,5,6e89ce80a10c14d6e832ef9b558bcd045825e05b,BUG,,,BUG: MAX_LOCKDEP_KEYS too low!,cover_eval_cp,1,,
sect_pct,5,3e51bb4cea12a057ab4bf22cba3cefdafeb87eaf,BUG,stack guard page was hit,io_sq_thread,BUG: stack guard page was hit in io_sq_thread,cover_eval_cp,3,,
sect_pct,5,c73bf6dcbcba71f27577e1279687e2422cb1f899,BUG,soft lockup,mrp_join_timer,BUG: soft lockup in mrp_join_timer,cover_eval_cp,1,,
sect_pct,5,295c0dc164c3fcf583aa4a873bea301927c81b66,BUG,corrupted list,em28xx_init_extension,BUG: corrupted list in em28xx_init_extension,cover_eval_cp,1,,
sect_pct,5,11d137c334a427322898aa51903aed548ece812d,SYZFATAL,,,SYZFATAL: executor NUM failed NUM times: executor NUM: exit status NUM err exit status NUM,cover_eval_cp,78,,
sect_pct,5,dfc109c0cf7ead121984212eccd30401ec6dd3eb,WARNING,,ip_rt_bug,WARNING in ip_rt_bug,cover_eval_cp,4,,
sect_pct,5,62354553a886c8b88fb5d75ad0108d1806c76405,WARNING,,__folio_mark_dirty,WARNING in __folio_mark_dirty,cover_eval_cp,1,,
sect_pct,5,54ec343f5fa8ecb771acdd49bf649a6ecdc90ad4,OTHER,general protection fault,lmLogSync,general protection fault in lmLogSync,cover_eval_cp,1,,
sect_pct,5,ce6ef2b22dd47563c725e7c93f7410f29021547b,OTHER,possible deadlock,task_rq_lock,possible deadlock in task_rq_lock,cover_eval_cp,38,,
sect_pct,5,f73b3116ad434cc9b97b908060b5e73752df3be7,WARNING,,restore_regulatory_settings,WARNING in restore_regulatory_settings,cover_eval_cp,3,,
sect_pct,5,10ea2b759f72ff5dd26bce896d853e10f00de743,OTHER,,,unregister_netdevice: waiting for DEV to become free,cover_eval_cp,1,,
sect_pct,5,b83ebc0f722370f9f7e120e759d663eb44f55efc,OTHER,,,suppressed report,cover_eval_cp,0,,
sect_pct,5,c7bef9a5b3324959844ec200a0dc227b249903f9,INFO,task hung,iterate_supers,INFO: task hung in iterate_supers,cover_eval_cp,2,,
sect_pct,5,d713702b5b286b7704349bdd865755658baff3e8,KASAN,use-after-free Read,em28xx_init_extension,KASAN: use-after-free Read in em28xx_init_extension,cover_eval_cp,1,,
sect_pct,5,439c37d288d4f26a33a6c7e5c57a97791453a447,OTHER,,,lost connection to test machine,cover_eval_cp,0,,
sect_pct,5,8d5ac4897bd0fa36d7e0363d4210479d36554eef,SYZFATAL,,,SYZFATAL: Manager.Poll call failed: read tcp IP:NUM->IP:NUM: i/o timeout,cover_eval_cp,1,,
sect_pct,5,86c1a76cfd5a672df1ef9fd2e6aa0951413a2412,WARNING,,kthread_worker_fn,WARNING in kthread_worker_fn,cover_eval_cp,1,,
sect_pct,5,b439149adc4a059ec80b6e79575ba4b1ade460f3,WARNING,refcount bug,j1939_xtp_rx_cts,WARNING: refcount bug in j1939_xtp_rx_cts,cover_eval_cp,100,,
sect_pct,5,057de8d8fd45c5ae46e83f2daa1599f8d6333330,OTHER,kernel BUG,z3fold_page_migrate,kernel BUG in z3fold_page_migrate,cover_eval_cp,1,,
sect_pct,5,eb69e7ea1402b04195836e33cd82ead332e172b9,OTHER,possible deadlock,input_inject_event,possible deadlock in input_inject_event,cover_eval_cp,3,,
sect_pct,5,deb2755c3949d00e31a435f42d409dea62c98a27,BUG,soft lockup,sys_futex,BUG: soft lockup in sys_futex,cover_eval_cp,1,,
sect_pct,5,c16d8a13a5b01b10dd5b51c8277b2a34eba56d17,BUG,unable to handle kernel paging request,do_sys_poll,BUG: unable to handle kernel paging request in do_sys_poll,cover_eval_cp,44,,
sect_pct,5,a7d102b4ecfd113482425e71b004203976489fdd,SYZFATAL,,,SYZFATAL: Manager.NewInput call failed: read tcp IP:NUM->IP:NUM: i/o timeout,cover_eval_cp,1,,
sect_pct,5,dac17913a5b5246a1d1bd6734441801e03ce2b6d,BUG,stack guard page was hit,corrupted,BUG: stack guard page was hit in corrupted,cover_eval_cp,34,,
sect_pct,5,f5e68e16341d8bc960cd76ec3509b3e7a0f58dff,SYZFATAL,,,SYZFATAL: executor NUM failed NUM times: executor NUM: failed to write control pipe: write |NUM: broken pipe,cover_eval_cp,1,,
sect_pct,5,a2ce4a2ec11b2fac63e6dd88a5f01b42c63de9a1,INFO,task hung,nbd_set_size,INFO: task hung in nbd_set_size,cover_eval_cp,1,,
sect_pct,5,41b74e6c247526f8fa6cc88d9db735c26704c66b,WARNING,refcount bug,j1939_session_put,WARNING: refcount bug in j1939_session_put,cover_eval_cp,100,,
syzkaller,9,e9f5b11984c54cecb386b92bb20c76d5d003719f,OTHER,,,no output from test machine,cover_eval_cp,0,,
syzkaller,9,8a1638229db60175d7fa5e570f8e450a1b567a94,WARNING,,ieee80211_start_next_roc,WARNING in ieee80211_start_next_roc,cover_eval_cp,1,,
syzkaller,9,a726bdbfdf37ab73c078dcf88e3249d9ec47fbf9,INFO,task hung,gfs2_jhead_process_page,INFO: task hung in gfs2_jhead_process_page,cover_eval_cp,1,,
syzkaller,9,910e3195261654c617977513fc7cef18d9dde9bd,WARNING,,format_decode,WARNING in format_decode,cover_eval_cp,3,,
syzkaller,9,14692319382598dac4dee0cca30dcdf451cb5eb7,WARNING,,rate_control_rate_init,WARNING in rate_control_rate_init,cover_eval_cp,31,,
syzkaller,9,2f43513776335724f22aac1b056b930da4b84aff,SYZFATAL,,,SYZFATAL: executor NUM failed NUM times: executor NUM: not serving,cover_eval_cp,1,,
syzkaller,9,a452f0e64788cc908f0eebdc7cdf2c97d97d3c3b,INFO,task hung,lookup_slow,INFO: task hung in lookup_slow,cover_eval_cp,2,,
syzkaller,9,1d9bb5d25d509bfa2a7dd17a2add36a0762765ac,BUG,,,"BUG: please report to dccp@vger.kernel.org => prev = NUM, last = NUM at net/dccp/ccids/lib/packet_history.c:LINE/tfrc_rx",cover_eval_cp,1,,
syzkaller,9,fa79749efda953d6e34500270bfb7f552218b50a,BUG,soft lockup,sys_perf_event_open,BUG: soft lockup in sys_perf_event_open,cover_eval_cp,1,,
syzkaller,9,fccb8983032850b7cc801635bc9d23de0c011ff0,KASAN,slab-use-after-free Read,em28xx_init_extension,KASAN: slab-use-after-free Read in em28xx_init_extension,cover_eval_cp,1,,
syzkaller,9,efb8c5fe01ecb5116825ce2409485c164c048f88,BUG,,,BUG: workqueue lockup,cover_eval_cp,1,,
syzkaller,9,78cdfde87b5285c5274cf9336a873c5072c53d29,WARNING,,p9_client_create,WARNING in p9_client_create,cover_eval_cp,32,,
syzkaller,9,37936123c8f81e38405258568172f9767d444d94,KASAN,slab-use-after-free Read,em28xx_release_resources,KASAN: slab-use-after-free Read in em28xx_release_resources,cover_eval_cp,1,,
syzkaller,9,6b47e5b8c63ac1c5b122ffe21480ddbfaf47c030,WARNING,refcount bug,sco_conn_del,WARNING: refcount bug in sco_conn_del,cover_eval_cp,1,,
syzkaller,9,5983a65cfeddb32fed63f8a733b3d810e05ba119,INFO,task hung,_free_event,INFO: task hung in _free_event,cover_eval_cp,16,,
syzkaller,9,b8cd92c1478d22bf00f49d211bf24287a812a0e0,INFO,task hung,bdev_release,INFO: task hung in bdev_release,cover_eval_cp,10,,
syzkaller,9,3056e0207567b5ab2df376e1400f858b88d0f665,OTHER,kernel BUG,zero_user_segments,kernel BUG in zero_user_segments,cover_eval_cp,1,,
syzkaller,9,63de2be03e3a7eda16f7bce15a9a80a4da54ae9c,INFO,task hung,tls_sk_proto_close,INFO: task hung in tls_sk_proto_close,cover_eval_cp,3,,
syzkaller,9,123a12bbb2b912c15afc6a03b6ae2d782111a919,INFO,task hung,do_coredump,INFO: task hung in do_coredump,cover_eval_cp,2,,
syzkaller,9,6e89ce80a10c14d6e832ef9b558bcd045825e05b,BUG,,,BUG: MAX_LOCKDEP_KEYS too low!,cover_eval_cp,4,,
syzkaller,9,138f72250c0eb32d7bc6830a77dc8b285653ea2d,BUG,soft lockup,sctp_generate_heartbeat_event,BUG: soft lockup in sctp_generate_heartbeat_event,cover_eval_cp,1,,
syzkaller,9,9327c9c793f88e3d2ffb26db34233d3fc8b88f20,BUG,soft lockup,xfrm_timer_handler,BUG: soft lockup in xfrm_timer_handler,cover_eval_cp,1,,
syzkaller,9,11d137c334a427322898aa51903aed548ece812d,SYZFATAL,,,SYZFATAL: executor NUM failed NUM times: executor NUM: exit status NUM err exit status NUM,cover_eval_cp,10,,
syzkaller,9,dfc109c0cf7ead121984212eccd30401ec6dd3eb,WARNING,,ip_rt_bug,WARNING in ip_rt_bug,cover_eval_cp,2,,
syzkaller,9,acd8d78fb2898710669a8e16862c9a84b2448e8d,KASAN,slab-use-after-free Write,sco_conn_del,KASAN: slab-use-after-free Write in sco_conn_del,cover_eval_cp,1,,
syzkaller,9,f73b3116ad434cc9b97b908060b5e73752df3be7,WARNING,,restore_regulatory_settings,WARNING in restore_regulatory_settings,cover_eval_cp,3,,
syzkaller,9,b83ebc0f722370f9f7e120e759d663eb44f55efc,OTHER,,,suppressed report,cover_eval_cp,0,,
syzkaller,9,c7bef9a5b3324959844ec200a0dc227b249903f9,INFO,task hung,iterate_supers,INFO: task hung in iterate_supers,cover_eval_cp,4,,
syzkaller,9,d713702b5b286b7704349bdd865755658baff3e8,KASAN,use-after-free Read,em28xx_init_extension,KASAN: use-after-free Read in em28xx_init_extension,cover_eval_cp,1,,
syzkaller,9,b439149adc4a059ec80b6e79575ba4b1ade460f3,WARNING,refcount bug,j1939_xtp_rx_cts,WARNING: refcount bug in j1939_xtp_rx_cts,cover_eval_cp,100,,
syzkaller,9,057de8d8fd45c5ae46e83f2daa1599f8d6333330,OTHER,kernel BUG,z3fold_page_migrate,kernel BUG in z3fold_page_migrate,cover_eval_cp,1,,
syzkaller,9,eb69e7ea1402b04195836e33cd82ead332e172b9,OTHER,possible deadlock,input_inject_event,possible deadlock in input_inject_event,cover_eval_cp,4,,
syzkaller,9,f48cc881b60886898c7e47830174497c7718d0a3,WARNING,,media_create_pad_link,WARNING in media_create_pad_link,cover_eval_cp,1,,
syzkaller,9,f5e68e16341d8bc960cd76ec3509b3e7a0f58dff,SYZFATAL,,,SYZFATAL: executor NUM failed NUM times: executor NUM: failed to write control pipe: write |NUM: broken pipe,cover_eval_cp,1,,
syzkaller,9,c8706fee1db2b029d0d78a4fec5aa655b59bbc3e,OTHER,general protection fault,pick_task_fair,general protection fault in pick_task_fair,cover_eval_cp,5,,
syzkaller,9,41b74e6c247526f8fa6cc88d9db735c26704c66b,WARNING,refcount bug,j1939_session_put,WARNING: refcount bug in j1939_session_put,cover_eval_cp,100,,
sect_pos,7,cbc4c6f265a721b8de45305209c4b636b1440f1d,BUG,soft lockup,mac80211_hwsim_beacon,BUG: soft lockup in mac80211_hwsim_beacon,cover_eval_cp,1,,
sect_pos,7,e9f5b11984c54cecb386b92bb20c76d5d003719f,OTHER,,,no output from test machine,cover_eval_cp,0,,
sect_pos,7,8a1638229db60175d7fa5e570f8e450a1b567a94,WARNING,,ieee80211_start_next_roc,WARNING in ieee80211_start_next_roc,cover_eval_cp,1,,
sect_pos,7,4a5eb99ffff5749ea30d65b6652bb2ca9ce59b6c,BUG,unable to handle kernel paging request,put_cmsg,BUG: unable to handle kernel paging request in put_cmsg,cover_eval_cp,2,,
sect_pos,7,910e3195261654c617977513fc7cef18d9dde9bd,WARNING,,format_decode,WARNING in format_decode,cover_eval_cp,3,,
sect_pos,7,a0e28bdf8d48370fcc10e1f8ea4365b0c187eebe,BUG,soft lockup,hsr_announce,BUG: soft lockup in hsr_announce,cover_eval_cp,2,,
sect_pos,7,14692319382598dac4dee0cca30dcdf451cb5eb7,WARNING,,rate_control_rate_init,WARNING in rate_control_rate_init,cover_eval_cp,35,,
sect_pos,7,1037797f3458b47f05d49200cd350b72f5aed0c0,WARNING,,ring_buffer_lock_reserve,WARNING in ring_buffer_lock_reserve,cover_eval_cp,1,,
sect_pos,7,2f43513776335724f22aac1b056b930da4b84aff,SYZFATAL,,,SYZFATAL: executor NUM failed NUM times: executor NUM: not serving,cover_eval_cp,1,,
sect_pos,7,a452f0e64788cc908f0eebdc7cdf2c97d97d3c3b,INFO,task hung,lookup_slow,INFO: task hung in lookup_slow,cover_eval_cp,1,,
sect_pos,7,f7f424f89ff5d010aefc0ae8cfeeb1186bcfd0da,INFO,task hung,vcs_open,INFO: task hung in vcs_open,cover_eval_cp,1,,
sect_pos,7,d55cddbfbe70446f2d66df758e7e93c285e69db9,WARNING,,call_timer_fn,WARNING in call_timer_fn,cover_eval_cp,2,,
sect_pos,7,aac06202f00169294688682e50daecc9c98a831b,BUG,soft lockup,ieee80211_handle_queued_frames,BUG: soft lockup in ieee80211_handle_queued_frames,cover_eval_cp,6,,
sect_pos,7,c401efa8cefe905e64f586a50d8bbaf2d38f2350,INFO,task hung,addrconf_verify_work,INFO: task hung in addrconf_verify_work,cover_eval_cp,1,,
sect_pos,7,972be4156c4dc35f22a107eb9526698fcb412be4,BUG,soft lockup,__run_timer_base,BUG: soft lockup in __run_timer_base,cover_eval_cp,1,,
sect_pos,7,c9694e62c54ee89479d5c3deacd0ce53e27aa810,BUG,soft lockup,inet_twsk_free,BUG: soft lockup in inet_twsk_free,cover_eval_cp,1,,
sect_pos,7,a6b4da7baffd25e630e39e5b0555269fa08f3e94,INFO,task hung,cleanup_net,INFO: task hung in cleanup_net,cover_eval_cp,1,,
sect_pos,7,efb8c5fe01ecb5116825ce2409485c164c048f88,BUG,,,BUG: workqueue lockup,cover_eval_cp,7,,
sect_pos,7,d500366678f2a2b2ed69324bbfaf20ac43631c72,OTHER,possible deadlock,console_flush_all,possible deadlock in console_flush_all,cover_eval_cp,1,,
sect_pos,7,c00fed0a9991b177120ce04c4bc50ad35f46f830,BUG,unable to handle kernel NULL pointer dereference,filldir,BUG: unable to handle kernel NULL pointer dereference in filldir,cover_eval_cp,2,,
sect_pos,7,02c21219d36edc62db775545d5206fd5a3150199,KASAN,slab-use-after-free Read,v4l2_fh_init,KASAN: slab-use-after-free Read in v4l2_fh_init,cover_eval_cp,3,,
sect_pos,7,78cdfde87b5285c5274cf9336a873c5072c53d29,WARNING,,p9_client_create,WARNING in p9_client_create,cover_eval_cp,29,,
sect_pos,7,733343303fca2ceb29ab47d7e2a5c230a0c592d6,WARNING,,vkms_get_vblank_timestamp,WARNING in vkms_get_vblank_timestamp,cover_eval_cp,1,,
sect_pos,7,7710d479d25bd92fa8c6ab0739174ea86b45b806,BUG,unable to handle kernel paging request,filldir64,BUG: unable to handle kernel paging request in filldir64,cover_eval_cp,30,,
sect_pos,7,5983a65cfeddb32fed63f8a733b3d810e05ba119,INFO,task hung,_free_event,INFO: task hung in _free_event,cover_eval_cp,4,,
sect_pos,7,b8cd92c1478d22bf00f49d211bf24287a812a0e0,INFO,task hung,bdev_release,INFO: task hung in bdev_release,cover_eval_cp,17,,
sect_pos,7,50b1d6f2fe0ed12b1cab0d134516164980c7323d,BUG,unable to handle kernel paging request,sys_pselect6,BUG: unable to handle kernel paging request in sys_pselect6,cover_eval_cp,24,,
sect_pos,7,36a86325c6d0d517177cae0323b51ae9da7de8fa,BUG,unable to handle kernel paging request,filldir,BUG: unable to handle kernel paging request in filldir,cover_eval_cp,15,,
sect_pos,7,93a86ea16bdfeef01b3b0b14d18ff8234b7f10a6,BUG,unable to handle kernel NULL pointer dereference,filldir64,BUG: unable to handle kernel NULL pointer dereference in filldir64,cover_eval_cp,1,,
sect_pos,7,df87226af75e2e906503e976819e1403142d677a,BUG,soft lockup,addrconf_rs_timer,BUG: soft lockup in addrconf_rs_timer,cover_eval_cp,17,,
sect_pos,7,0c236f1d3444dc690faefc668afbc564e5a44184,WARNING,,kernfs_get,WARNING in kernfs_get,cover_eval_cp,1,,
sect_pos,7,0aa7bb3816890422b49adcbc8d03f4e3151505ea,INFO,task hung,reg_check_chans_work,INFO: task hung in reg_check_chans_work,cover_eval_cp,1,,
sect_pos,7,63de2be03e3a7eda16f7bce15a9a80a4da54ae9c,INFO,task hung,tls_sk_proto_close,INFO: task hung in tls_sk_proto_close,cover_eval_cp,1,,
sect_pos,7,6e89ce80a10c14d6e832ef9b558bcd045825e05b,BUG,,,BUG: MAX_LOCKDEP_KEYS too low!,cover_eval_cp,3,,
sect_pos,7,3e51bb4cea12a057ab4bf22cba3cefdafeb87eaf,BUG,stack guard page was hit,io_sq_thread,BUG: stack guard page was hit in io_sq_thread,cover_eval_cp,2,,
sect_pos,7,295c0dc164c3fcf583aa4a873bea301927c81b66,BUG,corrupted list,em28xx_init_extension,BUG: corrupted list in em28xx_init_extension,cover_eval_cp,1,,
sect_pos,7,11d137c334a427322898aa51903aed548ece812d,SYZFATAL,,,SYZFATAL: executor NUM failed NUM times: executor NUM: exit status NUM err exit status NUM,cover_eval_cp,76,,
sect_pos,7,dfc109c0cf7ead121984212eccd30401ec6dd3eb,WARNING,,ip_rt_bug,WARNING in ip_rt_bug,cover_eval_cp,3,,
sect_pos,7,fe781548d0a22bdbc3f703fc26dd1c43b0da5914,INFO,task hung,linkwatch_event,INFO: task hung in linkwatch_event,cover_eval_cp,2,,
sect_pos,7,ce6ef2b22dd47563c725e7c93f7410f29021547b,OTHER,possible deadlock,task_rq_lock,possible deadlock in task_rq_lock,cover_eval_cp,39,,
sect_pos,7,f73b3116ad434cc9b97b908060b5e73752df3be7,WARNING,,restore_regulatory_settings,WARNING in restore_regulatory_settings,cover_eval_cp,2,,
sect_pos,7,10ea2b759f72ff5dd26bce896d853e10f00de743,OTHER,,,unregister_netdevice: waiting for DEV to become free,cover_eval_cp,1,,
sect_pos,7,b83ebc0f722370f9f7e120e759d663eb44f55efc,OTHER,,,suppressed report,cover_eval_cp,1,,
sect_pos,7,c7bef9a5b3324959844ec200a0dc227b249903f9,INFO,task hung,iterate_supers,INFO: task hung in iterate_supers,cover_eval_cp,1,,
sect_pos,7,d713702b5b286b7704349bdd865755658baff3e8,KASAN,use-after-free Read,em28xx_init_extension,KASAN: use-after-free Read in em28xx_init_extension,cover_eval_cp,1,,
sect_pos,7,439c37d288d4f26a33a6c7e5c57a97791453a447,OTHER,,,lost connection to test machine,cover_eval_cp,0,,
sect_pos,7,f311884ffb3006f0917bb38c3d12a48f2cafb3b0,BUG,soft lockup,NF_HOOK,BUG: soft lockup in NF_HOOK,cover_eval_cp,1,,
sect_pos,7,b439149adc4a059ec80b6e79575ba4b1ade460f3,WARNING,refcount bug,j1939_xtp_rx_cts,WARNING: refcount bug in j1939_xtp_rx_cts,cover_eval_cp,100,,
sect_pos,7,057de8d8fd45c5ae46e83f2daa1599f8d6333330,OTHER,kernel BUG,z3fold_page_migrate,kernel BUG in z3fold_page_migrate,cover_eval_cp,1,,
sect_pos,7,eb69e7ea1402b04195836e33cd82ead332e172b9,OTHER,possible deadlock,input_inject_event,possible deadlock in input_inject_event,cover_eval_cp,5,,
sect_pos,7,f48cc881b60886898c7e47830174497c7718d0a3,WARNING,,media_create_pad_link,WARNING in media_create_pad_link,cover_eval_cp,2,,
sect_pos,7,c16d8a13a5b01b10dd5b51c8277b2a34eba56d17,BUG,unable to handle kernel paging request,do_sys_poll,BUG: unable to handle kernel paging request in do_sys_poll,cover_eval_cp,39,,
sect_pos,7,dac17913a5b5246a1d1bd6734441801e03ce2b6d,BUG,stack guard page was hit,corrupted,BUG: stack guard page was hit in corrupted,cover_eval_cp,38,,
sect_pos,7,41b74e6c247526f8fa6cc88d9db735c26704c66b,WARNING,refcount bug,j1939_session_put,WARNING: refcount bug in j1939_session_put,cover_eval_cp,100,,
sect_rw,5,c34d1bbeac0e46a9296ceb76d20d231534bcdc5f,SYZFATAL,,,SYZFATAL: executor NUM failed NUM times: failed to create temp dir: mkdir ./syzkaller-testdirNUM: no space left on devic,cover_eval_cp,1,,
sect_rw,5,e9f5b11984c54cecb386b92bb20c76d5d003719f,OTHER,,,no output from test machine,cover_eval_cp,0,,
sect_rw,5,8a1638229db60175d7fa5e570f8e450a1b567a94,WARNING,,ieee80211_start_next_roc,WARNING in ieee80211_start_next_roc,cover_eval_cp,1,,
sect_rw,5,4a5eb99ffff5749ea30d65b6652bb2ca9ce59b6c,BUG,unable to handle kernel paging request,put_cmsg,BUG: unable to handle kernel paging request in put_cmsg,cover_eval_cp,1,,
sect_rw,5,910e3195261654c617977513fc7cef18d9dde9bd,WARNING,,format_decode,WARNING in format_decode,cover_eval_cp,4,,
sect_rw,5,a0e28bdf8d48370fcc10e1f8ea4365b0c187eebe,BUG,soft lockup,hsr_announce,BUG: soft lockup in hsr_announce,cover_eval_cp,1,,
sect_rw,5,14692319382598dac4dee0cca30dcdf451cb5eb7,WARNING,,rate_control_rate_init,WARNING in rate_control_rate_init,cover_eval_cp,28,,
sect_rw,5,789655d782ea80516a44ae6f34176c7b0a96665b,BUG,soft lockup,wg_packet_send_staged_packets,BUG: soft lockup in wg_packet_send_staged_packets,cover_eval_cp,1,,
sect_rw,5,a452f0e64788cc908f0eebdc7cdf2c97d97d3c3b,INFO,task hung,lookup_slow,INFO: task hung in lookup_slow,cover_eval_cp,1,,
sect_rw,5,66cd5b9b3e5519d9a31ee5746f4ef404859d99d0,WARNING,,dup_task_struct,WARNING in dup_task_struct,cover_eval_cp,3,,
sect_rw,5,e6400599f86d3fcf98b5983a7ee058630d1f0e0a,BUG,soft lockup,asm_sysvec_apic_timer_interrupt,BUG: soft lockup in asm_sysvec_apic_timer_interrupt,cover_eval_cp,1,,
sect_rw,5,aac06202f00169294688682e50daecc9c98a831b,BUG,soft lockup,ieee80211_handle_queued_frames,BUG: soft lockup in ieee80211_handle_queued_frames,cover_eval_cp,5,,
sect_rw,5,a6b4da7baffd25e630e39e5b0555269fa08f3e94,INFO,task hung,cleanup_net,INFO: task hung in cleanup_net,cover_eval_cp,2,,
sect_rw,5,efb8c5fe01ecb5116825ce2409485c164c048f88,BUG,,,BUG: workqueue lockup,cover_eval_cp,6,,
sect_rw,5,02c21219d36edc62db775545d5206fd5a3150199,KASAN,slab-use-after-free Read,v4l2_fh_init,KASAN: slab-use-after-free Read in v4l2_fh_init,cover_eval_cp,1,,
sect_rw,5,78cdfde87b5285c5274cf9336a873c5072c53d29,WARNING,,p9_client_create,WARNING in p9_client_create,cover_eval_cp,21,,
sect_rw,5,7710d479d25bd92fa8c6ab0739174ea86b45b806,BUG,unable to handle kernel paging request,filldir64,BUG: unable to handle kernel paging request in filldir64,cover_eval_cp,18,,
sect_rw,5,5983a65cfeddb32fed63f8a733b3d810e05ba119,INFO,task hung,_free_event,INFO: task hung in _free_event,cover_eval_cp,1,,
sect_rw,5,50b1d6f2fe0ed12b1cab0d134516164980c7323d,BUG,unable to handle kernel paging request,sys_pselect6,BUG: unable to handle kernel paging request in sys_pselect6,cover_eval_cp,22,,
sect_rw,5,36a86325c6d0d517177cae0323b51ae9da7de8fa,BUG,unable to handle kernel paging request,filldir,BUG: unable to handle kernel paging request in filldir,cover_eval_cp,9,,
sect_rw,5,64c9dbbe5fea926fec0323c95cea065ae891eda6,INFO,task hung,start_this_handle,INFO: task hung in start_this_handle,cover_eval_cp,1,,
sect_rw,5,df87226af75e2e906503e976819e1403142d677a,BUG,soft lockup,addrconf_rs_timer,BUG: soft lockup in addrconf_rs_timer,cover_eval_cp,13,,
sect_rw,5,e294c86f55213967b11a9abc18b8883ff0c8605a,SYZFATAL,,,SYZFATAL: executor NUM failed NUM times: bad comp NUM type ADDR,cover_eval_cp,100,,
sect_rw,5,f82d842a3ed354d4df797af3a9faecea7e4b91ec,WARNING,,nfc_urelease_event_work,WARNING in nfc_urelease_event_work,cover_eval_cp,1,,
sect_rw,5,295c0dc164c3fcf583aa4a873bea301927c81b66,BUG,corrupted list,em28xx_init_extension,BUG: corrupted list in em28xx_init_extension,cover_eval_cp,1,,
sect_rw,5,11d137c334a427322898aa51903aed548ece812d,SYZFATAL,,,SYZFATAL: executor NUM failed NUM times: executor NUM: exit status NUM err exit status NUM,cover_eval_cp,54,,
sect_rw,5,dfc109c0cf7ead121984212eccd30401ec6dd3eb,WARNING,,ip_rt_bug,WARNING in ip_rt_bug,cover_eval_cp,3,,
sect_rw,5,62354553a886c8b88fb5d75ad0108d1806c76405,WARNING,,__folio_mark_dirty,WARNING in __folio_mark_dirty,cover_eval_cp,2,,
sect_rw,5,ce4cc89668a59f10ae6968e118d16717dcea27c4,KASAN,slab-out-of-bounds Read,em28xx_init_extension,KASAN: slab-out-of-bounds Read in em28xx_init_extension,cover_eval_cp,1,,
sect_rw,5,acd8d78fb2898710669a8e16862c9a84b2448e8d,KASAN,slab-use-after-free Write,sco_conn_del,KASAN: slab-use-after-free Write in sco_conn_del,cover_eval_cp,1,,
sect_rw,5,ce6ef2b22dd47563c725e7c93f7410f29021547b,OTHER,possible deadlock,task_rq_lock,possible deadlock in task_rq_lock,cover_eval_cp,69,,
sect_rw,5,f73b3116ad434cc9b97b908060b5e73752df3be7,WARNING,,restore_regulatory_settings,WARNING in restore_regulatory_settings,cover_eval_cp,3,,
sect_rw,5,10ea2b759f72ff5dd26bce896d853e10f00de743,OTHER,,,unregister_netdevice: waiting for DEV to become free,cover_eval_cp,3,,
sect_rw,5,b83ebc0f722370f9f7e120e759d663eb44f55efc,OTHER,,,suppressed report,cover_eval_cp,0,,
sect_rw,5,d713702b5b286b7704349bdd865755658baff3e8,KASAN,use-after-free Read,em28xx_init_extension,KASAN: use-after-free Read in em28xx_init_extension,cover_eval_cp,4,,
sect_rw,5,439c37d288d4f26a33a6c7e5c57a97791453a447,OTHER,,,lost connection to test machine,cover_eval_cp,0,,
sect_rw,5,f311884ffb3006f0917bb38c3d12a48f2cafb3b0,BUG,soft lockup,NF_HOOK,BUG: soft lockup in NF_HOOK,cover_eval_cp,1,,
sect_rw,5,b439149adc4a059ec80b6e79575ba4b1ade460f3,WARNING,refcount bug,j1939_xtp_rx_cts,WARNING: refcount bug in j1939_xtp_rx_cts,cover_eval_cp,100,,
sect_rw,5,eb69e7ea1402b04195836e33cd82ead332e172b9,OTHER,possible deadlock,input_inject_event,possible deadlock in input_inject_event,cover_eval_cp,1,,
sect_rw,5,c16d8a13a5b01b10dd5b51c8277b2a34eba56d17,BUG,unable to handle kernel paging request,do_sys_poll,BUG: unable to handle kernel paging request in do_sys_poll,cover_eval_cp,24,,
sect_rw,5,a7d102b4ecfd113482425e71b004203976489fdd,SYZFATAL,,,SYZFATAL: Manager.NewInput call failed: read tcp IP:NUM->IP:NUM: i/o timeout,cover_eval_cp,1,,
sect_rw,5,dac17913a5b5246a1d1bd6734441801e03ce2b6d,BUG,stack guard page was hit,corrupted,BUG: stack guard page was hit in corrupted,cover_eval_cp,34,,
sect_rw,5,41b74e6c247526f8fa6cc88d9db735c26704c66b,WARNING,refcount bug,j1939_session_put,WARNING: refcount bug in j1939_session_put,cover_eval_cp,100,,
sect_rw,1,e9f5b11984c54cecb386b92bb20c76d5d003719f,OTHER,,,no output from test machine,cover_eval_cp,0,,
sect_rw,1,8a1638229db60175d7fa5e570f8e450a1b567a94,WARNING,,ieee80211_start_next_roc,WARNING in ieee80211_start_next_roc,cover_eval_cp,1,,
sect_rw,1,4a5eb99ffff5749ea30d65b6652bb2ca9ce59b6c,BUG,unable to handle kernel paging request,put_cmsg,BUG: unable to handle kernel paging request in put_cmsg,cover_eval_cp,4,,
sect_rw,1,910e3195261654c617977513fc7cef18d9dde9bd,WARNING,,format_decode,WARNING in format_decode,cover_eval_cp,3,,
sect_rw,1,a0e28bdf8d48370fcc10e1f8ea4365b0c187eebe,BUG,soft lockup,hsr_announce,BUG: soft lockup in hsr_announce,cover_eval_cp,1,,
sect_rw,1,14692319382598dac4dee0cca30dcdf451cb5eb7,WARNING,,rate_control_rate_init,WARNING in rate_control_rate_init,cover_eval_cp,30,,
sect_rw,1,4246a83f2d80e1ae9289025ab9e616e26d66b38c,BUG,soft lockup,br_handle_frame,BUG: soft lockup in br_handle_frame,cover_eval_cp,1,,
sect_rw,1,a452f0e64788cc908f0eebdc7cdf2c97d97d3c3b,INFO,task hung,lookup_slow,INFO: task hung in lookup_slow,cover_eval_cp,1,,
sect_rw,1,fa79749efda953d6e34500270bfb7f552218b50a,BUG,soft lockup,sys_perf_event_open,BUG: soft lockup in sys_perf_event_open,cover_eval_cp,1,,
sect_rw,1,aac06202f00169294688682e50daecc9c98a831b,BUG,soft lockup,ieee80211_handle_queued_frames,BUG: soft lockup in ieee80211_handle_queued_frames,cover_eval_cp,7,,
sect_rw,1,fccb8983032850b7cc801635bc9d23de0c011ff0,KASAN,slab-use-after-free Read,em28xx_init_extension,KASAN: slab-use-after-free Read in em28xx_init_extension,cover_eval_cp,1,,
sect_rw,1,844a59e2234a857b127e45d3c95432f86b5c1d44,SYZFATAL,,,SYZFATAL: Manager.NewInput call failed: write tcp IP:NUM->IP:NUM: i/o timeout,cover_eval_cp,1,,
sect_rw,1,a6b4da7baffd25e630e39e5b0555269fa08f3e94,INFO,task hung,cleanup_net,INFO: task hung in cleanup_net,cover_eval_cp,1,,
sect_rw,1,efb8c5fe01ecb5116825ce2409485c164c048f88,BUG,,,BUG: workqueue lockup,cover_eval_cp,3,,
sect_rw,1,02c21219d36edc62db775545d5206fd5a3150199,KASAN,slab-use-after-free Read,v4l2_fh_init,KASAN: slab-use-after-free Read in v4l2_fh_init,cover_eval_cp,3,,
sect_rw,1,78cdfde87b5285c5274cf9336a873c5072c53d29,WARNING,,p9_client_create,WARNING in p9_client_create,cover_eval_cp,29,,
sect_rw,1,37936123c8f81e38405258568172f9767d444d94,KASAN,slab-use-after-free Read,em28xx_release_resources,KASAN: slab-use-after-free Read in em28xx_release_resources,cover_eval_cp,1,,
sect_rw,1,7710d479d25bd92fa8c6ab0739174ea86b45b806,BUG,unable to handle kernel paging request,filldir64,BUG: unable to handle kernel paging request in filldir64,cover_eval_cp,30,,
sect_rw,1,d6bbbb0f9b4b79b1d2b0d76233bc169891d1f72a,INFO,task hung,tty_set_termios,INFO: task hung in tty_set_termios,cover_eval_cp,1,,
sect_rw,1,b8cd92c1478d22bf00f49d211bf24287a812a0e0,INFO,task hung,bdev_release,INFO: task hung in bdev_release,cover_eval_cp,2,,
sect_rw,1,50b1d6f2fe0ed12b1cab0d134516164980c7323d,BUG,unable to handle kernel paging request,sys_pselect6,BUG: unable to handle kernel paging request in sys_pselect6,cover_eval_cp,24,,
sect_rw,1,86fc217b03c88aa11dd51130d3a13f0cfebe9db7,BUG,soft lockup,smp_call_function,BUG: soft lockup in smp_call_function,cover_eval_cp,1,,
sect_rw,1,36a86325c6d0d517177cae0323b51ae9da7de8fa,BUG,unable to handle kernel paging request,filldir,BUG: unable to handle kernel paging request in filldir,cover_eval_cp,10,,
sect_rw,1,93a86ea16bdfeef01b3b0b14d18ff8234b7f10a6,BUG,unable to handle kernel NULL pointer dereference,filldir64,BUG: unable to handle kernel NULL pointer dereference in filldir64,cover_eval_cp,1,,
sect_rw,1,df87226af75e2e906503e976819e1403142d677a,BUG,soft lockup,addrconf_rs_timer,BUG: soft lockup in addrconf_rs_timer,cover_eval_cp,10,,
sect_rw,1,0c236f1d3444dc690faefc668afbc564e5a44184,WARNING,,kernfs_get,WARNING in kernfs_get,cover_eval_cp,1,,
sect_rw,1,e294c86f55213967b11a9abc18b8883ff0c8605a,SYZFATAL,,,SYZFATAL: executor NUM failed NUM times: bad comp NUM type ADDR,cover_eval_cp,100,,
sect_rw,1,1a6abe077825183e67b67c3313ea6f99a992fe86,INFO,rcu detected stall,corrupted,INFO: rcu detected stall in corrupted,cover_eval_cp,1,,
sect_rw,1,6e89ce80a10c14d6e832ef9b558bcd045825e05b,BUG,,,BUG: MAX_LOCKDEP_KEYS too low!,cover_eval_cp,3,,
sect_rw,1,81ece6825b8fffb53f8fa281d8686695b24285a7,BUG,soft lockup,do_idle,BUG: soft lockup in do_idle,cover_eval_cp,1,,
sect_rw,1,3e51bb4cea12a057ab4bf22cba3cefdafeb87eaf,BUG,stack guard page was hit,io_sq_thread,BUG: stack guard page was hit in io_sq_thread,cover_eval_cp,4,,
sect_rw,1,295c0dc164c3fcf583aa4a873bea301927c81b66,BUG,corrupted list,em28xx_init_extension,BUG: corrupted list in em28xx_init_extension,cover_eval_cp,2,,
sect_rw,1,11d137c334a427322898aa51903aed548ece812d,SYZFATAL,,,SYZFATAL: executor NUM failed NUM times: executor NUM: exit status NUM err exit status NUM,cover_eval_cp,74,,
sect_rw,1,dfc109c0cf7ead121984212eccd30401ec6dd3eb,WARNING,,ip_rt_bug,WARNING in ip_rt_bug,cover_eval_cp,3,,
sect_rw,1,62354553a886c8b88fb5d75ad0108d1806c76405,WARNING,,__folio_mark_dirty,WARNING in __folio_mark_dirty,cover_eval_cp,3,,
sect_rw,1,fe781548d0a22bdbc3f703fc26dd1c43b0da5914,INFO,task hung,linkwatch_event,INFO: task hung in linkwatch_event,cover_eval_cp,1,,
sect_rw,1,0418de12f4357d538dd9ae036bfe6ad4600068d5,BUG,soft lockup,aoecmd_cfg,BUG: soft lockup in aoecmd_cfg,cover_eval_cp,1,,
sect_rw,1,ce4cc89668a59f10ae6968e118d16717dcea27c4,KASAN,slab-out-of-bounds Read,em28xx_init_extension,KASAN: slab-out-of-bounds Read in em28xx_init_extension,cover_eval_cp,1,,
sect_rw,1,ce6ef2b22dd47563c725e7c93f7410f29021547b,OTHER,possible deadlock,task_rq_lock,possible deadlock in task_rq_lock,cover_eval_cp,69,,
sect_rw,1,f73b3116ad434cc9b97b908060b5e73752df3be7,WARNING,,restore_regulatory_settings,WARNING in restore_regulatory_settings,cover_eval_cp,1,,
sect_rw,1,10ea2b759f72ff5dd26bce896d853e10f00de743,OTHER,,,unregister_netdevice: waiting for DEV to become free,cover_eval_cp,1,,
sect_rw,1,b83ebc0f722370f9f7e120e759d663eb44f55efc,OTHER,,,suppressed report,cover_eval_cp,1,,
sect_rw,1,c7bef9a5b3324959844ec200a0dc227b249903f9,INFO,task hung,iterate_supers,INFO: task hung in iterate_supers,cover_eval_cp,1,,
sect_rw,1,439c37d288d4f26a33a6c7e5c57a97791453a447,OTHER,,,lost connection to test machine,cover_eval_cp,0,,
sect_rw,1,de16f1718b80e2f19b307386949d3584cd059a23,INFO,task hung,__fuse_simple_request,INFO: task hung in __fuse_simple_request,cover_eval_cp,1,,
sect_rw,1,f311884ffb3006f0917bb38c3d12a48f2cafb3b0,BUG,soft lockup,NF_HOOK,BUG: soft lockup in NF_HOOK,cover_eval_cp,2,,
sect_rw,1,b439149adc4a059ec80b6e79575ba4b1ade460f3,WARNING,refcount bug,j1939_xtp_rx_cts,WARNING: refcount bug in j1939_xtp_rx_cts,cover_eval_cp,100,,
sect_rw,1,c16d8a13a5b01b10dd5b51c8277b2a34eba56d17,BUG,unable to handle kernel paging request,do_sys_poll,BUG: unable to handle kernel paging request in do_sys_poll,cover_eval_cp,24,,
sect_rw,1,40e12d12cb3785d16de5fcf71c9b99ce79ff831c,INFO,task hung,addrconf_dad_work,INFO: task hung in addrconf_dad_work,cover_eval_cp,1,,
sect_rw,1,dac17913a5b5246a1d1bd6734441801e03ce2b6d,BUG,stack guard page was hit,corrupted,BUG: stack guard page was hit in corrupted,cover_eval_cp,35,,
sect_rw,1,f5e68e16341d8bc960cd76ec3509b3e7a0f58dff,SYZFATAL,,,SYZFATAL: executor NUM failed NUM times: executor NUM: failed to write control pipe: write |NUM: broken pipe,cover_eval_cp,2,,
sect_rw,1,4c1dceb01dec061b63593f149cf10429fa012309,OTHER,possible deadlock,__perf_install_in_context,possible deadlock in __perf_install_in_context,cover_eval_cp,2,,
sect_rw,1,41b74e6c247526f8fa6cc88d9db735c26704c66b,WARNING,refcount bug,j1939_session_put,WARNING: refcount bug in j1939_session_put,cover_eval_cp,100,,
sect_pct,8,e9f5b11984c54cecb386b92bb20c76d5d003719f,OTHER,,,no output from test machine,cover_eval_cp,0,,
sect_pct,8,8e50a706a7297429d83dda6869db082165d7a722,BUG,soft lockup,bpf_timer_cb,BUG: soft lockup in bpf_timer_cb,cover_eval_cp,1,,
sect_pct,8,4a5eb99ffff5749ea30d65b6652bb2ca9ce59b6c,BUG,unable to handle kernel paging request,put_cmsg,BUG: unable to handle kernel paging request in put_cmsg,cover_eval_cp,2,,
sect_pct,8,910e3195261654c617977513fc7cef18d9dde9bd,WARNING,,format_decode,WARNING in format_decode,cover_eval_cp,4,,
sect_pct,8,a0e28bdf8d48370fcc10e1f8ea4365b0c187eebe,BUG,soft lockup,hsr_announce,BUG: soft lockup in hsr_announce,cover_eval_cp,2,,
sect_pct,8,14692319382598dac4dee0cca30dcdf451cb5eb7,WARNING,,rate_control_rate_init,WARNING in rate_control_rate_init,cover_eval_cp,31,,
sect_pct,8,4246a83f2d80e1ae9289025ab9e616e26d66b38c,BUG,soft lockup,br_handle_frame,BUG: soft lockup in br_handle_frame,cover_eval_cp,1,,
sect_pct,8,a452f0e64788cc908f0eebdc7cdf2c97d97d3c3b,INFO,task hung,lookup_slow,INFO: task hung in lookup_slow,cover_eval_cp,2,,
sect_pct,8,66cd5b9b3e5519d9a31ee5746f4ef404859d99d0,WARNING,,dup_task_struct,WARNING in dup_task_struct,cover_eval_cp,1,,
sect_pct,8,aac06202f00169294688682e50daecc9c98a831b,BUG,soft lockup,ieee80211_handle_queued_frames,BUG: soft lockup in ieee80211_handle_queued_frames,cover_eval_cp,3,,
sect_pct,8,844a59e2234a857b127e45d3c95432f86b5c1d44,SYZFATAL,,,SYZFATAL: Manager.NewInput call failed: write tcp IP:NUM->IP:NUM: i/o timeout,cover_eval_cp,1,,
sect_pct,8,a6b4da7baffd25e630e39e5b0555269fa08f3e94,INFO,task hung,cleanup_net,INFO: task hung in cleanup_net,cover_eval_cp,3,,
sect_pct,8,efb8c5fe01ecb5116825ce2409485c164c048f88,BUG,,,BUG: workqueue lockup,cover_eval_cp,4,,
sect_pct,8,02c21219d36edc62db775545d5206fd5a3150199,KASAN,slab-use-after-free Read,v4l2_fh_init,KASAN: slab-use-after-free Read in v4l2_fh_init,cover_eval_cp,2,,
sect_pct,8,78cdfde87b5285c5274cf9336a873c5072c53d29,WARNING,,p9_client_create,WARNING in p9_client_create,cover_eval_cp,33,,
sect_pct,8,7710d479d25bd92fa8c6ab0739174ea86b45b806,BUG,unable to handle kernel paging request,filldir64,BUG: unable to handle kernel paging request in filldir64,cover_eval_cp,28,,
sect_pct,8,5983a65cfeddb32fed63f8a733b3d810e05ba119,INFO,task hung,_free_event,INFO: task hung in _free_event,cover_eval_cp,2,,
sect_pct,8,b8cd92c1478d22bf00f49d211bf24287a812a0e0,INFO,task hung,bdev_release,INFO: task hung in bdev_release,cover_eval_cp,16,,
sect_pct,8,50b1d6f2fe0ed12b1cab0d134516164980c7323d,BUG,unable to handle kernel paging request,sys_pselect6,BUG: unable to handle kernel paging request in sys_pselect6,cover_eval_cp,28,,
sect_pct,8,36a86325c6d0d517177cae0323b51ae9da7de8fa,BUG,unable to handle kernel paging request,filldir,BUG: unable to handle kernel paging request in filldir,cover_eval_cp,22,,
sect_pct,8,df87226af75e2e906503e976819e1403142d677a,BUG,soft lockup,addrconf_rs_timer,BUG: soft lockup in addrconf_rs_timer,cover_eval_cp,15,,
sect_pct,8,63de2be03e3a7eda16f7bce15a9a80a4da54ae9c,INFO,task hung,tls_sk_proto_close,INFO: task hung in tls_sk_proto_close,cover_eval_cp,1,,
sect_pct,8,1a6abe077825183e67b67c3313ea6f99a992fe86,INFO,rcu detected stall,corrupted,INFO: rcu detected stall in corrupted,cover_eval_cp,1,,
sect_pct,8,6e89ce80a10c14d6e832ef9b558bcd045825e05b,BUG,,,BUG: MAX_LOCKDEP_KEYS too low!,cover_eval_cp,1,,
sect_pct,8,3e51bb4cea12a057ab4bf22cba3cefdafeb87eaf,BUG,stack guard page was hit,io_sq_thread,BUG: stack guard page was hit in io_sq_thread,cover_eval_cp,7,,
sect_pct,8,11d137c334a427322898aa51903aed548ece812d,SYZFATAL,,,SYZFATAL: executor NUM failed NUM times: executor NUM: exit status NUM err exit status NUM,cover_eval_cp,65,,
sect_pct,8,dfc109c0cf7ead121984212eccd30401ec6dd3eb,WARNING,,ip_rt_bug,WARNING in ip_rt_bug,cover_eval_cp,3,,
sect_pct,8,54ec343f5fa8ecb771acdd49bf649a6ecdc90ad4,OTHER,general protection fault,lmLogSync,general protection fault in lmLogSync,cover_eval_cp,1,,
sect_pct,8,fe781548d0a22bdbc3f703fc26dd1c43b0da5914,INFO,task hung,linkwatch_event,INFO: task hung in linkwatch_event,cover_eval_cp,1,,
sect_pct,8,ce6ef2b22dd47563c725e7c93f7410f29021547b,OTHER,possible deadlock,task_rq_lock,possible deadlock in task_rq_lock,cover_eval_cp,40,,
sect_pct,8,f73b3116ad434cc9b97b908060b5e73752df3be7,WARNING,,restore_regulatory_settings,WARNING in restore_regulatory_settings,cover_eval_cp,3,,
sect_pct,8,10ea2b759f72ff5dd26bce896d853e10f00de743,OTHER,,,unregister_netdevice: waiting for DEV to become free,cover_eval_cp,2,,
sect_pct,8,b83ebc0f722370f9f7e120e759d663eb44f55efc,OTHER,,,suppressed report,cover_eval_cp,0,,
sect_pct,8,c7bef9a5b3324959844ec200a0dc227b249903f9,INFO,task hung,iterate_supers,INFO: task hung in iterate_supers,cover_eval_cp,3,,
sect_pct,8,d870630cedefaaf2c870f9459f559a5bebb8e843,INFO,task hung,nsim_create,INFO: task hung in nsim_create,cover_eval_cp,2,,
sect_pct,8,439c37d288d4f26a33a6c7e5c57a97791453a447,OTHER,,,lost connection to test machine,cover_eval_cp,0,,
sect_pct,8,f311884ffb3006f0917bb38c3d12a48f2cafb3b0,BUG,soft lockup,NF_HOOK,BUG: soft lockup in NF_HOOK,cover_eval_cp,4,,
sect_pct,8,b439149adc4a059ec80b6e79575ba4b1ade460f3,WARNING,refcount bug,j1939_xtp_rx_cts,WARNING: refcount bug in j1939_xtp_rx_cts,cover_eval_cp,100,,
sect_pct,8,057de8d8fd45c5ae46e83f2daa1599f8d6333330,OTHER,kernel BUG,z3fold_page_migrate,kernel BUG in z3fold_page_migrate,cover_eval_cp,1,,
sect_pct,8,eb69e7ea1402b04195836e33cd82ead332e172b9,OTHER,possible deadlock,input_inject_event,possible deadlock in input_inject_event,cover_eval_cp,7,,
sect_pct,8,f48cc881b60886898c7e47830174497c7718d0a3,WARNING,,media_create_pad_link,WARNING in media_create_pad_link,cover_eval_cp,1,,
sect_pct,8,c16d8a13a5b01b10dd5b51c8277b2a34eba56d17,BUG,unable to handle kernel paging request,do_sys_poll,BUG: unable to handle kernel paging request in do_sys_poll,cover_eval_cp,42,,
sect_pct,8,dac17913a5b5246a1d1bd6734441801e03ce2b6d,BUG,stack guard page was hit,corrupted,BUG: stack guard page was hit in corrupted,cover_eval_cp,31,,
sect_pct,8,f5e68e16341d8bc960cd76ec3509b3e7a0f58dff,SYZFATAL,,,SYZFATAL: executor NUM failed NUM times: executor NUM: failed to write control pipe: write |NUM: broken pipe,cover_eval_cp,1,,
sect_pct,8,d332decbac2ad114d77751201cf487b17ea7477f,OTHER,possible deadlock,do_ip_setsockopt,possible deadlock in do_ip_setsockopt,cover_eval_cp,1,,
sect_pct,8,a94b2a16e944b260090d50801ada7667de2c9325,BUG,soft lockup,ipv6_list_rcv,BUG: soft lockup in ipv6_list_rcv,cover_eval_cp,1,,
sect_pct,8,41b74e6c247526f8fa6cc88d9db735c26704c66b,WARNING,refcount bug,j1939_session_put,WARNING: refcount bug in j1939_session_put,cover_eval_cp,100,,
sect_rw,3,e9f5b11984c54cecb386b92bb20c76d5d003719f,OTHER,,,no output from test machine,cover_eval_cp,0,,
sect_rw,3,8a1638229db60175d7fa5e570f8e450a1b567a94,WARNING,,ieee80211_start_next_roc,WARNING in ieee80211_start_next_roc,cover_eval_cp,1,,
sect_rw,3,4a5eb99ffff5749ea30d65b6652bb2ca9ce59b6c,BUG,unable to handle kernel paging request,put_cmsg,BUG: unable to handle kernel paging request in put_cmsg,cover_eval_cp,1,,
sect_rw,3,910e3195261654c617977513fc7cef18d9dde9bd,WARNING,,format_decode,WARNING in format_decode,cover_eval_cp,1,,
sect_rw,3,a0e28bdf8d48370fcc10e1f8ea4365b0c187eebe,BUG,soft lockup,hsr_announce,BUG: soft lockup in hsr_announce,cover_eval_cp,2,,
sect_rw,3,14692319382598dac4dee0cca30dcdf451cb5eb7,WARNING,,rate_control_rate_init,WARNING in rate_control_rate_init,cover_eval_cp,28,,
sect_rw,3,9c7d0c78815f7f407102b63d07ed649359f3b8bb,OTHER,possible deadlock,smc_switch_to_fallback,possible deadlock in smc_switch_to_fallback,cover_eval_cp,1,,
sect_rw,3,0a7e826748864cc97475240c1807efb82b796f32,BUG,soft lockup,ipv6_rcv,BUG: soft lockup in ipv6_rcv,cover_eval_cp,1,,
sect_rw,3,a452f0e64788cc908f0eebdc7cdf2c97d97d3c3b,INFO,task hung,lookup_slow,INFO: task hung in lookup_slow,cover_eval_cp,2,,
sect_rw,3,66cd5b9b3e5519d9a31ee5746f4ef404859d99d0,WARNING,,dup_task_struct,WARNING in dup_task_struct,cover_eval_cp,4,,
sect_rw,3,aac06202f00169294688682e50daecc9c98a831b,BUG,soft lockup,ieee80211_handle_queued_frames,BUG: soft lockup in ieee80211_handle_queued_frames,cover_eval_cp,6,,
sect_rw,3,fccb8983032850b7cc801635bc9d23de0c011ff0,KASAN,slab-use-after-free Read,em28xx_init_extension,KASAN: slab-use-after-free Read in em28xx_init_extension,cover_eval_cp,1,,
sect_rw,3,844a59e2234a857b127e45d3c95432f86b5c1d44,SYZFATAL,,,SYZFATAL: Manager.NewInput call failed: write tcp IP:NUM->IP:NUM: i/o timeout,cover_eval_cp,1,,
sect_rw,3,c87a3dde2a54c7c645cf860fbeaea9bc836e4d05,BUG,soft lockup,worker_thread,BUG: soft lockup in worker_thread,cover_eval_cp,1,,
sect_rw,3,efb8c5fe01ecb5116825ce2409485c164c048f88,BUG,,,BUG: workqueue lockup,cover_eval_cp,1,,
sect_rw,3,02c21219d36edc62db775545d5206fd5a3150199,KASAN,slab-use-after-free Read,v4l2_fh_init,KASAN: slab-use-after-free Read in v4l2_fh_init,cover_eval_cp,2,,
sect_rw,3,78cdfde87b5285c5274cf9336a873c5072c53d29,WARNING,,p9_client_create,WARNING in p9_client_create,cover_eval_cp,23,,
sect_rw,3,7710d479d25bd92fa8c6ab0739174ea86b45b806,BUG,unable to handle kernel paging request,filldir64,BUG: unable to handle kernel paging request in filldir64,cover_eval_cp,16,,
sect_rw,3,5983a65cfeddb32fed63f8a733b3d810e05ba119,INFO,task hung,_free_event,INFO: task hung in _free_event,cover_eval_cp,1,,
sect_rw,3,b8cd92c1478d22bf00f49d211bf24287a812a0e0,INFO,task hung,bdev_release,INFO: task hung in bdev_release,cover_eval_cp,1,,
sect_rw,3,50b1d6f2fe0ed12b1cab0d134516164980c7323d,BUG,unable to handle kernel paging request,sys_pselect6,BUG: unable to handle kernel paging request in sys_pselect6,cover_eval_cp,18,,
sect_rw,3,36a86325c6d0d517177cae0323b51ae9da7de8fa,BUG,unable to handle kernel paging request,filldir,BUG: unable to handle kernel paging request in filldir,cover_eval_cp,5,,
sect_rw,3,64c9dbbe5fea926fec0323c95cea065ae891eda6,INFO,task hung,start_this_handle,INFO: task hung in start_this_handle,cover_eval_cp,1,,
sect_rw,3,df87226af75e2e906503e976819e1403142d677a,BUG,soft lockup,addrconf_rs_timer,BUG: soft lockup in addrconf_rs_timer,cover_eval_cp,12,,
sect_rw,3,e294c86f55213967b11a9abc18b8883ff0c8605a,SYZFATAL,,,SYZFATAL: executor NUM failed NUM times: bad comp NUM type ADDR,cover_eval_cp,100,,
sect_rw,3,3e51bb4cea12a057ab4bf22cba3cefdafeb87eaf,BUG,stack guard page was hit,io_sq_thread,BUG: stack guard page was hit in io_sq_thread,cover_eval_cp,2,,
sect_rw,3,c73bf6dcbcba71f27577e1279687e2422cb1f899,BUG,soft lockup,mrp_join_timer,BUG: soft lockup in mrp_join_timer,cover_eval_cp,1,,
sect_rw,3,11d137c334a427322898aa51903aed548ece812d,SYZFATAL,,,SYZFATAL: executor NUM failed NUM times: executor NUM: exit status NUM err exit status NUM,cover_eval_cp,54,,
sect_rw,3,dfc109c0cf7ead121984212eccd30401ec6dd3eb,WARNING,,ip_rt_bug,WARNING in ip_rt_bug,cover_eval_cp,3,,
sect_rw,3,62354553a886c8b88fb5d75ad0108d1806c76405,WARNING,,__folio_mark_dirty,WARNING in __folio_mark_dirty,cover_eval_cp,1,,
sect_rw,3,54ec343f5fa8ecb771acdd49bf649a6ecdc90ad4,OTHER,general protection fault,lmLogSync,general protection fault in lmLogSync,cover_eval_cp,1,,
sect_rw,3,d1e47f5727e043c23a56930ed82d649a3e19567a,INFO,task hung,rtnetlink_rcv_msg,INFO: task hung in rtnetlink_rcv_msg,cover_eval_cp,1,,
sect_rw,3,ce6ef2b22dd47563c725e7c93f7410f29021547b,OTHER,possible deadlock,task_rq_lock,possible deadlock in task_rq_lock,cover_eval_cp,81,,
sect_rw,3,f73b3116ad434cc9b97b908060b5e73752df3be7,WARNING,,restore_regulatory_settings,WARNING in restore_regulatory_settings,cover_eval_cp,1,,
sect_rw,3,10ea2b759f72ff5dd26bce896d853e10f00de743,OTHER,,,unregister_netdevice: waiting for DEV to become free,cover_eval_cp,1,,
sect_rw,3,b83ebc0f722370f9f7e120e759d663eb44f55efc,OTHER,,,suppressed report,cover_eval_cp,1,,
sect_rw,3,c7ed951cf7bac13fbb771774bc4ff97eaf1ccb29,KASAN,slab-use-after-free Write,sco_sock_timeout,KASAN: slab-use-after-free Write in sco_sock_timeout,cover_eval_cp,1,,
sect_rw,3,439c37d288d4f26a33a6c7e5c57a97791453a447,OTHER,,,lost connection to test machine,cover_eval_cp,0,,
sect_rw,3,f311884ffb3006f0917bb38c3d12a48f2cafb3b0,BUG,soft lockup,NF_HOOK,BUG: soft lockup in NF_HOOK,cover_eval_cp,1,,
sect_rw,3,b439149adc4a059ec80b6e79575ba4b1ade460f3,WARNING,refcount bug,j1939_xtp_rx_cts,WARNING: refcount bug in j1939_xtp_rx_cts,cover_eval_cp,100,,
sect_rw,3,eb69e7ea1402b04195836e33cd82ead332e172b9,OTHER,possible deadlock,input_inject_event,possible deadlock in input_inject_event,cover_eval_cp,2,,
sect_rw,3,c16d8a13a5b01b10dd5b51c8277b2a34eba56d17,BUG,unable to handle kernel paging request,do_sys_poll,BUG: unable to handle kernel paging request in do_sys_poll,cover_eval_cp,23,,
sect_rw,3,dac17913a5b5246a1d1bd6734441801e03ce2b6d,BUG,stack guard page was hit,corrupted,BUG: stack guard page was hit in corrupted,cover_eval_cp,31,,
sect_rw,3,f5e68e16341d8bc960cd76ec3509b3e7a0f58dff,SYZFATAL,,,SYZFATAL: executor NUM failed NUM times: executor NUM: failed to write control pipe: write |NUM: broken pipe,cover_eval_cp,2,,
sect_rw,3,4c1dceb01dec061b63593f149cf10429fa012309,OTHER,possible deadlock,__perf_install_in_context,possible deadlock in __perf_install_in_context,cover_eval_cp,1,,
sect_rw,3,41b74e6c247526f8fa6cc88d9db735c26704c66b,WARNING,refcount bug,j1939_session_put,WARNING: refcount bug in j1939_session_put,cover_eval_cp,100,,
syzkaller,8,c34d1bbeac0e46a9296ceb76d20d231534bcdc5f,SYZFATAL,,,SYZFATAL: executor NUM failed NUM times: failed to create temp dir: mkdir ./syzkaller-testdirNUM: no space left on devic,cover_eval_cp,1,,
syzkaller,8,cbc4c6f265a721b8de45305209c4b636b1440f1d,BUG,soft lockup,mac80211_hwsim_beacon,BUG: soft lockup in mac80211_hwsim_beacon,cover_eval_cp,1,,
syzkaller,8,e9f5b11984c54cecb386b92bb20c76d5d003719f,OTHER,,,no output from test machine,cover_eval_cp,0,,
syzkaller,8,8a1638229db60175d7fa5e570f8e450a1b567a94,WARNING,,ieee80211_start_next_roc,WARNING in ieee80211_start_next_roc,cover_eval_cp,1,,
syzkaller,8,a726bdbfdf37ab73c078dcf88e3249d9ec47fbf9,INFO,task hung,gfs2_jhead_process_page,INFO: task hung in gfs2_jhead_process_page,cover_eval_cp,1,,
syzkaller,8,910e3195261654c617977513fc7cef18d9dde9bd,WARNING,,format_decode,WARNING in format_decode,cover_eval_cp,5,,
syzkaller,8,14692319382598dac4dee0cca30dcdf451cb5eb7,WARNING,,rate_control_rate_init,WARNING in rate_control_rate_init,cover_eval_cp,32,,
syzkaller,8,1d9bb5d25d509bfa2a7dd17a2add36a0762765ac,BUG,,,"BUG: please report to dccp@vger.kernel.org => prev = NUM, last = NUM at net/dccp/ccids/lib/packet_history.c:LINE/tfrc_rx",cover_eval_cp,1,,
syzkaller,8,aac06202f00169294688682e50daecc9c98a831b,BUG,soft lockup,ieee80211_handle_queued_frames,BUG: soft lockup in ieee80211_handle_queued_frames,cover_eval_cp,1,,
syzkaller,8,efb8c5fe01ecb5116825ce2409485c164c048f88,BUG,,,BUG: workqueue lockup,cover_eval_cp,1,,
syzkaller,8,78cdfde87b5285c5274cf9336a873c5072c53d29,WARNING,,p9_client_create,WARNING in p9_client_create,cover_eval_cp,41,,
syzkaller,8,5983a65cfeddb32fed63f8a733b3d810e05ba119,INFO,task hung,_free_event,INFO: task hung in _free_event,cover_eval_cp,24,,
syzkaller,8,b8cd92c1478d22bf00f49d211bf24287a812a0e0,INFO,task hung,bdev_release,INFO: task hung in bdev_release,cover_eval_cp,7,,
syzkaller,8,5e825254fe8b706c3055380f64e655d635c5b449,WARNING,,hci_conn_timeout,WARNING in hci_conn_timeout,cover_eval_cp,1,,
syzkaller,8,a311847c6d5d1423fc80119887d3884e9d1bb967,INFO,task hung,usbdev_release,INFO: task hung in usbdev_release,cover_eval_cp,1,,
syzkaller,8,df87226af75e2e906503e976819e1403142d677a,BUG,soft lockup,addrconf_rs_timer,BUG: soft lockup in addrconf_rs_timer,cover_eval_cp,3,,
syzkaller,8,6e89ce80a10c14d6e832ef9b558bcd045825e05b,BUG,,,BUG: MAX_LOCKDEP_KEYS too low!,cover_eval_cp,1,,
syzkaller,8,11d137c334a427322898aa51903aed548ece812d,SYZFATAL,,,SYZFATAL: executor NUM failed NUM times: executor NUM: exit status NUM err exit status NUM,cover_eval_cp,6,,
syzkaller,8,dfc109c0cf7ead121984212eccd30401ec6dd3eb,WARNING,,ip_rt_bug,WARNING in ip_rt_bug,cover_eval_cp,2,,
syzkaller,8,f73b3116ad434cc9b97b908060b5e73752df3be7,WARNING,,restore_regulatory_settings,WARNING in restore_regulatory_settings,cover_eval_cp,3,,
syzkaller,8,b83ebc0f722370f9f7e120e759d663eb44f55efc,OTHER,,,suppressed report,cover_eval_cp,0,,
syzkaller,8,c7bef9a5b3324959844ec200a0dc227b249903f9,INFO,task hung,iterate_supers,INFO: task hung in iterate_supers,cover_eval_cp,2,,
syzkaller,8,d713702b5b286b7704349bdd865755658baff3e8,KASAN,use-after-free Read,em28xx_init_extension,KASAN: use-after-free Read in em28xx_init_extension,cover_eval_cp,1,,
syzkaller,8,de16f1718b80e2f19b307386949d3584cd059a23,INFO,task hung,__fuse_simple_request,INFO: task hung in __fuse_simple_request,cover_eval_cp,1,,
syzkaller,8,b439149adc4a059ec80b6e79575ba4b1ade460f3,WARNING,refcount bug,j1939_xtp_rx_cts,WARNING: refcount bug in j1939_xtp_rx_cts,cover_eval_cp,100,,
syzkaller,8,eb69e7ea1402b04195836e33cd82ead332e172b9,OTHER,possible deadlock,input_inject_event,possible deadlock in input_inject_event,cover_eval_cp,1,,
syzkaller,8,a7d102b4ecfd113482425e71b004203976489fdd,SYZFATAL,,,SYZFATAL: Manager.NewInput call failed: read tcp IP:NUM->IP:NUM: i/o timeout,cover_eval_cp,1,,
syzkaller,8,24a99802efd975e76f9822c2a9e45876a00d5784,OTHER,general protection fault,hfs_find_init,general protection fault in hfs_find_init,cover_eval_cp,1,,
syzkaller,8,40e12d12cb3785d16de5fcf71c9b99ce79ff831c,INFO,task hung,addrconf_dad_work,INFO: task hung in addrconf_dad_work,cover_eval_cp,1,,
syzkaller,8,f5e68e16341d8bc960cd76ec3509b3e7a0f58dff,SYZFATAL,,,SYZFATAL: executor NUM failed NUM times: executor NUM: failed to write control pipe: write |NUM: broken pipe,cover_eval_cp,1,,
syzkaller,8,c8706fee1db2b029d0d78a4fec5aa655b59bbc3e,OTHER,general protection fault,pick_task_fair,general protection fault in pick_task_fair,cover_eval_cp,4,,
syzkaller,8,4c1dceb01dec061b63593f149cf10429fa012309,OTHER,possible deadlock,__perf_install_in_context,possible deadlock in __perf_install_in_context,cover_eval_cp,1,,
syzkaller,8,41b74e6c247526f8fa6cc88d9db735c26704c66b,WARNING,refcount bug,j1939_session_put,WARNING: refcount bug in j1939_session_put,cover_eval_cp,100,,
sect_pct,3,cbc4c6f265a721b8de45305209c4b636b1440f1d,BUG,soft lockup,mac80211_hwsim_beacon,BUG: soft lockup in mac80211_hwsim_beacon,cover_eval_cp,1,,
sect_pct,3,e9f5b11984c54cecb386b92bb20c76d5d003719f,OTHER,,,no output from test machine,cover_eval_cp,0,,
sect_pct,3,8a1638229db60175d7fa5e570f8e450a1b567a94,WARNING,,ieee80211_start_next_roc,WARNING in ieee80211_start_next_roc,cover_eval_cp,1,,
sect_pct,3,4a5eb99ffff5749ea30d65b6652bb2ca9ce59b6c,BUG,unable to handle kernel paging request,put_cmsg,BUG: unable to handle kernel paging request in put_cmsg,cover_eval_cp,1,,
sect_pct,3,910e3195261654c617977513fc7cef18d9dde9bd,WARNING,,format_decode,WARNING in format_decode,cover_eval_cp,2,,
sect_pct,3,a0e28bdf8d48370fcc10e1f8ea4365b0c187eebe,BUG,soft lockup,hsr_announce,BUG: soft lockup in hsr_announce,cover_eval_cp,1,,
sect_pct,3,14692319382598dac4dee0cca30dcdf451cb5eb7,WARNING,,rate_control_rate_init,WARNING in rate_control_rate_init,cover_eval_cp,25,,
sect_pct,3,a452f0e64788cc908f0eebdc7cdf2c97d97d3c3b,INFO,task hung,lookup_slow,INFO: task hung in lookup_slow,cover_eval_cp,1,,
sect_pct,3,d7fb56c66f56ec5a64054c52c9f4cafa574a7ecd,INFO,task hung,page_cache_ra_unbounded,INFO: task hung in page_cache_ra_unbounded,cover_eval_cp,1,,
sect_pct,3,66cd5b9b3e5519d9a31ee5746f4ef404859d99d0,WARNING,,dup_task_struct,WARNING in dup_task_struct,cover_eval_cp,1,,
sect_pct,3,aac06202f00169294688682e50daecc9c98a831b,BUG,soft lockup,ieee80211_handle_queued_frames,BUG: soft lockup in ieee80211_handle_queued_frames,cover_eval_cp,6,,
sect_pct,3,a6b4da7baffd25e630e39e5b0555269fa08f3e94,INFO,task hung,cleanup_net,INFO: task hung in cleanup_net,cover_eval_cp,1,,
sect_pct,3,efb8c5fe01ecb5116825ce2409485c164c048f88,BUG,,,BUG: workqueue lockup,cover_eval_cp,5,,
sect_pct,3,96c447fce9cab7899e95a08f52a4c45da0691d56,WARNING,,__ieee80211_beacon_get,WARNING in __ieee80211_beacon_get,cover_eval_cp,1,,
sect_pct,3,02c21219d36edc62db775545d5206fd5a3150199,KASAN,slab-use-after-free Read,v4l2_fh_init,KASAN: slab-use-after-free Read in v4l2_fh_init,cover_eval_cp,1,,
sect_pct,3,78cdfde87b5285c5274cf9336a873c5072c53d29,WARNING,,p9_client_create,WARNING in p9_client_create,cover_eval_cp,36,,
sect_pct,3,37936123c8f81e38405258568172f9767d444d94,KASAN,slab-use-after-free Read,em28xx_release_resources,KASAN: slab-use-after-free Read in em28xx_release_resources,cover_eval_cp,1,,
sect_pct,3,7710d479d25bd92fa8c6ab0739174ea86b45b806,BUG,unable to handle kernel paging request,filldir64,BUG: unable to handle kernel paging request in filldir64,cover_eval_cp,12,,
sect_pct,3,5983a65cfeddb32fed63f8a733b3d810e05ba119,INFO,task hung,_free_event,INFO: task hung in _free_event,cover_eval_cp,5,,
sect_pct,3,b8cd92c1478d22bf00f49d211bf24287a812a0e0,INFO,task hung,bdev_release,INFO: task hung in bdev_release,cover_eval_cp,14,,
sect_pct,3,50b1d6f2fe0ed12b1cab0d134516164980c7323d,BUG,unable to handle kernel paging request,sys_pselect6,BUG: unable to handle kernel paging request in sys_pselect6,cover_eval_cp,21,,
sect_pct,3,36a86325c6d0d517177cae0323b51ae9da7de8fa,BUG,unable to handle kernel paging request,filldir,BUG: unable to handle kernel paging request in filldir,cover_eval_cp,31,,
sect_pct,3,df87226af75e2e906503e976819e1403142d677a,BUG,soft lockup,addrconf_rs_timer,BUG: soft lockup in addrconf_rs_timer,cover_eval_cp,15,,
sect_pct,3,63de2be03e3a7eda16f7bce15a9a80a4da54ae9c,INFO,task hung,tls_sk_proto_close,INFO: task hung in tls_sk_proto_close,cover_eval_cp,2,,
sect_pct,3,1a6abe077825183e67b67c3313ea6f99a992fe86,INFO,rcu detected stall,corrupted,INFO: rcu detected stall in corrupted,cover_eval_cp,1,,
sect_pct,3,f16349b5ef9b1e5e286b419990b4342a7b28e9ff,BUG,soft lockup,unwind_get_return_address,BUG: soft lockup in unwind_get_return_address,cover_eval_cp,1,,
sect_pct,3,6e89ce80a10c14d6e832ef9b558bcd045825e05b,BUG,,,BUG: MAX_LOCKDEP_KEYS too low!,cover_eval_cp,1,,
sect_pct,3,3e51bb4cea12a057ab4bf22cba3cefdafeb87eaf,BUG,stack guard page was hit,io_sq_thread,BUG: stack guard page was hit in io_sq_thread,cover_eval_cp,6,,
sect_pct,3,c73bf6dcbcba71f27577e1279687e2422cb1f899,BUG,soft lockup,mrp_join_timer,BUG: soft lockup in mrp_join_timer,cover_eval_cp,1,,
sect_pct,3,11d137c334a427322898aa51903aed548ece812d,SYZFATAL,,,SYZFATAL: executor NUM failed NUM times: executor NUM: exit status NUM err exit status NUM,cover_eval_cp,65,,
sect_pct,3,dfc109c0cf7ead121984212eccd30401ec6dd3eb,WARNING,,ip_rt_bug,WARNING in ip_rt_bug,cover_eval_cp,4,,
sect_pct,3,62354553a886c8b88fb5d75ad0108d1806c76405,WARNING,,__folio_mark_dirty,WARNING in __folio_mark_dirty,cover_eval_cp,1,,
sect_pct,3,d1e47f5727e043c23a56930ed82d649a3e19567a,INFO,task hung,rtnetlink_rcv_msg,INFO: task hung in rtnetlink_rcv_msg,cover_eval_cp,1,,
sect_pct,3,fe781548d0a22bdbc3f703fc26dd1c43b0da5914,INFO,task hung,linkwatch_event,INFO: task hung in linkwatch_event,cover_eval_cp,3,,
sect_pct,3,ebdbb6270f82d9df180108c22dcf7ebabfe8a4a4,WARNING,,get_free_pages_noprof,WARNING in get_free_pages_noprof,cover_eval_cp,1,,
sect_pct,3,ce6ef2b22dd47563c725e7c93f7410f29021547b,OTHER,possible deadlock,task_rq_lock,possible deadlock in task_rq_lock,cover_eval_cp,29,,
sect_pct,3,f73b3116ad434cc9b97b908060b5e73752df3be7,WARNING,,restore_regulatory_settings,WARNING in restore_regulatory_settings,cover_eval_cp,3,,
sect_pct,3,10ea2b759f72ff5dd26bce896d853e10f00de743,OTHER,,,unregister_netdevice: waiting for DEV to become free,cover_eval_cp,1,,
sect_pct,3,b83ebc0f722370f9f7e120e759d663eb44f55efc,OTHER,,,suppressed report,cover_eval_cp,0,,
sect_pct,3,c7bef9a5b3324959844ec200a0dc227b249903f9,INFO,task hung,iterate_supers,INFO: task hung in iterate_supers,cover_eval_cp,3,,
sect_pct,3,d713702b5b286b7704349bdd865755658baff3e8,KASAN,use-after-free Read,em28xx_init_extension,KASAN: use-after-free Read in em28xx_init_extension,cover_eval_cp,1,,
sect_pct,3,d870630cedefaaf2c870f9459f559a5bebb8e843,INFO,task hung,nsim_create,INFO: task hung in nsim_create,cover_eval_cp,1,,
sect_pct,3,439c37d288d4f26a33a6c7e5c57a97791453a447,OTHER,,,lost connection to test machine,cover_eval_cp,0,,
sect_pct,3,b439149adc4a059ec80b6e79575ba4b1ade460f3,WARNING,refcount bug,j1939_xtp_rx_cts,WARNING: refcount bug in j1939_xtp_rx_cts,cover_eval_cp,100,,
sect_pct,3,eac717bc8cd1da003a4c1bcc9ccdbfe344214c66,OTHER,general protection fault,lock_sock_nested,general protection fault in lock_sock_nested,cover_eval_cp,1,,
sect_pct,3,7cbb8a66a79c83d5e96c8aad6b16d5791f738c74,INFO,task hung,nbd_ioctl,INFO: task hung in nbd_ioctl,cover_eval_cp,1,,
sect_pct,3,eb69e7ea1402b04195836e33cd82ead332e172b9,OTHER,possible deadlock,input_inject_event,possible deadlock in input_inject_event,cover_eval_cp,2,,
sect_pct,3,f48cc881b60886898c7e47830174497c7718d0a3,WARNING,,media_create_pad_link,WARNING in media_create_pad_link,cover_eval_cp,2,,
sect_pct,3,c16d8a13a5b01b10dd5b51c8277b2a34eba56d17,BUG,unable to handle kernel paging request,do_sys_poll,BUG: unable to handle kernel paging request in do_sys_poll,cover_eval_cp,43,,
sect_pct,3,dac17913a5b5246a1d1bd6734441801e03ce2b6d,BUG,stack guard page was hit,corrupted,BUG: stack guard page was hit in corrupted,cover_eval_cp,39,,
sect_pct,3,41b74e6c247526f8fa6cc88d9db735c26704c66b,WARNING,refcount bug,j1939_session_put,WARNING: refcount bug in j1939_session_put,cover_eval_cp,100,,
sect_rw,10,cbc4c6f265a721b8de45305209c4b636b1440f1d,BUG,soft lockup,mac80211_hwsim_beacon,BUG: soft lockup in mac80211_hwsim_beacon,cover_eval_cp,1,,
sect_rw,10,e9f5b11984c54cecb386b92bb20c76d5d003719f,OTHER,,,no output from test machine,cover_eval_cp,0,,
sect_rw,10,8a1638229db60175d7fa5e570f8e450a1b567a94,WARNING,,ieee80211_start_next_roc,WARNING in ieee80211_start_next_roc,cover_eval_cp,1,,
sect_rw,10,4a5eb99ffff5749ea30d65b6652bb2ca9ce59b6c,BUG,unable to handle kernel paging request,put_cmsg,BUG: unable to handle kernel paging request in put_cmsg,cover_eval_cp,3,,
sect_rw,10,910e3195261654c617977513fc7cef18d9dde9bd,WARNING,,format_decode,WARNING in format_decode,cover_eval_cp,3,,
sect_rw,10,a0e28bdf8d48370fcc10e1f8ea4365b0c187eebe,BUG,soft lockup,hsr_announce,BUG: soft lockup in hsr_announce,cover_eval_cp,2,,
sect_rw,10,14692319382598dac4dee0cca30dcdf451cb5eb7,WARNING,,rate_control_rate_init,WARNING in rate_control_rate_init,cover_eval_cp,29,,
sect_rw,10,2f43513776335724f22aac1b056b930da4b84aff,SYZFATAL,,,SYZFATAL: executor NUM failed NUM times: executor NUM: not serving,cover_eval_cp,1,,
sect_rw,10,a452f0e64788cc908f0eebdc7cdf2c97d97d3c3b,INFO,task hung,lookup_slow,INFO: task hung in lookup_slow,cover_eval_cp,2,,
sect_rw,10,66cd5b9b3e5519d9a31ee5746f4ef404859d99d0,WARNING,,dup_task_struct,WARNING in dup_task_struct,cover_eval_cp,3,,
sect_rw,10,d55cddbfbe70446f2d66df758e7e93c285e69db9,WARNING,,call_timer_fn,WARNING in call_timer_fn,cover_eval_cp,1,,
sect_rw,10,aac06202f00169294688682e50daecc9c98a831b,BUG,soft lockup,ieee80211_handle_queued_frames,BUG: soft lockup in ieee80211_handle_queued_frames,cover_eval_cp,7,,
sect_rw,10,972be4156c4dc35f22a107eb9526698fcb412be4,BUG,soft lockup,__run_timer_base,BUG: soft lockup in __run_timer_base,cover_eval_cp,1,,
sect_rw,10,efb8c5fe01ecb5116825ce2409485c164c048f88,BUG,,,BUG: workqueue lockup,cover_eval_cp,6,,
sect_rw,10,d500366678f2a2b2ed69324bbfaf20ac43631c72,OTHER,possible deadlock,console_flush_all,possible deadlock in console_flush_all,cover_eval_cp,1,,
sect_rw,10,c00fed0a9991b177120ce04c4bc50ad35f46f830,BUG,unable to handle kernel NULL pointer dereference,filldir,BUG: unable to handle kernel NULL pointer dereference in filldir,cover_eval_cp,1,,
sect_rw,10,02c21219d36edc62db775545d5206fd5a3150199,KASAN,slab-use-after-free Read,v4l2_fh_init,KASAN: slab-use-after-free Read in v4l2_fh_init,cover_eval_cp,1,,
sect_rw,10,78cdfde87b5285c5274cf9336a873c5072c53d29,WARNING,,p9_client_create,WARNING in p9_client_create,cover_eval_cp,35,,
sect_rw,10,37936123c8f81e38405258568172f9767d444d94,KASAN,slab-use-after-free Read,em28xx_release_resources,KASAN: slab-use-after-free Read in em28xx_release_resources,cover_eval_cp,1,,
sect_rw,10,7710d479d25bd92fa8c6ab0739174ea86b45b806,BUG,unable to handle kernel paging request,filldir64,BUG: unable to handle kernel paging request in filldir64,cover_eval_cp,27,,
sect_rw,10,5983a65cfeddb32fed63f8a733b3d810e05ba119,INFO,task hung,_free_event,INFO: task hung in _free_event,cover_eval_cp,1,,
sect_rw,10,b8cd92c1478d22bf00f49d211bf24287a812a0e0,INFO,task hung,bdev_release,INFO: task hung in bdev_release,cover_eval_cp,14,,
sect_rw,10,50b1d6f2fe0ed12b1cab0d134516164980c7323d,BUG,unable to handle kernel paging request,sys_pselect6,BUG: unable to handle kernel paging request in sys_pselect6,cover_eval_cp,26,,
sect_rw,10,86fc217b03c88aa11dd51130d3a13f0cfebe9db7,BUG,soft lockup,smp_call_function,BUG: soft lockup in smp_call_function,cover_eval_cp,1,,
sect_rw,10,36a86325c6d0d517177cae0323b51ae9da7de8fa,BUG,unable to handle kernel paging request,filldir,BUG: unable to handle kernel paging request in filldir,cover_eval_cp,23,,
sect_rw,10,93a86ea16bdfeef01b3b0b14d18ff8234b7f10a6,BUG,unable to handle kernel NULL pointer dereference,filldir64,BUG: unable to handle kernel NULL pointer dereference in filldir64,cover_eval_cp,1,,
sect_rw,10,df87226af75e2e906503e976819e1403142d677a,BUG,soft lockup,addrconf_rs_timer,BUG: soft lockup in addrconf_rs_timer,cover_eval_cp,19,,
sect_rw,10,dd029cbcea11e425c68d1b389d148057eb3cc789,BUG,soft lockup,ip_list_rcv,BUG: soft lockup in ip_list_rcv,cover_eval_cp,1,,
sect_rw,10,1a6abe077825183e67b67c3313ea6f99a992fe86,INFO,rcu detected stall,corrupted,INFO: rcu detected stall in corrupted,cover_eval_cp,1,,
sect_rw,10,6e89ce80a10c14d6e832ef9b558bcd045825e05b,BUG,,,BUG: MAX_LOCKDEP_KEYS too low!,cover_eval_cp,2,,
sect_rw,10,3e51bb4cea12a057ab4bf22cba3cefdafeb87eaf,BUG,stack guard page was hit,io_sq_thread,BUG: stack guard page was hit in io_sq_thread,cover_eval_cp,5,,
sect_rw,10,295c0dc164c3fcf583aa4a873bea301927c81b66,BUG,corrupted list,em28xx_init_extension,BUG: corrupted list in em28xx_init_extension,cover_eval_cp,1,,
sect_rw,10,11d137c334a427322898aa51903aed548ece812d,SYZFATAL,,,SYZFATAL: executor NUM failed NUM times: executor NUM: exit status NUM err exit status NUM,cover_eval_cp,90,,
sect_rw,10,dfc109c0cf7ead121984212eccd30401ec6dd3eb,WARNING,,ip_rt_bug,WARNING in ip_rt_bug,cover_eval_cp,2,,
sect_rw,10,d1e47f5727e043c23a56930ed82d649a3e19567a,INFO,task hung,rtnetlink_rcv_msg,INFO: task hung in rtnetlink_rcv_msg,cover_eval_cp,1,,
sect_rw,10,0418de12f4357d538dd9ae036bfe6ad4600068d5,BUG,soft lockup,aoecmd_cfg,BUG: soft lockup in aoecmd_cfg,cover_eval_cp,1,,
sect_rw,10,9d511333ca910fa938fb14a0a82f40458bb615dc,BUG,soft lockup,call_timer_fn,BUG: soft lockup in call_timer_fn,cover_eval_cp,1,,
sect_rw,10,ce6ef2b22dd47563c725e7c93f7410f29021547b,OTHER,possible deadlock,task_rq_lock,possible deadlock in task_rq_lock,cover_eval_cp,33,,
sect_rw,10,f73b3116ad434cc9b97b908060b5e73752df3be7,WARNING,,restore_regulatory_settings,WARNING in restore_regulatory_settings,cover_eval_cp,3,,
sect_rw,10,10ea2b759f72ff5dd26bce896d853e10f00de743,OTHER,,,unregister_netdevice: waiting for DEV to become free,cover_eval_cp,1,,
sect_rw,10,b83ebc0f722370f9f7e120e759d663eb44f55efc,OTHER,,,suppressed report,cover_eval_cp,0,,
sect_rw,10,d713702b5b286b7704349bdd865755658baff3e8,KASAN,use-after-free Read,em28xx_init_extension,KASAN: use-after-free Read in em28xx_init_extension,cover_eval_cp,1,,
sect_rw,10,439c37d288d4f26a33a6c7e5c57a97791453a447,OTHER,,,lost connection to test machine,cover_eval_cp,0,,
sect_rw,10,f311884ffb3006f0917bb38c3d12a48f2cafb3b0,BUG,soft lockup,NF_HOOK,BUG: soft lockup in NF_HOOK,cover_eval_cp,1,,
sect_rw,10,86c1a76cfd5a672df1ef9fd2e6aa0951413a2412,WARNING,,kthread_worker_fn,WARNING in kthread_worker_fn,cover_eval_cp,1,,
sect_rw,10,b439149adc4a059ec80b6e79575ba4b1ade460f3,WARNING,refcount bug,j1939_xtp_rx_cts,WARNING: refcount bug in j1939_xtp_rx_cts,cover_eval_cp,100,,
sect_rw,10,057de8d8fd45c5ae46e83f2daa1599f8d6333330,OTHER,kernel BUG,z3fold_page_migrate,kernel BUG in z3fold_page_migrate,cover_eval_cp,1,,
sect_rw,10,eb69e7ea1402b04195836e33cd82ead332e172b9,OTHER,possible deadlock,input_inject_event,possible deadlock in input_inject_event,cover_eval_cp,4,,
sect_rw,10,deb2755c3949d00e31a435f42d409dea62c98a27,BUG,soft lockup,sys_futex,BUG: soft lockup in sys_futex,cover_eval_cp,1,,
sect_rw,10,c16d8a13a5b01b10dd5b51c8277b2a34eba56d17,BUG,unable to handle kernel paging request,do_sys_poll,BUG: unable to handle kernel paging request in do_sys_poll,cover_eval_cp,47,,
sect_rw,10,a7d102b4ecfd113482425e71b004203976489fdd,SYZFATAL,,,SYZFATAL: Manager.NewInput call failed: read tcp IP:NUM->IP:NUM: i/o timeout,cover_eval_cp,1,,
sect_rw,10,dac17913a5b5246a1d1bd6734441801e03ce2b6d,BUG,stack guard page was hit,corrupted,BUG: stack guard page was hit in corrupted,cover_eval_cp,38,,
sect_rw,10,4c1dceb01dec061b63593f149cf10429fa012309,OTHER,possible deadlock,__perf_install_in_context,possible deadlock in __perf_install_in_context,cover_eval_cp,2,,
sect_rw,10,a2ce4a2ec11b2fac63e6dd88a5f01b42c63de9a1,INFO,task hung,nbd_set_size,INFO: task hung in nbd_set_size,cover_eval_cp,1,,
sect_rw,10,41b74e6c247526f8fa6cc88d9db735c26704c66b,WARNING,refcount bug,j1939_session_put,WARNING: refcount bug in j1939_session_put,cover_eval_cp,100,,
sect_rw,19,e9f5b11984c54cecb386b92bb20c76d5d003719f,OTHER,,,no output from test machine,cover_eval_cp,0,,
sect_rw,19,8a1638229db60175d7fa5e570f8e450a1b567a94,WARNING,,ieee80211_start_next_roc,WARNING in ieee80211_start_next_roc,cover_eval_cp,1,,
sect_rw,19,4a5eb99ffff5749ea30d65b6652bb2ca9ce59b6c,BUG,unable to handle kernel paging request,put_cmsg,BUG: unable to handle kernel paging request in put_cmsg,cover_eval_cp,4,,
sect_rw,19,910e3195261654c617977513fc7cef18d9dde9bd,WARNING,,format_decode,WARNING in format_decode,cover_eval_cp,2,,
sect_rw,19,a0e28bdf8d48370fcc10e1f8ea4365b0c187eebe,BUG,soft lockup,hsr_announce,BUG: soft lockup in hsr_announce,cover_eval_cp,1,,
sect_rw,19,14692319382598dac4dee0cca30dcdf451cb5eb7,WARNING,,rate_control_rate_init,WARNING in rate_control_rate_init,cover_eval_cp,34,,
sect_rw,19,966a648d5e1b43be81550a18cfcab0e68af4424d,WARNING,,vb2_start_streaming,WARNING in vb2_start_streaming,cover_eval_cp,1,,
sect_rw,19,66cd5b9b3e5519d9a31ee5746f4ef404859d99d0,WARNING,,dup_task_struct,WARNING in dup_task_struct,cover_eval_cp,1,,
sect_rw,19,aac06202f00169294688682e50daecc9c98a831b,BUG,soft lockup,ieee80211_handle_queued_frames,BUG: soft lockup in ieee80211_handle_queued_frames,cover_eval_cp,3,,
sect_rw,19,c401efa8cefe905e64f586a50d8bbaf2d38f2350,INFO,task hung,addrconf_verify_work,INFO: task hung in addrconf_verify_work,cover_eval_cp,1,,
sect_rw,19,a6b4da7baffd25e630e39e5b0555269fa08f3e94,INFO,task hung,cleanup_net,INFO: task hung in cleanup_net,cover_eval_cp,1,,
sect_rw,19,f3c9f725e829d9f34a879765e56feb64fe0ceafd,WARNING,locking bug,sco_conn_del,WARNING: locking bug in sco_conn_del,cover_eval_cp,1,,
sect_rw,19,efb8c5fe01ecb5116825ce2409485c164c048f88,BUG,,,BUG: workqueue lockup,cover_eval_cp,6,,
sect_rw,19,02c21219d36edc62db775545d5206fd5a3150199,KASAN,slab-use-after-free Read,v4l2_fh_init,KASAN: slab-use-after-free Read in v4l2_fh_init,cover_eval_cp,2,,
sect_rw,19,78cdfde87b5285c5274cf9336a873c5072c53d29,WARNING,,p9_client_create,WARNING in p9_client_create,cover_eval_cp,38,,
sect_rw,19,7710d479d25bd92fa8c6ab0739174ea86b45b806,BUG,unable to handle kernel paging request,filldir64,BUG: unable to handle kernel paging request in filldir64,cover_eval_cp,25,,
sect_rw,19,5983a65cfeddb32fed63f8a733b3d810e05ba119,INFO,task hung,_free_event,INFO: task hung in _free_event,cover_eval_cp,5,,
sect_rw,19,b8cd92c1478d22bf00f49d211bf24287a812a0e0,INFO,task hung,bdev_release,INFO: task hung in bdev_release,cover_eval_cp,16,,
sect_rw,19,50b1d6f2fe0ed12b1cab0d134516164980c7323d,BUG,unable to handle kernel paging request,sys_pselect6,BUG: unable to handle kernel paging request in sys_pselect6,cover_eval_cp,38,,
sect_rw,19,36a86325c6d0d517177cae0323b51ae9da7de8fa,BUG,unable to handle kernel paging request,filldir,BUG: unable to handle kernel paging request in filldir,cover_eval_cp,18,,
sect_rw,19,9f807a3c1fbf9cd3d40fbe6944c82a66cd5de3df,INFO,task hung,ext4_map_blocks,INFO: task hung in ext4_map_blocks,cover_eval_cp,1,,
sect_rw,19,df87226af75e2e906503e976819e1403142d677a,BUG,soft lockup,addrconf_rs_timer,BUG: soft lockup in addrconf_rs_timer,cover_eval_cp,18,,
sect_rw,19,63de2be03e3a7eda16f7bce15a9a80a4da54ae9c,INFO,task hung,tls_sk_proto_close,INFO: task hung in tls_sk_proto_close,cover_eval_cp,1,,
sect_rw,19,c55cf6656ce82c7ebd3e26802512fcba3d7d28ca,SYZFATAL,,,SYZFATAL: executor NUM failed NUM times: executor NUM: exit status NUM err signal: killed,cover_eval_cp,1,,
sect_rw,19,4ecda27d97e590e179a8c967d0b1615224f921fd,WARNING,,reserve_ds_buffers,WARNING in reserve_ds_buffers,cover_eval_cp,1,,
sect_rw,19,6e89ce80a10c14d6e832ef9b558bcd045825e05b,BUG,,,BUG: MAX_LOCKDEP_KEYS too low!,cover_eval_cp,1,,
sect_rw,19,971890fe5480ab913cb6945227ae22f3c822f6ec,INFO,task hung,blkdev_fallocate,INFO: task hung in blkdev_fallocate,cover_eval_cp,1,,
sect_rw,19,3e51bb4cea12a057ab4bf22cba3cefdafeb87eaf,BUG,stack guard page was hit,io_sq_thread,BUG: stack guard page was hit in io_sq_thread,cover_eval_cp,5,,
sect_rw,19,295c0dc164c3fcf583aa4a873bea301927c81b66,BUG,corrupted list,em28xx_init_extension,BUG: corrupted list in em28xx_init_extension,cover_eval_cp,1,,
sect_rw,19,11d137c334a427322898aa51903aed548ece812d,SYZFATAL,,,SYZFATAL: executor NUM failed NUM times: executor NUM: exit status NUM err exit status NUM,cover_eval_cp,83,,
sect_rw,19,dfc109c0cf7ead121984212eccd30401ec6dd3eb,WARNING,,ip_rt_bug,WARNING in ip_rt_bug,cover_eval_cp,4,,
sect_rw,19,54ec343f5fa8ecb771acdd49bf649a6ecdc90ad4,OTHER,general protection fault,lmLogSync,general protection fault in lmLogSync,cover_eval_cp,1,,
sect_rw,19,fe781548d0a22bdbc3f703fc26dd1c43b0da5914,INFO,task hung,linkwatch_event,INFO: task hung in linkwatch_event,cover_eval_cp,1,,
sect_rw,19,ce4cc89668a59f10ae6968e118d16717dcea27c4,KASAN,slab-out-of-bounds Read,em28xx_init_extension,KASAN: slab-out-of-bounds Read in em28xx_init_extension,cover_eval_cp,1,,
sect_rw,19,ce6ef2b22dd47563c725e7c93f7410f29021547b,OTHER,possible deadlock,task_rq_lock,possible deadlock in task_rq_lock,cover_eval_cp,37,,
sect_rw,19,f73b3116ad434cc9b97b908060b5e73752df3be7,WARNING,,restore_regulatory_settings,WARNING in restore_regulatory_settings,cover_eval_cp,3,,
sect_rw,19,10ea2b759f72ff5dd26bce896d853e10f00de743,OTHER,,,unregister_netdevice: waiting for DEV to become free,cover_eval_cp,3,,
sect_rw,19,b83ebc0f722370f9f7e120e759d663eb44f55efc,OTHER,,,suppressed report,cover_eval_cp,1,,
sect_rw,19,c7bef9a5b3324959844ec200a0dc227b249903f9,INFO,task hung,iterate_supers,INFO: task hung in iterate_supers,cover_eval_cp,2,,
sect_rw,19,d713702b5b286b7704349bdd865755658baff3e8,KASAN,use-after-free Read,em28xx_init_extension,KASAN: use-after-free Read in em28xx_init_extension,cover_eval_cp,1,,
sect_rw,19,d870630cedefaaf2c870f9459f559a5bebb8e843,INFO,task hung,nsim_create,INFO: task hung in nsim_create,cover_eval_cp,1,,
sect_rw,19,439c37d288d4f26a33a6c7e5c57a97791453a447,OTHER,,,lost connection to test machine,cover_eval_cp,0,,
sect_rw,19,de16f1718b80e2f19b307386949d3584cd059a23,INFO,task hung,__fuse_simple_request,INFO: task hung in __fuse_simple_request,cover_eval_cp,2,,
sect_rw,19,f311884ffb3006f0917bb38c3d12a48f2cafb3b0,BUG,soft lockup,NF_HOOK,BUG: soft lockup in NF_HOOK,cover_eval_cp,1,,
sect_rw,19,86c1a76cfd5a672df1ef9fd2e6aa0951413a2412,WARNING,,kthread_worker_fn,WARNING in kthread_worker_fn,cover_eval_cp,2,,
sect_rw,19,b439149adc4a059ec80b6e79575ba4b1ade460f3,WARNING,refcount bug,j1939_xtp_rx_cts,WARNING: refcount bug in j1939_xtp_rx_cts,cover_eval_cp,100,,
sect_rw,19,057de8d8fd45c5ae46e83f2daa1599f8d6333330,OTHER,kernel BUG,z3fold_page_migrate,kernel BUG in z3fold_page_migrate,cover_eval_cp,1,,
sect_rw,19,eb69e7ea1402b04195836e33cd82ead332e172b9,OTHER,possible deadlock,input_inject_event,possible deadlock in input_inject_event,cover_eval_cp,7,,
sect_rw,19,c16d8a13a5b01b10dd5b51c8277b2a34eba56d17,BUG,unable to handle kernel paging request,do_sys_poll,BUG: unable to handle kernel paging request in do_sys_poll,cover_eval_cp,43,,
sect_rw,19,2c94f64b318b4b960a8e789413bb6fd89d1103ae,BUG,soft lockup,__mod_timer,BUG: soft lockup in __mod_timer,cover_eval_cp,1,,
sect_rw,19,a7d102b4ecfd113482425e71b004203976489fdd,SYZFATAL,,,SYZFATAL: Manager.NewInput call failed: read tcp IP:NUM->IP:NUM: i/o timeout,cover_eval_cp,1,,
sect_rw,19,40e12d12cb3785d16de5fcf71c9b99ce79ff831c,INFO,task hung,addrconf_dad_work,INFO: task hung in addrconf_dad_work,cover_eval_cp,1,,
sect_rw,19,dac17913a5b5246a1d1bd6734441801e03ce2b6d,BUG,stack guard page was hit,corrupted,BUG: stack guard page was hit in corrupted,cover_eval_cp,40,,
sect_rw,19,f5e68e16341d8bc960cd76ec3509b3e7a0f58dff,SYZFATAL,,,SYZFATAL: executor NUM failed NUM times: executor NUM: failed to write control pipe: write |NUM: broken pipe,cover_eval_cp,1,,
sect_rw,19,4c1dceb01dec061b63593f149cf10429fa012309,OTHER,possible deadlock,__perf_install_in_context,possible deadlock in __perf_install_in_context,cover_eval_cp,2,,
sect_rw,19,41b74e6c247526f8fa6cc88d9db735c26704c66b,WARNING,refcount bug,j1939_session_put,WARNING: refcount bug in j1939_session_put,cover_eval_cp,100,,
sect_rw,14,e9f5b11984c54cecb386b92bb20c76d5d003719f,OTHER,,,no output from test machine,cover_eval_cp,0,,
sect_rw,14,4a5eb99ffff5749ea30d65b6652bb2ca9ce59b6c,BUG,unable to handle kernel paging request,put_cmsg,BUG: unable to handle kernel paging request in put_cmsg,cover_eval_cp,1,,
sect_rw,14,a726bdbfdf37ab73c078dcf88e3249d9ec47fbf9,INFO,task hung,gfs2_jhead_process_page,INFO: task hung in gfs2_jhead_process_page,cover_eval_cp,1,,
sect_rw,14,910e3195261654c617977513fc7cef18d9dde9bd,WARNING,,format_decode,WARNING in format_decode,cover_eval_cp,2,,
sect_rw,14,a0e28bdf8d48370fcc10e1f8ea4365b0c187eebe,BUG,soft lockup,hsr_announce,BUG: soft lockup in hsr_announce,cover_eval_cp,3,,
sect_rw,14,14692319382598dac4dee0cca30dcdf451cb5eb7,WARNING,,rate_control_rate_init,WARNING in rate_control_rate_init,cover_eval_cp,26,,
sect_rw,14,4246a83f2d80e1ae9289025ab9e616e26d66b38c,BUG,soft lockup,br_handle_frame,BUG: soft lockup in br_handle_frame,cover_eval_cp,1,,
sect_rw,14,a452f0e64788cc908f0eebdc7cdf2c97d97d3c3b,INFO,task hung,lookup_slow,INFO: task hung in lookup_slow,cover_eval_cp,1,,
sect_rw,14,66cd5b9b3e5519d9a31ee5746f4ef404859d99d0,WARNING,,dup_task_struct,WARNING in dup_task_struct,cover_eval_cp,1,,
sect_rw,14,d55cddbfbe70446f2d66df758e7e93c285e69db9,WARNING,,call_timer_fn,WARNING in call_timer_fn,cover_eval_cp,1,,
sect_rw,14,fa79749efda953d6e34500270bfb7f552218b50a,BUG,soft lockup,sys_perf_event_open,BUG: soft lockup in sys_perf_event_open,cover_eval_cp,1,,
sect_rw,14,aac06202f00169294688682e50daecc9c98a831b,BUG,soft lockup,ieee80211_handle_queued_frames,BUG: soft lockup in ieee80211_handle_queued_frames,cover_eval_cp,5,,
sect_rw,14,efb8c5fe01ecb5116825ce2409485c164c048f88,BUG,,,BUG: workqueue lockup,cover_eval_cp,6,,
sect_rw,14,96c447fce9cab7899e95a08f52a4c45da0691d56,WARNING,,__ieee80211_beacon_get,WARNING in __ieee80211_beacon_get,cover_eval_cp,1,,
sect_rw,14,c00fed0a9991b177120ce04c4bc50ad35f46f830,BUG,unable to handle kernel NULL pointer dereference,filldir,BUG: unable to handle kernel NULL pointer dereference in filldir,cover_eval_cp,1,,
sect_rw,14,78cdfde87b5285c5274cf9336a873c5072c53d29,WARNING,,p9_client_create,WARNING in p9_client_create,cover_eval_cp,37,,
sect_rw,14,733343303fca2ceb29ab47d7e2a5c230a0c592d6,WARNING,,vkms_get_vblank_timestamp,WARNING in vkms_get_vblank_timestamp,cover_eval_cp,1,,
sect_rw,14,37936123c8f81e38405258568172f9767d444d94,KASAN,slab-use-after-free Read,em28xx_release_resources,KASAN: slab-use-after-free Read in em28xx_release_resources,cover_eval_cp,1,,
sect_rw,14,7710d479d25bd92fa8c6ab0739174ea86b45b806,BUG,unable to handle kernel paging request,filldir64,BUG: unable to handle kernel paging request in filldir64,cover_eval_cp,20,,
sect_rw,14,5983a65cfeddb32fed63f8a733b3d810e05ba119,INFO,task hung,_free_event,INFO: task hung in _free_event,cover_eval_cp,4,,
sect_rw,14,b8cd92c1478d22bf00f49d211bf24287a812a0e0,INFO,task hung,bdev_release,INFO: task hung in bdev_release,cover_eval_cp,13,,
sect_rw,14,50b1d6f2fe0ed12b1cab0d134516164980c7323d,BUG,unable to handle kernel paging request,sys_pselect6,BUG: unable to handle kernel paging request in sys_pselect6,cover_eval_cp,25,,
sect_rw,14,86fc217b03c88aa11dd51130d3a13f0cfebe9db7,BUG,soft lockup,smp_call_function,BUG: soft lockup in smp_call_function,cover_eval_cp,1,,
sect_rw,14,36a86325c6d0d517177cae0323b51ae9da7de8fa,BUG,unable to handle kernel paging request,filldir,BUG: unable to handle kernel paging request in filldir,cover_eval_cp,18,,
sect_rw,14,df87226af75e2e906503e976819e1403142d677a,BUG,soft lockup,addrconf_rs_timer,BUG: soft lockup in addrconf_rs_timer,cover_eval_cp,28,,
sect_rw,14,dd029cbcea11e425c68d1b389d148057eb3cc789,BUG,soft lockup,ip_list_rcv,BUG: soft lockup in ip_list_rcv,cover_eval_cp,1,,
sect_rw,14,63de2be03e3a7eda16f7bce15a9a80a4da54ae9c,INFO,task hung,tls_sk_proto_close,INFO: task hung in tls_sk_proto_close,cover_eval_cp,1,,
sect_rw,14,6e89ce80a10c14d6e832ef9b558bcd045825e05b,BUG,,,BUG: MAX_LOCKDEP_KEYS too low!,cover_eval_cp,3,,
sect_rw,14,3e51bb4cea12a057ab4bf22cba3cefdafeb87eaf,BUG,stack guard page was hit,io_sq_thread,BUG: stack guard page was hit in io_sq_thread,cover_eval_cp,10,,
sect_rw,14,295c0dc164c3fcf583aa4a873bea301927c81b66,BUG,corrupted list,em28xx_init_extension,BUG: corrupted list in em28xx_init_extension,cover_eval_cp,1,,
sect_rw,14,11d137c334a427322898aa51903aed548ece812d,SYZFATAL,,,SYZFATAL: executor NUM failed NUM times: executor NUM: exit status NUM err exit status NUM,cover_eval_cp,100,,
sect_rw,14,dfc109c0cf7ead121984212eccd30401ec6dd3eb,WARNING,,ip_rt_bug,WARNING in ip_rt_bug,cover_eval_cp,3,,
sect_rw,14,62354553a886c8b88fb5d75ad0108d1806c76405,WARNING,,__folio_mark_dirty,WARNING in __folio_mark_dirty,cover_eval_cp,1,,
sect_rw,14,fe781548d0a22bdbc3f703fc26dd1c43b0da5914,INFO,task hung,linkwatch_event,INFO: task hung in linkwatch_event,cover_eval_cp,1,,
sect_rw,14,ce6ef2b22dd47563c725e7c93f7410f29021547b,OTHER,possible deadlock,task_rq_lock,possible deadlock in task_rq_lock,cover_eval_cp,34,,
sect_rw,14,f73b3116ad434cc9b97b908060b5e73752df3be7,WARNING,,restore_regulatory_settings,WARNING in restore_regulatory_settings,cover_eval_cp,4,,
sect_rw,14,b83ebc0f722370f9f7e120e759d663eb44f55efc,OTHER,,,suppressed report,cover_eval_cp,1,,
sect_rw,14,c7bef9a5b3324959844ec200a0dc227b249903f9,INFO,task hung,iterate_supers,INFO: task hung in iterate_supers,cover_eval_cp,3,,
sect_rw,14,ee7850872969c3bfab510b6d62cf191d2945c599,BUG,soft lockup,corrupted,BUG: soft lockup in corrupted,cover_eval_cp,1,,
sect_rw,14,439c37d288d4f26a33a6c7e5c57a97791453a447,OTHER,,,lost connection to test machine,cover_eval_cp,0,,
sect_rw,14,de16f1718b80e2f19b307386949d3584cd059a23,INFO,task hung,__fuse_simple_request,INFO: task hung in __fuse_simple_request,cover_eval_cp,1,,
sect_rw,14,f311884ffb3006f0917bb38c3d12a48f2cafb3b0,BUG,soft lockup,NF_HOOK,BUG: soft lockup in NF_HOOK,cover_eval_cp,2,,
sect_rw,14,b439149adc4a059ec80b6e79575ba4b1ade460f3,WARNING,refcount bug,j1939_xtp_rx_cts,WARNING: refcount bug in j1939_xtp_rx_cts,cover_eval_cp,100,,
sect_rw,14,057de8d8fd45c5ae46e83f2daa1599f8d6333330,OTHER,kernel BUG,z3fold_page_migrate,kernel BUG in z3fold_page_migrate,cover_eval_cp,1,,
sect_rw,14,eb69e7ea1402b04195836e33cd82ead332e172b9,OTHER,possible deadlock,input_inject_event,possible deadlock in input_inject_event,cover_eval_cp,1,,
sect_rw,14,c16d8a13a5b01b10dd5b51c8277b2a34eba56d17,BUG,unable to handle kernel paging request,do_sys_poll,BUG: unable to handle kernel paging request in do_sys_poll,cover_eval_cp,39,,
sect_rw,14,a7d102b4ecfd113482425e71b004203976489fdd,SYZFATAL,,,SYZFATAL: Manager.NewInput call failed: read tcp IP:NUM->IP:NUM: i/o timeout,cover_eval_cp,1,,
sect_rw,14,40e12d12cb3785d16de5fcf71c9b99ce79ff831c,INFO,task hung,addrconf_dad_work,INFO: task hung in addrconf_dad_work,cover_eval_cp,1,,
sect_rw,14,dac17913a5b5246a1d1bd6734441801e03ce2b6d,BUG,stack guard page was hit,corrupted,BUG: stack guard page was hit in corrupted,cover_eval_cp,33,,
sect_rw,14,4c1dceb01dec061b63593f149cf10429fa012309,OTHER,possible deadlock,__perf_install_in_context,possible deadlock in __perf_install_in_context,cover_eval_cp,2,,
sect_rw,14,a2ce4a2ec11b2fac63e6dd88a5f01b42c63de9a1,INFO,task hung,nbd_set_size,INFO: task hung in nbd_set_size,cover_eval_cp,1,,
sect_rw,14,41b74e6c247526f8fa6cc88d9db735c26704c66b,WARNING,refcount bug,j1939_session_put,WARNING: refcount bug in j1939_session_put,cover_eval_cp,100,,
sect_pos,3,581196ad63cb8cc6f25862fbdf55286334a013b4,BUG,soft lockup,garp_join_timer,BUG: soft lockup in garp_join_timer,cover_eval_cp,1,,
sect_pos,3,cbc4c6f265a721b8de45305209c4b636b1440f1d,BUG,soft lockup,mac80211_hwsim_beacon,BUG: soft lockup in mac80211_hwsim_beacon,cover_eval_cp,1,,
sect_pos,3,e9f5b11984c54cecb386b92bb20c76d5d003719f,OTHER,,,no output from test machine,cover_eval_cp,0,,
sect_pos,3,4a5eb99ffff5749ea30d65b6652bb2ca9ce59b6c,BUG,unable to handle kernel paging request,put_cmsg,BUG: unable to handle kernel paging request in put_cmsg,cover_eval_cp,5,,
sect_pos,3,a726bdbfdf37ab73c078dcf88e3249d9ec47fbf9,INFO,task hung,gfs2_jhead_process_page,INFO: task hung in gfs2_jhead_process_page,cover_eval_cp,1,,
sect_pos,3,a0e28bdf8d48370fcc10e1f8ea4365b0c187eebe,BUG,soft lockup,hsr_announce,BUG: soft lockup in hsr_announce,cover_eval_cp,1,,
sect_pos,3,14692319382598dac4dee0cca30dcdf451cb5eb7,WARNING,,rate_control_rate_init,WARNING in rate_control_rate_init,cover_eval_cp,34,,
sect_pos,3,2f43513776335724f22aac1b056b930da4b84aff,SYZFATAL,,,SYZFATAL: executor NUM failed NUM times: executor NUM: not serving,cover_eval_cp,1,,
sect_pos,3,a452f0e64788cc908f0eebdc7cdf2c97d97d3c3b,INFO,task hung,lookup_slow,INFO: task hung in lookup_slow,cover_eval_cp,1,,
sect_pos,3,66cd5b9b3e5519d9a31ee5746f4ef404859d99d0,WARNING,,dup_task_struct,WARNING in dup_task_struct,cover_eval_cp,1,,
sect_pos,3,aac06202f00169294688682e50daecc9c98a831b,BUG,soft lockup,ieee80211_handle_queued_frames,BUG: soft lockup in ieee80211_handle_queued_frames,cover_eval_cp,4,,
sect_pos,3,c401efa8cefe905e64f586a50d8bbaf2d38f2350,INFO,task hung,addrconf_verify_work,INFO: task hung in addrconf_verify_work,cover_eval_cp,1,,
sect_pos,3,972be4156c4dc35f22a107eb9526698fcb412be4,BUG,soft lockup,__run_timer_base,BUG: soft lockup in __run_timer_base,cover_eval_cp,1,,
sect_pos,3,efb8c5fe01ecb5116825ce2409485c164c048f88,BUG,,,BUG: workqueue lockup,cover_eval_cp,6,,
sect_pos,3,c00fed0a9991b177120ce04c4bc50ad35f46f830,BUG,unable to handle kernel NULL pointer dereference,filldir,BUG: unable to handle kernel NULL pointer dereference in filldir,cover_eval_cp,1,,
sect_pos,3,02c21219d36edc62db775545d5206fd5a3150199,KASAN,slab-use-after-free Read,v4l2_fh_init,KASAN: slab-use-after-free Read in v4l2_fh_init,cover_eval_cp,4,,
sect_pos,3,78cdfde87b5285c5274cf9336a873c5072c53d29,WARNING,,p9_client_create,WARNING in p9_client_create,cover_eval_cp,35,,
sect_pos,3,7710d479d25bd92fa8c6ab0739174ea86b45b806,BUG,unable to handle kernel paging request,filldir64,BUG: unable to handle kernel paging request in filldir64,cover_eval_cp,33,,
sect_pos,3,5983a65cfeddb32fed63f8a733b3d810e05ba119,INFO,task hung,_free_event,INFO: task hung in _free_event,cover_eval_cp,2,,
sect_pos,3,b8cd92c1478d22bf00f49d211bf24287a812a0e0,INFO,task hung,bdev_release,INFO: task hung in bdev_release,cover_eval_cp,17,,
sect_pos,3,2d5ddc28d1065b21d87d6d32fd383387eff9a23e,KASAN,slab-use-after-free Read,__ethtool_get_link_ksettings,KASAN: slab-use-after-free Read in __ethtool_get_link_ksettings,cover_eval_cp,1,,
sect_pos,3,50b1d6f2fe0ed12b1cab0d134516164980c7323d,BUG,unable to handle kernel paging request,sys_pselect6,BUG: unable to handle kernel paging request in sys_pselect6,cover_eval_cp,21,,
sect_pos,3,36a86325c6d0d517177cae0323b51ae9da7de8fa,BUG,unable to handle kernel paging request,filldir,BUG: unable to handle kernel paging request in filldir,cover_eval_cp,23,,
sect_pos,3,df87226af75e2e906503e976819e1403142d677a,BUG,soft lockup,addrconf_rs_timer,BUG: soft lockup in addrconf_rs_timer,cover_eval_cp,19,,
sect_pos,3,0aa7bb3816890422b49adcbc8d03f4e3151505ea,INFO,task hung,reg_check_chans_work,INFO: task hung in reg_check_chans_work,cover_eval_cp,1,,
sect_pos,3,4ecda27d97e590e179a8c967d0b1615224f921fd,WARNING,,reserve_ds_buffers,WARNING in reserve_ds_buffers,cover_eval_cp,1,,
sect_pos,3,6e89ce80a10c14d6e832ef9b558bcd045825e05b,BUG,,,BUG: MAX_LOCKDEP_KEYS too low!,cover_eval_cp,4,,
sect_pos,3,138f72250c0eb32d7bc6830a77dc8b285653ea2d,BUG,soft lockup,sctp_generate_heartbeat_event,BUG: soft lockup in sctp_generate_heartbeat_event,cover_eval_cp,1,,
sect_pos,3,3e51bb4cea12a057ab4bf22cba3cefdafeb87eaf,BUG,stack guard page was hit,io_sq_thread,BUG: stack guard page was hit in io_sq_thread,cover_eval_cp,1,,
sect_pos,3,9327c9c793f88e3d2ffb26db34233d3fc8b88f20,BUG,soft lockup,xfrm_timer_handler,BUG: soft lockup in xfrm_timer_handler,cover_eval_cp,1,,
sect_pos,3,295c0dc164c3fcf583aa4a873bea301927c81b66,BUG,corrupted list,em28xx_init_extension,BUG: corrupted list in em28xx_init_extension,cover_eval_cp,3,,
sect_pos,3,11d137c334a427322898aa51903aed548ece812d,SYZFATAL,,,SYZFATAL: executor NUM failed NUM times: executor NUM: exit status NUM err exit status NUM,cover_eval_cp,77,,
sect_pos,3,dfc109c0cf7ead121984212eccd30401ec6dd3eb,WARNING,,ip_rt_bug,WARNING in ip_rt_bug,cover_eval_cp,3,,
sect_pos,3,54ec343f5fa8ecb771acdd49bf649a6ecdc90ad4,OTHER,general protection fault,lmLogSync,general protection fault in lmLogSync,cover_eval_cp,1,,
sect_pos,3,3a4c59087c2c4236dac8c3ebe5d28f5c5fe5f3ff,INFO,task hung,switchdev_deferred_process_work,INFO: task hung in switchdev_deferred_process_work,cover_eval_cp,1,,
sect_pos,3,fe781548d0a22bdbc3f703fc26dd1c43b0da5914,INFO,task hung,linkwatch_event,INFO: task hung in linkwatch_event,cover_eval_cp,1,,
sect_pos,3,9d511333ca910fa938fb14a0a82f40458bb615dc,BUG,soft lockup,call_timer_fn,BUG: soft lockup in call_timer_fn,cover_eval_cp,1,,
sect_pos,3,ce6ef2b22dd47563c725e7c93f7410f29021547b,OTHER,possible deadlock,task_rq_lock,possible deadlock in task_rq_lock,cover_eval_cp,48,,
sect_pos,3,f73b3116ad434cc9b97b908060b5e73752df3be7,WARNING,,restore_regulatory_settings,WARNING in restore_regulatory_settings,cover_eval_cp,2,,
sect_pos,3,10ea2b759f72ff5dd26bce896d853e10f00de743,OTHER,,,unregister_netdevice: waiting for DEV to become free,cover_eval_cp,3,,
sect_pos,3,b83ebc0f722370f9f7e120e759d663eb44f55efc,OTHER,,,suppressed report,cover_eval_cp,3,,
sect_pos,3,c7bef9a5b3324959844ec200a0dc227b249903f9,INFO,task hung,iterate_supers,INFO: task hung in iterate_supers,cover_eval_cp,1,,
sect_pos,3,831f79d9d5797d8fdcd097105b33f566f15be7e1,INFO,task hung,idle_cull_fn,INFO: task hung in idle_cull_fn,cover_eval_cp,1,,
sect_pos,3,d870630cedefaaf2c870f9459f559a5bebb8e843,INFO,task hung,nsim_create,INFO: task hung in nsim_create,cover_eval_cp,1,,
sect_pos,3,439c37d288d4f26a33a6c7e5c57a97791453a447,OTHER,,,lost connection to test machine,cover_eval_cp,0,,
sect_pos,3,de16f1718b80e2f19b307386949d3584cd059a23,INFO,task hung,__fuse_simple_request,INFO: task hung in __fuse_simple_request,cover_eval_cp,1,,
sect_pos,3,b439149adc4a059ec80b6e79575ba4b1ade460f3,WARNING,refcount bug,j1939_xtp_rx_cts,WARNING: refcount bug in j1939_xtp_rx_cts,cover_eval_cp,100,,
sect_pos,3,eb69e7ea1402b04195836e33cd82ead332e172b9,OTHER,possible deadlock,input_inject_event,possible deadlock in input_inject_event,cover_eval_cp,6,,
sect_pos,3,c16d8a13a5b01b10dd5b51c8277b2a34eba56d17,BUG,unable to handle kernel paging request,do_sys_poll,BUG: unable to handle kernel paging request in do_sys_poll,cover_eval_cp,41,,
sect_pos,3,2c94f64b318b4b960a8e789413bb6fd89d1103ae,BUG,soft lockup,__mod_timer,BUG: soft lockup in __mod_timer,cover_eval_cp,1,,
sect_pos,3,5fe68c0f763c3644339804aa8a096294a4115723,BUG,soft lockup,neigh_timer_handler,BUG: soft lockup in neigh_timer_handler,cover_eval_cp,1,,
sect_pos,3,24a99802efd975e76f9822c2a9e45876a00d5784,OTHER,general protection fault,hfs_find_init,general protection fault in hfs_find_init,cover_eval_cp,1,,
sect_pos,3,dac17913a5b5246a1d1bd6734441801e03ce2b6d,BUG,stack guard page was hit,corrupted,BUG: stack guard page was hit in corrupted,cover_eval_cp,26,,
sect_pos,3,46eec0a03f119ebb2891865d47cff3904d7fbb8e,BUG,soft lockup,syscall_exit_to_user_mode,BUG: soft lockup in syscall_exit_to_user_mode,cover_eval_cp,1,,
sect_pos,3,4c1dceb01dec061b63593f149cf10429fa012309,OTHER,possible deadlock,__perf_install_in_context,possible deadlock in __perf_install_in_context,cover_eval_cp,2,,
sect_pos,3,41b74e6c247526f8fa6cc88d9db735c26704c66b,WARNING,refcount bug,j1939_session_put,WARNING: refcount bug in j1939_session_put,cover_eval_cp,100,,
sect_rw,4,cbc4c6f265a721b8de45305209c4b636b1440f1d,BUG,soft lockup,mac80211_hwsim_beacon,BUG: soft lockup in mac80211_hwsim_beacon,cover_eval_cp,1,,
sect_rw,4,e9f5b11984c54cecb386b92bb20c76d5d003719f,OTHER,,,no output from test machine,cover_eval_cp,0,,
sect_rw,4,8a1638229db60175d7fa5e570f8e450a1b567a94,WARNING,,ieee80211_start_next_roc,WARNING in ieee80211_start_next_roc,cover_eval_cp,1,,
sect_rw,4,4a5eb99ffff5749ea30d65b6652bb2ca9ce59b6c,BUG,unable to handle kernel paging request,put_cmsg,BUG: unable to handle kernel paging request in put_cmsg,cover_eval_cp,1,,
sect_rw,4,a726bdbfdf37ab73c078dcf88e3249d9ec47fbf9,INFO,task hung,gfs2_jhead_process_page,INFO: task hung in gfs2_jhead_process_page,cover_eval_cp,1,,
sect_rw,4,910e3195261654c617977513fc7cef18d9dde9bd,WARNING,,format_decode,WARNING in format_decode,cover_eval_cp,2,,
sect_rw,4,a0e28bdf8d48370fcc10e1f8ea4365b0c187eebe,BUG,soft lockup,hsr_announce,BUG: soft lockup in hsr_announce,cover_eval_cp,1,,
sect_rw,4,14692319382598dac4dee0cca30dcdf451cb5eb7,WARNING,,rate_control_rate_init,WARNING in rate_control_rate_init,cover_eval_cp,31,,
sect_rw,4,9c7d0c78815f7f407102b63d07ed649359f3b8bb,OTHER,possible deadlock,smc_switch_to_fallback,possible deadlock in smc_switch_to_fallback,cover_eval_cp,1,,
sect_rw,4,2f43513776335724f22aac1b056b930da4b84aff,SYZFATAL,,,SYZFATAL: executor NUM failed NUM times: executor NUM: not serving,cover_eval_cp,1,,
sect_rw,4,a452f0e64788cc908f0eebdc7cdf2c97d97d3c3b,INFO,task hung,lookup_slow,INFO: task hung in lookup_slow,cover_eval_cp,1,,
sect_rw,4,66cd5b9b3e5519d9a31ee5746f4ef404859d99d0,WARNING,,dup_task_struct,WARNING in dup_task_struct,cover_eval_cp,2,,
sect_rw,4,aac06202f00169294688682e50daecc9c98a831b,BUG,soft lockup,ieee80211_handle_queued_frames,BUG: soft lockup in ieee80211_handle_queued_frames,cover_eval_cp,6,,
sect_rw,4,844a59e2234a857b127e45d3c95432f86b5c1d44,SYZFATAL,,,SYZFATAL: Manager.NewInput call failed: write tcp IP:NUM->IP:NUM: i/o timeout,cover_eval_cp,1,,
sect_rw,4,efb8c5fe01ecb5116825ce2409485c164c048f88,BUG,,,BUG: workqueue lockup,cover_eval_cp,7,,
sect_rw,4,02c21219d36edc62db775545d5206fd5a3150199,KASAN,slab-use-after-free Read,v4l2_fh_init,KASAN: slab-use-after-free Read in v4l2_fh_init,cover_eval_cp,1,,
sect_rw,4,78cdfde87b5285c5274cf9336a873c5072c53d29,WARNING,,p9_client_create,WARNING in p9_client_create,cover_eval_cp,25,,
sect_rw,4,37936123c8f81e38405258568172f9767d444d94,KASAN,slab-use-after-free Read,em28xx_release_resources,KASAN: slab-use-after-free Read in em28xx_release_resources,cover_eval_cp,1,,
sect_rw,4,7710d479d25bd92fa8c6ab0739174ea86b45b806,BUG,unable to handle kernel paging request,filldir64,BUG: unable to handle kernel paging request in filldir64,cover_eval_cp,21,,
sect_rw,4,b8cd92c1478d22bf00f49d211bf24287a812a0e0,INFO,task hung,bdev_release,INFO: task hung in bdev_release,cover_eval_cp,1,,
sect_rw,4,50b1d6f2fe0ed12b1cab0d134516164980c7323d,BUG,unable to handle kernel paging request,sys_pselect6,BUG: unable to handle kernel paging request in sys_pselect6,cover_eval_cp,16,,
sect_rw,4,36a86325c6d0d517177cae0323b51ae9da7de8fa,BUG,unable to handle kernel paging request,filldir,BUG: unable to handle kernel paging request in filldir,cover_eval_cp,9,,
sect_rw,4,93a86ea16bdfeef01b3b0b14d18ff8234b7f10a6,BUG,unable to handle kernel NULL pointer dereference,filldir64,BUG: unable to handle kernel NULL pointer dereference in filldir64,cover_eval_cp,3,,
sect_rw,4,df87226af75e2e906503e976819e1403142d677a,BUG,soft lockup,addrconf_rs_timer,BUG: soft lockup in addrconf_rs_timer,cover_eval_cp,15,,
sect_rw,4,e294c86f55213967b11a9abc18b8883ff0c8605a,SYZFATAL,,,SYZFATAL: executor NUM failed NUM times: bad comp NUM type ADDR,cover_eval_cp,100,,
sect_rw,4,0aa7bb3816890422b49adcbc8d03f4e3151505ea,INFO,task hung,reg_check_chans_work,INFO: task hung in reg_check_chans_work,cover_eval_cp,1,,
sect_rw,4,6e89ce80a10c14d6e832ef9b558bcd045825e05b,BUG,,,BUG: MAX_LOCKDEP_KEYS too low!,cover_eval_cp,5,,
sect_rw,4,3e51bb4cea12a057ab4bf22cba3cefdafeb87eaf,BUG,stack guard page was hit,io_sq_thread,BUG: stack guard page was hit in io_sq_thread,cover_eval_cp,6,,
sect_rw,4,706c7657cad15dfe6f55b865a21728c0837dbbe9,WARNING,,bdev_getblk,WARNING in bdev_getblk,cover_eval_cp,1,,
sect_rw,4,11d137c334a427322898aa51903aed548ece812d,SYZFATAL,,,SYZFATAL: executor NUM failed NUM times: executor NUM: exit status NUM err exit status NUM,cover_eval_cp,47,,
sect_rw,4,dfc109c0cf7ead121984212eccd30401ec6dd3eb,WARNING,,ip_rt_bug,WARNING in ip_rt_bug,cover_eval_cp,3,,
sect_rw,4,62354553a886c8b88fb5d75ad0108d1806c76405,WARNING,,__folio_mark_dirty,WARNING in __folio_mark_dirty,cover_eval_cp,1,,
sect_rw,4,fe781548d0a22bdbc3f703fc26dd1c43b0da5914,INFO,task hung,linkwatch_event,INFO: task hung in linkwatch_event,cover_eval_cp,1,,
sect_rw,4,0418de12f4357d538dd9ae036bfe6ad4600068d5,BUG,soft lockup,aoecmd_cfg,BUG: soft lockup in aoecmd_cfg,cover_eval_cp,1,,
sect_rw,4,ce6ef2b22dd47563c725e7c93f7410f29021547b,OTHER,possible deadlock,task_rq_lock,possible deadlock in task_rq_lock,cover_eval_cp,74,,
sect_rw,4,f73b3116ad434cc9b97b908060b5e73752df3be7,WARNING,,restore_regulatory_settings,WARNING in restore_regulatory_settings,cover_eval_cp,1,,
sect_rw,4,10ea2b759f72ff5dd26bce896d853e10f00de743,OTHER,,,unregister_netdevice: waiting for DEV to become free,cover_eval_cp,4,,
sect_rw,4,b83ebc0f722370f9f7e120e759d663eb44f55efc,OTHER,,,suppressed report,cover_eval_cp,2,,
sect_rw,4,c7bef9a5b3324959844ec200a0dc227b249903f9,INFO,task hung,iterate_supers,INFO: task hung in iterate_supers,cover_eval_cp,1,,
sect_rw,4,d713702b5b286b7704349bdd865755658baff3e8,KASAN,use-after-free Read,em28xx_init_extension,KASAN: use-after-free Read in em28xx_init_extension,cover_eval_cp,1,,
sect_rw,4,439c37d288d4f26a33a6c7e5c57a97791453a447,OTHER,,,lost connection to test machine,cover_eval_cp,0,,
sect_rw,4,8210ac00ca5f0c4ddeafdf60c76983a7901f9d40,WARNING,,udf_truncate_extents,WARNING in udf_truncate_extents,cover_eval_cp,1,,
sect_rw,4,b439149adc4a059ec80b6e79575ba4b1ade460f3,WARNING,refcount bug,j1939_xtp_rx_cts,WARNING: refcount bug in j1939_xtp_rx_cts,cover_eval_cp,100,,
sect_rw,4,f48cc881b60886898c7e47830174497c7718d0a3,WARNING,,media_create_pad_link,WARNING in media_create_pad_link,cover_eval_cp,2,,
sect_rw,4,c16d8a13a5b01b10dd5b51c8277b2a34eba56d17,BUG,unable to handle kernel paging request,do_sys_poll,BUG: unable to handle kernel paging request in do_sys_poll,cover_eval_cp,15,,
sect_rw,4,dac17913a5b5246a1d1bd6734441801e03ce2b6d,BUG,stack guard page was hit,corrupted,BUG: stack guard page was hit in corrupted,cover_eval_cp,25,,
sect_rw,4,f5e68e16341d8bc960cd76ec3509b3e7a0f58dff,SYZFATAL,,,SYZFATAL: executor NUM failed NUM times: executor NUM: failed to write control pipe: write |NUM: broken pipe,cover_eval_cp,4,,
sect_rw,4,4c1dceb01dec061b63593f149cf10429fa012309,OTHER,possible deadlock,__perf_install_in_context,possible deadlock in __perf_install_in_context,cover_eval_cp,1,,
sect_rw,4,f4334e8eb6411d9172e29dbab5654c85fa577c70,BUG,soft lockup,unwind_next_frame,BUG: soft lockup in unwind_next_frame,cover_eval_cp,1,,
sect_rw,4,41b74e6c247526f8fa6cc88d9db735c26704c66b,WARNING,refcount bug,j1939_session_put,WARNING: refcount bug in j1939_session_put,cover_eval_cp,100,,
sect_pos,2,c34d1bbeac0e46a9296ceb76d20d231534bcdc5f,SYZFATAL,,,SYZFATAL: executor NUM failed NUM times: failed to create temp dir: mkdir ./syzkaller-testdirNUM: no space left on devic,cover_eval_cp,2,,
sect_pos,2,cbc4c6f265a721b8de45305209c4b636b1440f1d,BUG,soft lockup,mac80211_hwsim_beacon,BUG: soft lockup in mac80211_hwsim_beacon,cover_eval_cp,1,,
sect_pos,2,e9f5b11984c54cecb386b92bb20c76d5d003719f,OTHER,,,no output from test machine,cover_eval_cp,0,,
sect_pos,2,8a1638229db60175d7fa5e570f8e450a1b567a94,WARNING,,ieee80211_start_next_roc,WARNING in ieee80211_start_next_roc,cover_eval_cp,1,,
sect_pos,2,4a5eb99ffff5749ea30d65b6652bb2ca9ce59b6c,BUG,unable to handle kernel paging request,put_cmsg,BUG: unable to handle kernel paging request in put_cmsg,cover_eval_cp,2,,
sect_pos,2,910e3195261654c617977513fc7cef18d9dde9bd,WARNING,,format_decode,WARNING in format_decode,cover_eval_cp,2,,
sect_pos,2,a0e28bdf8d48370fcc10e1f8ea4365b0c187eebe,BUG,soft lockup,hsr_announce,BUG: soft lockup in hsr_announce,cover_eval_cp,1,,
sect_pos,2,8facfbb5acbe6b82e7b5bf8d27be8930172c96c1,OTHER,possible deadlock,__perf_event_task_sched_out,possible deadlock in __perf_event_task_sched_out,cover_eval_cp,1,,
sect_pos,2,14692319382598dac4dee0cca30dcdf451cb5eb7,WARNING,,rate_control_rate_init,WARNING in rate_control_rate_init,cover_eval_cp,29,,
sect_pos,2,2f43513776335724f22aac1b056b930da4b84aff,SYZFATAL,,,SYZFATAL: executor NUM failed NUM times: executor NUM: not serving,cover_eval_cp,1,,
sect_pos,2,789655d782ea80516a44ae6f34176c7b0a96665b,BUG,soft lockup,wg_packet_send_staged_packets,BUG: soft lockup in wg_packet_send_staged_packets,cover_eval_cp,1,,
sect_pos,2,66cd5b9b3e5519d9a31ee5746f4ef404859d99d0,WARNING,,dup_task_struct,WARNING in dup_task_struct,cover_eval_cp,2,,
sect_pos,2,c94af3358dab4acd9bfcbc1e95a9eaa497e4ad3b,INFO,task hung,bpf_struct_ops_map_free,INFO: task hung in bpf_struct_ops_map_free,cover_eval_cp,1,,
sect_pos,2,aac06202f00169294688682e50daecc9c98a831b,BUG,soft lockup,ieee80211_handle_queued_frames,BUG: soft lockup in ieee80211_handle_queued_frames,cover_eval_cp,6,,
sect_pos,2,efb8c5fe01ecb5116825ce2409485c164c048f88,BUG,,,BUG: workqueue lockup,cover_eval_cp,4,,
sect_pos,2,02c21219d36edc62db775545d5206fd5a3150199,KASAN,slab-use-after-free Read,v4l2_fh_init,KASAN: slab-use-after-free Read in v4l2_fh_init,cover_eval_cp,3,,
sect_pos,2,78cdfde87b5285c5274cf9336a873c5072c53d29,WARNING,,p9_client_create,WARNING in p9_client_create,cover_eval_cp,37,,
sect_pos,2,7710d479d25bd92fa8c6ab0739174ea86b45b806,BUG,unable to handle kernel paging request,filldir64,BUG: unable to handle kernel paging request in filldir64,cover_eval_cp,15,,
sect_pos,2,5983a65cfeddb32fed63f8a733b3d810e05ba119,INFO,task hung,_free_event,INFO: task hung in _free_event,cover_eval_cp,2,,
sect_pos,2,d6bbbb0f9b4b79b1d2b0d76233bc169891d1f72a,INFO,task hung,tty_set_termios,INFO: task hung in tty_set_termios,cover_eval_cp,1,,
sect_pos,2,b8cd92c1478d22bf00f49d211bf24287a812a0e0,INFO,task hung,bdev_release,INFO: task hung in bdev_release,cover_eval_cp,13,,
sect_pos,2,50b1d6f2fe0ed12b1cab0d134516164980c7323d,BUG,unable to handle kernel paging request,sys_pselect6,BUG: unable to handle kernel paging request in sys_pselect6,cover_eval_cp,13,,
sect_pos,2,36a86325c6d0d517177cae0323b51ae9da7de8fa,BUG,unable to handle kernel paging request,filldir,BUG: unable to handle kernel paging request in filldir,cover_eval_cp,9,,
sect_pos,2,df87226af75e2e906503e976819e1403142d677a,BUG,soft lockup,addrconf_rs_timer,BUG: soft lockup in addrconf_rs_timer,cover_eval_cp,21,,
sect_pos,2,dd029cbcea11e425c68d1b389d148057eb3cc789,BUG,soft lockup,ip_list_rcv,BUG: soft lockup in ip_list_rcv,cover_eval_cp,1,,
sect_pos,2,63de2be03e3a7eda16f7bce15a9a80a4da54ae9c,INFO,task hung,tls_sk_proto_close,INFO: task hung in tls_sk_proto_close,cover_eval_cp,1,,
sect_pos,2,6e89ce80a10c14d6e832ef9b558bcd045825e05b,BUG,,,BUG: MAX_LOCKDEP_KEYS too low!,cover_eval_cp,2,,
sect_pos,2,f75a938fff71c7087689f28272e1e55ac4c89ec2,BUG,soft lockup,br_forward_delay_timer_expired,BUG: soft lockup in br_forward_delay_timer_expired,cover_eval_cp,1,,
sect_pos,2,3e51bb4cea12a057ab4bf22cba3cefdafeb87eaf,BUG,stack guard page was hit,io_sq_thread,BUG: stack guard page was hit in io_sq_thread,cover_eval_cp,4,,
sect_pos,2,11d137c334a427322898aa51903aed548ece812d,SYZFATAL,,,SYZFATAL: executor NUM failed NUM times: executor NUM: exit status NUM err exit status NUM,cover_eval_cp,70,,
sect_pos,2,dfc109c0cf7ead121984212eccd30401ec6dd3eb,WARNING,,ip_rt_bug,WARNING in ip_rt_bug,cover_eval_cp,3,,
sect_pos,2,3a4c59087c2c4236dac8c3ebe5d28f5c5fe5f3ff,INFO,task hung,switchdev_deferred_process_work,INFO: task hung in switchdev_deferred_process_work,cover_eval_cp,1,,
sect_pos,2,fe781548d0a22bdbc3f703fc26dd1c43b0da5914,INFO,task hung,linkwatch_event,INFO: task hung in linkwatch_event,cover_eval_cp,1,,
sect_pos,2,ce6ef2b22dd47563c725e7c93f7410f29021547b,OTHER,possible deadlock,task_rq_lock,possible deadlock in task_rq_lock,cover_eval_cp,40,,
sect_pos,2,f73b3116ad434cc9b97b908060b5e73752df3be7,WARNING,,restore_regulatory_settings,WARNING in restore_regulatory_settings,cover_eval_cp,3,,
sect_pos,2,10ea2b759f72ff5dd26bce896d853e10f00de743,OTHER,,,unregister_netdevice: waiting for DEV to become free,cover_eval_cp,2,,
sect_pos,2,b83ebc0f722370f9f7e120e759d663eb44f55efc,OTHER,,,suppressed report,cover_eval_cp,0,,
sect_pos,2,c7bef9a5b3324959844ec200a0dc227b249903f9,INFO,task hung,iterate_supers,INFO: task hung in iterate_supers,cover_eval_cp,2,,
sect_pos,2,d713702b5b286b7704349bdd865755658baff3e8,KASAN,use-after-free Read,em28xx_init_extension,KASAN: use-after-free Read in em28xx_init_extension,cover_eval_cp,1,,
sect_pos,2,d870630cedefaaf2c870f9459f559a5bebb8e843,INFO,task hung,nsim_create,INFO: task hung in nsim_create,cover_eval_cp,1,,
sect_pos,2,439c37d288d4f26a33a6c7e5c57a97791453a447,OTHER,,,lost connection to test machine,cover_eval_cp,0,,
sect_pos,2,de16f1718b80e2f19b307386949d3584cd059a23,INFO,task hung,__fuse_simple_request,INFO: task hung in __fuse_simple_request,cover_eval_cp,1,,
sect_pos,2,f311884ffb3006f0917bb38c3d12a48f2cafb3b0,BUG,soft lockup,NF_HOOK,BUG: soft lockup in NF_HOOK,cover_eval_cp,1,,
sect_pos,2,b439149adc4a059ec80b6e79575ba4b1ade460f3,WARNING,refcount bug,j1939_xtp_rx_cts,WARNING: refcount bug in j1939_xtp_rx_cts,cover_eval_cp,100,,
sect_pos,2,eb69e7ea1402b04195836e33cd82ead332e172b9,OTHER,possible deadlock,input_inject_event,possible deadlock in input_inject_event,cover_eval_cp,1,,
sect_pos,2,f48cc881b60886898c7e47830174497c7718d0a3,WARNING,,media_create_pad_link,WARNING in media_create_pad_link,cover_eval_cp,2,,
sect_pos,2,c16d8a13a5b01b10dd5b51c8277b2a34eba56d17,BUG,unable to handle kernel paging request,do_sys_poll,BUG: unable to handle kernel paging request in do_sys_poll,cover_eval_cp,52,,
sect_pos,2,cae8bb33426999ce532ef5a7662e357e02fe6415,OTHER,possible deadlock,input_event,possible deadlock in input_event,cover_eval_cp,1,,
sect_pos,2,dac17913a5b5246a1d1bd6734441801e03ce2b6d,BUG,stack guard page was hit,corrupted,BUG: stack guard page was hit in corrupted,cover_eval_cp,36,,
sect_pos,2,4c1dceb01dec061b63593f149cf10429fa012309,OTHER,possible deadlock,__perf_install_in_context,possible deadlock in __perf_install_in_context,cover_eval_cp,3,,
sect_pos,2,a2ce4a2ec11b2fac63e6dd88a5f01b42c63de9a1,INFO,task hung,nbd_set_size,INFO: task hung in nbd_set_size,cover_eval_cp,1,,
sect_pos,2,41b74e6c247526f8fa6cc88d9db735c26704c66b,WARNING,refcount bug,j1939_session_put,WARNING: refcount bug in j1939_session_put,cover_eval_cp,100,,
syzkaller,4,e9f5b11984c54cecb386b92bb20c76d5d003719f,OTHER,,,no output from test machine,cover_eval_cp,0,,
syzkaller,4,8a1638229db60175d7fa5e570f8e450a1b567a94,WARNING,,ieee80211_start_next_roc,WARNING in ieee80211_start_next_roc,cover_eval_cp,2,,
syzkaller,4,910e3195261654c617977513fc7cef18d9dde9bd,WARNING,,format_decode,WARNING in format_decode,cover_eval_cp,2,,
syzkaller,4,14692319382598dac4dee0cca30dcdf451cb5eb7,WARNING,,rate_control_rate_init,WARNING in rate_control_rate_init,cover_eval_cp,27,,
syzkaller,4,a452f0e64788cc908f0eebdc7cdf2c97d97d3c3b,INFO,task hung,lookup_slow,INFO: task hung in lookup_slow,cover_eval_cp,1,,
syzkaller,4,844a59e2234a857b127e45d3c95432f86b5c1d44,SYZFATAL,,,SYZFATAL: Manager.NewInput call failed: write tcp IP:NUM->IP:NUM: i/o timeout,cover_eval_cp,1,,
syzkaller,4,78cdfde87b5285c5274cf9336a873c5072c53d29,WARNING,,p9_client_create,WARNING in p9_client_create,cover_eval_cp,44,,
syzkaller,4,733343303fca2ceb29ab47d7e2a5c230a0c592d6,WARNING,,vkms_get_vblank_timestamp,WARNING in vkms_get_vblank_timestamp,cover_eval_cp,1,,
syzkaller,4,5983a65cfeddb32fed63f8a733b3d810e05ba119,INFO,task hung,_free_event,INFO: task hung in _free_event,cover_eval_cp,25,,
syzkaller,4,b8cd92c1478d22bf00f49d211bf24287a812a0e0,INFO,task hung,bdev_release,INFO: task hung in bdev_release,cover_eval_cp,12,,
syzkaller,4,df87226af75e2e906503e976819e1403142d677a,BUG,soft lockup,addrconf_rs_timer,BUG: soft lockup in addrconf_rs_timer,cover_eval_cp,4,,
syzkaller,4,e1c9e5e6e9239b2e549fe5a848818a452131b0cc,WARNING,,print_bfs_bug,WARNING in print_bfs_bug,cover_eval_cp,1,,
syzkaller,4,0c236f1d3444dc690faefc668afbc564e5a44184,WARNING,,kernfs_get,WARNING in kernfs_get,cover_eval_cp,1,,
syzkaller,4,6e89ce80a10c14d6e832ef9b558bcd045825e05b,BUG,,,BUG: MAX_LOCKDEP_KEYS too low!,cover_eval_cp,7,,
syzkaller,4,11d137c334a427322898aa51903aed548ece812d,SYZFATAL,,,SYZFATAL: executor NUM failed NUM times: executor NUM: exit status NUM err exit status NUM,cover_eval_cp,8,,
syzkaller,4,dfc109c0cf7ead121984212eccd30401ec6dd3eb,WARNING,,ip_rt_bug,WARNING in ip_rt_bug,cover_eval_cp,2,,
syzkaller,4,62354553a886c8b88fb5d75ad0108d1806c76405,WARNING,,__folio_mark_dirty,WARNING in __folio_mark_dirty,cover_eval_cp,4,,
syzkaller,4,ce6ef2b22dd47563c725e7c93f7410f29021547b,OTHER,possible deadlock,task_rq_lock,possible deadlock in task_rq_lock,cover_eval_cp,1,,
syzkaller,4,f73b3116ad434cc9b97b908060b5e73752df3be7,WARNING,,restore_regulatory_settings,WARNING in restore_regulatory_settings,cover_eval_cp,3,,
syzkaller,4,10ea2b759f72ff5dd26bce896d853e10f00de743,OTHER,,,unregister_netdevice: waiting for DEV to become free,cover_eval_cp,1,,
syzkaller,4,b83ebc0f722370f9f7e120e759d663eb44f55efc,OTHER,,,suppressed report,cover_eval_cp,0,,
syzkaller,4,d713702b5b286b7704349bdd865755658baff3e8,KASAN,use-after-free Read,em28xx_init_extension,KASAN: use-after-free Read in em28xx_init_extension,cover_eval_cp,1,,
syzkaller,4,8d5ac4897bd0fa36d7e0363d4210479d36554eef,SYZFATAL,,,SYZFATAL: Manager.Poll call failed: read tcp IP:NUM->IP:NUM: i/o timeout,cover_eval_cp,1,,
syzkaller,4,b439149adc4a059ec80b6e79575ba4b1ade460f3,WARNING,refcount bug,j1939_xtp_rx_cts,WARNING: refcount bug in j1939_xtp_rx_cts,cover_eval_cp,100,,
syzkaller,4,eb69e7ea1402b04195836e33cd82ead332e172b9,OTHER,possible deadlock,input_inject_event,possible deadlock in input_inject_event,cover_eval_cp,3,,
syzkaller,4,cae8bb33426999ce532ef5a7662e357e02fe6415,OTHER,possible deadlock,input_event,possible deadlock in input_event,cover_eval_cp,1,,
syzkaller,4,c8706fee1db2b029d0d78a4fec5aa655b59bbc3e,OTHER,general protection fault,pick_task_fair,general protection fault in pick_task_fair,cover_eval_cp,3,,
syzkaller,4,41b74e6c247526f8fa6cc88d9db735c26704c66b,WARNING,refcount bug,j1939_session_put,WARNING: refcount bug in j1939_session_put,cover_eval_cp,100,,
syzkaller,5,e9f5b11984c54cecb386b92bb20c76d5d003719f,OTHER,,,no output from test machine,cover_eval_cp,0,,
syzkaller,5,8a1638229db60175d7fa5e570f8e450a1b567a94,WARNING,,ieee80211_start_next_roc,WARNING in ieee80211_start_next_roc,cover_eval_cp,2,,
syzkaller,5,910e3195261654c617977513fc7cef18d9dde9bd,WARNING,,format_decode,WARNING in format_decode,cover_eval_cp,5,,
syzkaller,5,14692319382598dac4dee0cca30dcdf451cb5eb7,WARNING,,rate_control_rate_init,WARNING in rate_control_rate_init,cover_eval_cp,26,,
syzkaller,5,a452f0e64788cc908f0eebdc7cdf2c97d97d3c3b,INFO,task hung,lookup_slow,INFO: task hung in lookup_slow,cover_eval_cp,2,,
syzkaller,5,efb8c5fe01ecb5116825ce2409485c164c048f88,BUG,,,BUG: workqueue lockup,cover_eval_cp,1,,
syzkaller,5,78cdfde87b5285c5274cf9336a873c5072c53d29,WARNING,,p9_client_create,WARNING in p9_client_create,cover_eval_cp,42,,
syzkaller,5,5983a65cfeddb32fed63f8a733b3d810e05ba119,INFO,task hung,_free_event,INFO: task hung in _free_event,cover_eval_cp,28,,
syzkaller,5,b8cd92c1478d22bf00f49d211bf24287a812a0e0,INFO,task hung,bdev_release,INFO: task hung in bdev_release,cover_eval_cp,9,,
syzkaller,5,df87226af75e2e906503e976819e1403142d677a,BUG,soft lockup,addrconf_rs_timer,BUG: soft lockup in addrconf_rs_timer,cover_eval_cp,5,,
syzkaller,5,3056e0207567b5ab2df376e1400f858b88d0f665,OTHER,kernel BUG,zero_user_segments,kernel BUG in zero_user_segments,cover_eval_cp,2,,
syzkaller,5,dd029cbcea11e425c68d1b389d148057eb3cc789,BUG,soft lockup,ip_list_rcv,BUG: soft lockup in ip_list_rcv,cover_eval_cp,1,,
syzkaller,5,becaed7bff7687519e493391dcd092cb8f28d750,BUG,soft lockup,sys_mlockall,BUG: soft lockup in sys_mlockall,cover_eval_cp,1,,
syzkaller,5,6e89ce80a10c14d6e832ef9b558bcd045825e05b,BUG,,,BUG: MAX_LOCKDEP_KEYS too low!,cover_eval_cp,4,,
syzkaller,5,11d137c334a427322898aa51903aed548ece812d,SYZFATAL,,,SYZFATAL: executor NUM failed NUM times: executor NUM: exit status NUM err exit status NUM,cover_eval_cp,6,,
syzkaller,5,dfc109c0cf7ead121984212eccd30401ec6dd3eb,WARNING,,ip_rt_bug,WARNING in ip_rt_bug,cover_eval_cp,3,,
syzkaller,5,ce6ef2b22dd47563c725e7c93f7410f29021547b,OTHER,possible deadlock,task_rq_lock,possible deadlock in task_rq_lock,cover_eval_cp,1,,
syzkaller,5,f73b3116ad434cc9b97b908060b5e73752df3be7,WARNING,,restore_regulatory_settings,WARNING in restore_regulatory_settings,cover_eval_cp,4,,
syzkaller,5,b83ebc0f722370f9f7e120e759d663eb44f55efc,OTHER,,,suppressed report,cover_eval_cp,1,,
syzkaller,5,c7bef9a5b3324959844ec200a0dc227b249903f9,INFO,task hung,iterate_supers,INFO: task hung in iterate_supers,cover_eval_cp,1,,
syzkaller,5,b439149adc4a059ec80b6e79575ba4b1ade460f3,WARNING,refcount bug,j1939_xtp_rx_cts,WARNING: refcount bug in j1939_xtp_rx_cts,cover_eval_cp,100,,
syzkaller,5,057de8d8fd45c5ae46e83f2daa1599f8d6333330,OTHER,kernel BUG,z3fold_page_migrate,kernel BUG in z3fold_page_migrate,cover_eval_cp,3,,
syzkaller,5,eb69e7ea1402b04195836e33cd82ead332e172b9,OTHER,possible deadlock,input_inject_event,possible deadlock in input_inject_event,cover_eval_cp,6,,
syzkaller,5,a7d102b4ecfd113482425e71b004203976489fdd,SYZFATAL,,,SYZFATAL: Manager.NewInput call failed: read tcp IP:NUM->IP:NUM: i/o timeout,cover_eval_cp,1,,
syzkaller,5,c8706fee1db2b029d0d78a4fec5aa655b59bbc3e,OTHER,general protection fault,pick_task_fair,general protection fault in pick_task_fair,cover_eval_cp,6,,
syzkaller,5,4c1dceb01dec061b63593f149cf10429fa012309,OTHER,possible deadlock,__perf_install_in_context,possible deadlock in __perf_install_in_context,cover_eval_cp,2,,
syzkaller,5,41b74e6c247526f8fa6cc88d9db735c26704c66b,WARNING,refcount bug,j1939_session_put,WARNING: refcount bug in j1939_session_put,cover_eval_cp,100,,
syzkaller,5,caffb09a4e6bc80e9a8c8cd15843f0089752eef4,KASAN,use-after-free Write,sco_sock_timeout,KASAN: use-after-free Write in sco_sock_timeout,cover_eval_cp,1,,
sect_rw,6,e9f5b11984c54cecb386b92bb20c76d5d003719f,OTHER,,,no output from test machine,cover_eval_cp,0,,
sect_rw,6,4a5eb99ffff5749ea30d65b6652bb2ca9ce59b6c,BUG,unable to handle kernel paging request,put_cmsg,BUG: unable to handle kernel paging request in put_cmsg,cover_eval_cp,1,,
sect_rw,6,910e3195261654c617977513fc7cef18d9dde9bd,WARNING,,format_decode,WARNING in format_decode,cover_eval_cp,2,,
sect_rw,6,a0e28bdf8d48370fcc10e1f8ea4365b0c187eebe,BUG,soft lockup,hsr_announce,BUG: soft lockup in hsr_announce,cover_eval_cp,1,,
sect_rw,6,14692319382598dac4dee0cca30dcdf451cb5eb7,WARNING,,rate_control_rate_init,WARNING in rate_control_rate_init,cover_eval_cp,30,,
sect_rw,6,a3e578a36f004f390cbe1b9f9fc24550997067b4,BUG,soft lockup,wg_packet_send_keepalive,BUG: soft lockup in wg_packet_send_keepalive,cover_eval_cp,1,,
sect_rw,6,a452f0e64788cc908f0eebdc7cdf2c97d97d3c3b,INFO,task hung,lookup_slow,INFO: task hung in lookup_slow,cover_eval_cp,1,,
sect_rw,6,66cd5b9b3e5519d9a31ee5746f4ef404859d99d0,WARNING,,dup_task_struct,WARNING in dup_task_struct,cover_eval_cp,3,,
sect_rw,6,aac06202f00169294688682e50daecc9c98a831b,BUG,soft lockup,ieee80211_handle_queued_frames,BUG: soft lockup in ieee80211_handle_queued_frames,cover_eval_cp,8,,
sect_rw,6,fccb8983032850b7cc801635bc9d23de0c011ff0,KASAN,slab-use-after-free Read,em28xx_init_extension,KASAN: slab-use-after-free Read in em28xx_init_extension,cover_eval_cp,2,,
sect_rw,6,a6b4da7baffd25e630e39e5b0555269fa08f3e94,INFO,task hung,cleanup_net,INFO: task hung in cleanup_net,cover_eval_cp,2,,
sect_rw,6,efb8c5fe01ecb5116825ce2409485c164c048f88,BUG,,,BUG: workqueue lockup,cover_eval_cp,9,,
sect_rw,6,29db469effd8c53f14bc416758de633b4ecaf6ff,BUG,soft lockup,tcp_keepalive_timer,BUG: soft lockup in tcp_keepalive_timer,cover_eval_cp,1,,
sect_rw,6,c00fed0a9991b177120ce04c4bc50ad35f46f830,BUG,unable to handle kernel NULL pointer dereference,filldir,BUG: unable to handle kernel NULL pointer dereference in filldir,cover_eval_cp,1,,
sect_rw,6,02c21219d36edc62db775545d5206fd5a3150199,KASAN,slab-use-after-free Read,v4l2_fh_init,KASAN: slab-use-after-free Read in v4l2_fh_init,cover_eval_cp,2,,
sect_rw,6,78cdfde87b5285c5274cf9336a873c5072c53d29,WARNING,,p9_client_create,WARNING in p9_client_create,cover_eval_cp,28,,
sect_rw,6,733343303fca2ceb29ab47d7e2a5c230a0c592d6,WARNING,,vkms_get_vblank_timestamp,WARNING in vkms_get_vblank_timestamp,cover_eval_cp,2,,
sect_rw,6,7710d479d25bd92fa8c6ab0739174ea86b45b806,BUG,unable to handle kernel paging request,filldir64,BUG: unable to handle kernel paging request in filldir64,cover_eval_cp,30,,
sect_rw,6,5983a65cfeddb32fed63f8a733b3d810e05ba119,INFO,task hung,_free_event,INFO: task hung in _free_event,cover_eval_cp,1,,
sect_rw,6,b8cd92c1478d22bf00f49d211bf24287a812a0e0,INFO,task hung,bdev_release,INFO: task hung in bdev_release,cover_eval_cp,1,,
sect_rw,6,50b1d6f2fe0ed12b1cab0d134516164980c7323d,BUG,unable to handle kernel paging request,sys_pselect6,BUG: unable to handle kernel paging request in sys_pselect6,cover_eval_cp,14,,
sect_rw,6,36a86325c6d0d517177cae0323b51ae9da7de8fa,BUG,unable to handle kernel paging request,filldir,BUG: unable to handle kernel paging request in filldir,cover_eval_cp,16,,
sect_rw,6,df87226af75e2e906503e976819e1403142d677a,BUG,soft lockup,addrconf_rs_timer,BUG: soft lockup in addrconf_rs_timer,cover_eval_cp,20,,
sect_rw,6,e294c86f55213967b11a9abc18b8883ff0c8605a,SYZFATAL,,,SYZFATAL: executor NUM failed NUM times: bad comp NUM type ADDR,cover_eval_cp,100,,
sect_rw,6,63de2be03e3a7eda16f7bce15a9a80a4da54ae9c,INFO,task hung,tls_sk_proto_close,INFO: task hung in tls_sk_proto_close,cover_eval_cp,2,,
sect_rw,6,6e89ce80a10c14d6e832ef9b558bcd045825e05b,BUG,,,BUG: MAX_LOCKDEP_KEYS too low!,cover_eval_cp,1,,
sect_rw,6,3e51bb4cea12a057ab4bf22cba3cefdafeb87eaf,BUG,stack guard page was hit,io_sq_thread,BUG: stack guard page was hit in io_sq_thread,cover_eval_cp,3,,
sect_rw,6,9327c9c793f88e3d2ffb26db34233d3fc8b88f20,BUG,soft lockup,xfrm_timer_handler,BUG: soft lockup in xfrm_timer_handler,cover_eval_cp,1,,
sect_rw,6,11d137c334a427322898aa51903aed548ece812d,SYZFATAL,,,SYZFATAL: executor NUM failed NUM times: executor NUM: exit status NUM err exit status NUM,cover_eval_cp,64,,
sect_rw,6,dfc109c0cf7ead121984212eccd30401ec6dd3eb,WARNING,,ip_rt_bug,WARNING in ip_rt_bug,cover_eval_cp,4,,
sect_rw,6,62354553a886c8b88fb5d75ad0108d1806c76405,WARNING,,__folio_mark_dirty,WARNING in __folio_mark_dirty,cover_eval_cp,1,,
sect_rw,6,0418de12f4357d538dd9ae036bfe6ad4600068d5,BUG,soft lockup,aoecmd_cfg,BUG: soft lockup in aoecmd_cfg,cover_eval_cp,1,,
sect_rw,6,ce6ef2b22dd47563c725e7c93f7410f29021547b,OTHER,possible deadlock,task_rq_lock,possible deadlock in task_rq_lock,cover_eval_cp,68,,
sect_rw,6,f73b3116ad434cc9b97b908060b5e73752df3be7,WARNING,,restore_regulatory_settings,WARNING in restore_regulatory_settings,cover_eval_cp,3,,
sect_rw,6,10ea2b759f72ff5dd26bce896d853e10f00de743,OTHER,,,unregister_netdevice: waiting for DEV to become free,cover_eval_cp,2,,
sect_rw,6,b83ebc0f722370f9f7e120e759d663eb44f55efc,OTHER,,,suppressed report,cover_eval_cp,0,,
sect_rw,6,d713702b5b286b7704349bdd865755658baff3e8,KASAN,use-after-free Read,em28xx_init_extension,KASAN: use-after-free Read in em28xx_init_extension,cover_eval_cp,2,,
sect_rw,6,d870630cedefaaf2c870f9459f559a5bebb8e843,INFO,task hung,nsim_create,INFO: task hung in nsim_create,cover_eval_cp,1,,
sect_rw,6,439c37d288d4f26a33a6c7e5c57a97791453a447,OTHER,,,lost connection to test machine,cover_eval_cp,0,,
sect_rw,6,f311884ffb3006f0917bb38c3d12a48f2cafb3b0,BUG,soft lockup,NF_HOOK,BUG: soft lockup in NF_HOOK,cover_eval_cp,1,,
sect_rw,6,b439149adc4a059ec80b6e79575ba4b1ade460f3,WARNING,refcount bug,j1939_xtp_rx_cts,WARNING: refcount bug in j1939_xtp_rx_cts,cover_eval_cp,100,,
sect_rw,6,057de8d8fd45c5ae46e83f2daa1599f8d6333330,OTHER,kernel BUG,z3fold_page_migrate,kernel BUG in z3fold_page_migrate,cover_eval_cp,2,,
sect_rw,6,eb69e7ea1402b04195836e33cd82ead332e172b9,OTHER,possible deadlock,input_inject_event,possible deadlock in input_inject_event,cover_eval_cp,1,,
sect_rw,6,deb2755c3949d00e31a435f42d409dea62c98a27,BUG,soft lockup,sys_futex,BUG: soft lockup in sys_futex,cover_eval_cp,1,,
sect_rw,6,c16d8a13a5b01b10dd5b51c8277b2a34eba56d17,BUG,unable to handle kernel paging request,do_sys_poll,BUG: unable to handle kernel paging request in do_sys_poll,cover_eval_cp,23,,
sect_rw,6,a7d102b4ecfd113482425e71b004203976489fdd,SYZFATAL,,,SYZFATAL: Manager.NewInput call failed: read tcp IP:NUM->IP:NUM: i/o timeout,cover_eval_cp,1,,
sect_rw,6,dac17913a5b5246a1d1bd6734441801e03ce2b6d,BUG,stack guard page was hit,corrupted,BUG: stack guard page was hit in corrupted,cover_eval_cp,28,,
sect_rw,6,f5e68e16341d8bc960cd76ec3509b3e7a0f58dff,SYZFATAL,,,SYZFATAL: executor NUM failed NUM times: executor NUM: failed to write control pipe: write |NUM: broken pipe,cover_eval_cp,3,,
sect_rw,6,41b74e6c247526f8fa6cc88d9db735c26704c66b,WARNING,refcount bug,j1939_session_put,WARNING: refcount bug in j1939_session_put,cover_eval_cp,100,,
sect_rw,2,c34d1bbeac0e46a9296ceb76d20d231534bcdc5f,SYZFATAL,,,SYZFATAL: executor NUM failed NUM times: failed to create temp dir: mkdir ./syzkaller-testdirNUM: no space left on devic,cover_eval_cp,1,,
sect_rw,2,cbc4c6f265a721b8de45305209c4b636b1440f1d,BUG,soft lockup,mac80211_hwsim_beacon,BUG: soft lockup in mac80211_hwsim_beacon,cover_eval_cp,1,,
sect_rw,2,e9f5b11984c54cecb386b92bb20c76d5d003719f,OTHER,,,no output from test machine,cover_eval_cp,0,,
sect_rw,2,55993dff4f027c4739dbe23c44fb23013e6b3612,INFO,task hung,rfkill_global_led_trigger_worker,INFO: task hung in rfkill_global_led_trigger_worker,cover_eval_cp,1,,
sect_rw,2,69f47e275c4538c204132cc37dcf26766f7393cf,WARNING,,dput,WARNING in dput,cover_eval_cp,1,,
sect_rw,2,910e3195261654c617977513fc7cef18d9dde9bd,WARNING,,format_decode,WARNING in format_decode,cover_eval_cp,4,,
sect_rw,2,14692319382598dac4dee0cca30dcdf451cb5eb7,WARNING,,rate_control_rate_init,WARNING in rate_control_rate_init,cover_eval_cp,33,,
sect_rw,2,a452f0e64788cc908f0eebdc7cdf2c97d97d3c3b,INFO,task hung,lookup_slow,INFO: task hung in lookup_slow,cover_eval_cp,1,,
sect_rw,2,66cd5b9b3e5519d9a31ee5746f4ef404859d99d0,WARNING,,dup_task_struct,WARNING in dup_task_struct,cover_eval_cp,1,,
sect_rw,2,aac06202f00169294688682e50daecc9c98a831b,BUG,soft lockup,ieee80211_handle_queued_frames,BUG: soft lockup in ieee80211_handle_queued_frames,cover_eval_cp,6,,
sect_rw,2,fccb8983032850b7cc801635bc9d23de0c011ff0,KASAN,slab-use-after-free Read,em28xx_init_extension,KASAN: slab-use-after-free Read in em28xx_init_extension,cover_eval_cp,2,,
sect_rw,2,efb8c5fe01ecb5116825ce2409485c164c048f88,BUG,,,BUG: workqueue lockup,cover_eval_cp,4,,
sect_rw,2,96c447fce9cab7899e95a08f52a4c45da0691d56,WARNING,,__ieee80211_beacon_get,WARNING in __ieee80211_beacon_get,cover_eval_cp,1,,
sect_rw,2,c00fed0a9991b177120ce04c4bc50ad35f46f830,BUG,unable to handle kernel NULL pointer dereference,filldir,BUG: unable to handle kernel NULL pointer dereference in filldir,cover_eval_cp,1,,
sect_rw,2,02c21219d36edc62db775545d5206fd5a3150199,KASAN,slab-use-after-free Read,v4l2_fh_init,KASAN: slab-use-after-free Read in v4l2_fh_init,cover_eval_cp,1,,
sect_rw,2,78cdfde87b5285c5274cf9336a873c5072c53d29,WARNING,,p9_client_create,WARNING in p9_client_create,cover_eval_cp,22,,
sect_rw,2,733343303fca2ceb29ab47d7e2a5c230a0c592d6,WARNING,,vkms_get_vblank_timestamp,WARNING in vkms_get_vblank_timestamp,cover_eval_cp,1,,
sect_rw,2,7710d479d25bd92fa8c6ab0739174ea86b45b806,BUG,unable to handle kernel paging request,filldir64,BUG: unable to handle kernel paging request in filldir64,cover_eval_cp,21,,
sect_rw,2,5983a65cfeddb32fed63f8a733b3d810e05ba119,INFO,task hung,_free_event,INFO: task hung in _free_event,cover_eval_cp,1,,
sect_rw,2,b8cd92c1478d22bf00f49d211bf24287a812a0e0,INFO,task hung,bdev_release,INFO: task hung in bdev_release,cover_eval_cp,2,,
sect_rw,2,50b1d6f2fe0ed12b1cab0d134516164980c7323d,BUG,unable to handle kernel paging request,sys_pselect6,BUG: unable to handle kernel paging request in sys_pselect6,cover_eval_cp,21,,
sect_rw,2,36a86325c6d0d517177cae0323b51ae9da7de8fa,BUG,unable to handle kernel paging request,filldir,BUG: unable to handle kernel paging request in filldir,cover_eval_cp,13,,
sect_rw,2,df87226af75e2e906503e976819e1403142d677a,BUG,soft lockup,addrconf_rs_timer,BUG: soft lockup in addrconf_rs_timer,cover_eval_cp,13,,
sect_rw,2,e294c86f55213967b11a9abc18b8883ff0c8605a,SYZFATAL,,,SYZFATAL: executor NUM failed NUM times: bad comp NUM type ADDR,cover_eval_cp,100,,
sect_rw,2,63de2be03e3a7eda16f7bce15a9a80a4da54ae9c,INFO,task hung,tls_sk_proto_close,INFO: task hung in tls_sk_proto_close,cover_eval_cp,1,,
sect_rw,2,1a6abe077825183e67b67c3313ea6f99a992fe86,INFO,rcu detected stall,corrupted,INFO: rcu detected stall in corrupted,cover_eval_cp,1,,
sect_rw,2,c55cf6656ce82c7ebd3e26802512fcba3d7d28ca,SYZFATAL,,,SYZFATAL: executor NUM failed NUM times: executor NUM: exit status NUM err signal: killed,cover_eval_cp,2,,
sect_rw,2,6e89ce80a10c14d6e832ef9b558bcd045825e05b,BUG,,,BUG: MAX_LOCKDEP_KEYS too low!,cover_eval_cp,3,,
sect_rw,2,f75a938fff71c7087689f28272e1e55ac4c89ec2,BUG,soft lockup,br_forward_delay_timer_expired,BUG: soft lockup in br_forward_delay_timer_expired,cover_eval_cp,1,,
sect_rw,2,81ece6825b8fffb53f8fa281d8686695b24285a7,BUG,soft lockup,do_idle,BUG: soft lockup in do_idle,cover_eval_cp,1,,
sect_rw,2,3e51bb4cea12a057ab4bf22cba3cefdafeb87eaf,BUG,stack guard page was hit,io_sq_thread,BUG: stack guard page was hit in io_sq_thread,cover_eval_cp,3,,
sect_rw,2,11d137c334a427322898aa51903aed548ece812d,SYZFATAL,,,SYZFATAL: executor NUM failed NUM times: executor NUM: exit status NUM err exit status NUM,cover_eval_cp,85,,
sect_rw,2,dfc109c0cf7ead121984212eccd30401ec6dd3eb,WARNING,,ip_rt_bug,WARNING in ip_rt_bug,cover_eval_cp,3,,
sect_rw,2,3a4c59087c2c4236dac8c3ebe5d28f5c5fe5f3ff,INFO,task hung,switchdev_deferred_process_work,INFO: task hung in switchdev_deferred_process_work,cover_eval_cp,1,,
sect_rw,2,ce6ef2b22dd47563c725e7c93f7410f29021547b,OTHER,possible deadlock,task_rq_lock,possible deadlock in task_rq_lock,cover_eval_cp,68,,
sect_rw,2,f73b3116ad434cc9b97b908060b5e73752df3be7,WARNING,,restore_regulatory_settings,WARNING in restore_regulatory_settings,cover_eval_cp,2,,
sect_rw,2,10ea2b759f72ff5dd26bce896d853e10f00de743,OTHER,,,unregister_netdevice: waiting for DEV to become free,cover_eval_cp,4,,
sect_rw,2,b83ebc0f722370f9f7e120e759d663eb44f55efc,OTHER,,,suppressed report,cover_eval_cp,0,,
sect_rw,2,72a70f17b906a2832412308aeacf6dd4ee13e5e1,INFO,rcu detected stall,rw_verify_area,INFO: rcu detected stall in rw_verify_area,cover_eval_cp,1,,
sect_rw,2,d713702b5b286b7704349bdd865755658baff3e8,KASAN,use-after-free Read,em28xx_init_extension,KASAN: use-after-free Read in em28xx_init_extension,cover_eval_cp,1,,
sect_rw,2,d870630cedefaaf2c870f9459f559a5bebb8e843,INFO,task hung,nsim_create,INFO: task hung in nsim_create,cover_eval_cp,1,,
sect_rw,2,439c37d288d4f26a33a6c7e5c57a97791453a447,OTHER,,,lost connection to test machine,cover_eval_cp,0,,
sect_rw,2,09a650f7fd6360cfe594f52776cd08e4dea82d6f,INFO,task hung,__rq_qos_throttle,INFO: task hung in __rq_qos_throttle,cover_eval_cp,1,,
sect_rw,2,f311884ffb3006f0917bb38c3d12a48f2cafb3b0,BUG,soft lockup,NF_HOOK,BUG: soft lockup in NF_HOOK,cover_eval_cp,1,,
sect_rw,2,b439149adc4a059ec80b6e79575ba4b1ade460f3,WARNING,refcount bug,j1939_xtp_rx_cts,WARNING: refcount bug in j1939_xtp_rx_cts,cover_eval_cp,100,,
sect_rw,2,eb69e7ea1402b04195836e33cd82ead332e172b9,OTHER,possible deadlock,input_inject_event,possible deadlock in input_inject_event,cover_eval_cp,2,,
sect_rw,2,c16d8a13a5b01b10dd5b51c8277b2a34eba56d17,BUG,unable to handle kernel paging request,do_sys_poll,BUG: unable to handle kernel paging request in do_sys_poll,cover_eval_cp,26,,
sect_rw,2,5fe68c0f763c3644339804aa8a096294a4115723,BUG,soft lockup,neigh_timer_handler,BUG: soft lockup in neigh_timer_handler,cover_eval_cp,1,,
sect_rw,2,dac17913a5b5246a1d1bd6734441801e03ce2b6d,BUG,stack guard page was hit,corrupted,BUG: stack guard page was hit in corrupted,cover_eval_cp,25,,
sect_rw,2,f5e68e16341d8bc960cd76ec3509b3e7a0f58dff,SYZFATAL,,,SYZFATAL: executor NUM failed NUM times: executor NUM: failed to write control pipe: write |NUM: broken pipe,cover_eval_cp,1,,
sect_rw,2,41b74e6c247526f8fa6cc88d9db735c26704c66b,WARNING,refcount bug,j1939_session_put,WARNING: refcount bug in j1939_session_put,cover_eval_cp,100,,
sect_rw,7,cbc4c6f265a721b8de45305209c4b636b1440f1d,BUG,soft lockup,mac80211_hwsim_beacon,BUG: soft lockup in mac80211_hwsim_beacon,cover_eval_cp,1,,
sect_rw,7,e9f5b11984c54cecb386b92bb20c76d5d003719f,OTHER,,,no output from test machine,cover_eval_cp,0,,
sect_rw,7,8a1638229db60175d7fa5e570f8e450a1b567a94,WARNING,,ieee80211_start_next_roc,WARNING in ieee80211_start_next_roc,cover_eval_cp,1,,
sect_rw,7,69f47e275c4538c204132cc37dcf26766f7393cf,WARNING,,dput,WARNING in dput,cover_eval_cp,1,,
sect_rw,7,910e3195261654c617977513fc7cef18d9dde9bd,WARNING,,format_decode,WARNING in format_decode,cover_eval_cp,2,,
sect_rw,7,14692319382598dac4dee0cca30dcdf451cb5eb7,WARNING,,rate_control_rate_init,WARNING in rate_control_rate_init,cover_eval_cp,34,,
sect_rw,7,2f43513776335724f22aac1b056b930da4b84aff,SYZFATAL,,,SYZFATAL: executor NUM failed NUM times: executor NUM: not serving,cover_eval_cp,1,,
sect_rw,7,4246a83f2d80e1ae9289025ab9e616e26d66b38c,BUG,soft lockup,br_handle_frame,BUG: soft lockup in br_handle_frame,cover_eval_cp,1,,
sect_rw,7,66cd5b9b3e5519d9a31ee5746f4ef404859d99d0,WARNING,,dup_task_struct,WARNING in dup_task_struct,cover_eval_cp,1,,
sect_rw,7,fccb8983032850b7cc801635bc9d23de0c011ff0,KASAN,slab-use-after-free Read,em28xx_init_extension,KASAN: slab-use-after-free Read in em28xx_init_extension,cover_eval_cp,1,,
sect_rw,7,a6b4da7baffd25e630e39e5b0555269fa08f3e94,INFO,task hung,cleanup_net,INFO: task hung in cleanup_net,cover_eval_cp,2,,
sect_rw,7,efb8c5fe01ecb5116825ce2409485c164c048f88,BUG,,,BUG: workqueue lockup,cover_eval_cp,7,,
sect_rw,7,0dd1c95c6a91d5a3394fc84e5dbf33e96c48e708,INFO,task hung,con_install,INFO: task hung in con_install,cover_eval_cp,1,,
sect_rw,7,02c21219d36edc62db775545d5206fd5a3150199,KASAN,slab-use-after-free Read,v4l2_fh_init,KASAN: slab-use-after-free Read in v4l2_fh_init,cover_eval_cp,1,,
sect_rw,7,78cdfde87b5285c5274cf9336a873c5072c53d29,WARNING,,p9_client_create,WARNING in p9_client_create,cover_eval_cp,27,,
sect_rw,7,37936123c8f81e38405258568172f9767d444d94,KASAN,slab-use-after-free Read,em28xx_release_resources,KASAN: slab-use-after-free Read in em28xx_release_resources,cover_eval_cp,2,,
sect_rw,7,7710d479d25bd92fa8c6ab0739174ea86b45b806,BUG,unable to handle kernel paging request,filldir64,BUG: unable to handle kernel paging request in filldir64,cover_eval_cp,18,,
sect_rw,7,5983a65cfeddb32fed63f8a733b3d810e05ba119,INFO,task hung,_free_event,INFO: task hung in _free_event,cover_eval_cp,1,,
sect_rw,7,b8cd92c1478d22bf00f49d211bf24287a812a0e0,INFO,task hung,bdev_release,INFO: task hung in bdev_release,cover_eval_cp,3,,
sect_rw,7,50b1d6f2fe0ed12b1cab0d134516164980c7323d,BUG,unable to handle kernel paging request,sys_pselect6,BUG: unable to handle kernel paging request in sys_pselect6,cover_eval_cp,15,,
sect_rw,7,36a86325c6d0d517177cae0323b51ae9da7de8fa,BUG,unable to handle kernel paging request,filldir,BUG: unable to handle kernel paging request in filldir,cover_eval_cp,12,,
sect_rw,7,df87226af75e2e906503e976819e1403142d677a,BUG,soft lockup,addrconf_rs_timer,BUG: soft lockup in addrconf_rs_timer,cover_eval_cp,8,,
sect_rw,7,3056e0207567b5ab2df376e1400f858b88d0f665,OTHER,kernel BUG,zero_user_segments,kernel BUG in zero_user_segments,cover_eval_cp,1,,
sect_rw,7,e294c86f55213967b11a9abc18b8883ff0c8605a,SYZFATAL,,,SYZFATAL: executor NUM failed NUM times: bad comp NUM type ADDR,cover_eval_cp,100,,
sect_rw,7,4ecda27d97e590e179a8c967d0b1615224f921fd,WARNING,,reserve_ds_buffers,WARNING in reserve_ds_buffers,cover_eval_cp,1,,
sect_rw,7,3e51bb4cea12a057ab4bf22cba3cefdafeb87eaf,BUG,stack guard page was hit,io_sq_thread,BUG: stack guard page was hit in io_sq_thread,cover_eval_cp,3,,
sect_rw,7,11d137c334a427322898aa51903aed548ece812d,SYZFATAL,,,SYZFATAL: executor NUM failed NUM times: executor NUM: exit status NUM err exit status NUM,cover_eval_cp,62,,
sect_rw,7,dfc109c0cf7ead121984212eccd30401ec6dd3eb,WARNING,,ip_rt_bug,WARNING in ip_rt_bug,cover_eval_cp,4,,
sect_rw,7,62354553a886c8b88fb5d75ad0108d1806c76405,WARNING,,__folio_mark_dirty,WARNING in __folio_mark_dirty,cover_eval_cp,3,,
sect_rw,7,fe781548d0a22bdbc3f703fc26dd1c43b0da5914,INFO,task hung,linkwatch_event,INFO: task hung in linkwatch_event,cover_eval_cp,2,,
sect_rw,7,0418de12f4357d538dd9ae036bfe6ad4600068d5,BUG,soft lockup,aoecmd_cfg,BUG: soft lockup in aoecmd_cfg,cover_eval_cp,1,,
sect_rw,7,ce6ef2b22dd47563c725e7c93f7410f29021547b,OTHER,possible deadlock,task_rq_lock,possible deadlock in task_rq_lock,cover_eval_cp,65,,
sect_rw,7,f73b3116ad434cc9b97b908060b5e73752df3be7,WARNING,,restore_regulatory_settings,WARNING in restore_regulatory_settings,cover_eval_cp,1,,
sect_rw,7,10ea2b759f72ff5dd26bce896d853e10f00de743,OTHER,,,unregister_netdevice: waiting for DEV to become free,cover_eval_cp,2,,
sect_rw,7,b83ebc0f722370f9f7e120e759d663eb44f55efc,OTHER,,,suppressed report,cover_eval_cp,2,,
sect_rw,7,439c37d288d4f26a33a6c7e5c57a97791453a447,OTHER,,,lost connection to test machine,cover_eval_cp,0,,
sect_rw,7,f311884ffb3006f0917bb38c3d12a48f2cafb3b0,BUG,soft lockup,NF_HOOK,BUG: soft lockup in NF_HOOK,cover_eval_cp,1,,
sect_rw,7,86c1a76cfd5a672df1ef9fd2e6aa0951413a2412,WARNING,,kthread_worker_fn,WARNING in kthread_worker_fn,cover_eval_cp,1,,
sect_rw,7,b439149adc4a059ec80b6e79575ba4b1ade460f3,WARNING,refcount bug,j1939_xtp_rx_cts,WARNING: refcount bug in j1939_xtp_rx_cts,cover_eval_cp,100,,
sect_rw,7,f48cc881b60886898c7e47830174497c7718d0a3,WARNING,,media_create_pad_link,WARNING in media_create_pad_link,cover_eval_cp,1,,
sect_rw,7,c16d8a13a5b01b10dd5b51c8277b2a34eba56d17,BUG,unable to handle kernel paging request,do_sys_poll,BUG: unable to handle kernel paging request in do_sys_poll,cover_eval_cp,31,,
sect_rw,7,dac17913a5b5246a1d1bd6734441801e03ce2b6d,BUG,stack guard page was hit,corrupted,BUG: stack guard page was hit in corrupted,cover_eval_cp,33,,
sect_rw,7,f5e68e16341d8bc960cd76ec3509b3e7a0f58dff,SYZFATAL,,,SYZFATAL: executor NUM failed NUM times: executor NUM: failed to write control pipe: write |NUM: broken pipe,cover_eval_cp,2,,
sect_rw,7,4c1dceb01dec061b63593f149cf10429fa012309,OTHER,possible deadlock,__perf_install_in_context,possible deadlock in __perf_install_in_context,cover_eval_cp,1,,
sect_rw,7,41b74e6c247526f8fa6cc88d9db735c26704c66b,WARNING,refcount bug,j1939_session_put,WARNING: refcount bug in j1939_session_put,cover_eval_cp,100,,
sect_rw,11,c34d1bbeac0e46a9296ceb76d20d231534bcdc5f,SYZFATAL,,,SYZFATAL: executor NUM failed NUM times: failed to create temp dir: mkdir ./syzkaller-testdirNUM: no space left on devic,cover_eval_cp,1,,
sect_rw,11,e9f5b11984c54cecb386b92bb20c76d5d003719f,OTHER,,,no output from test machine,cover_eval_cp,0,,
sect_rw,11,8a1638229db60175d7fa5e570f8e450a1b567a94,WARNING,,ieee80211_start_next_roc,WARNING in ieee80211_start_next_roc,cover_eval_cp,1,,
sect_rw,11,4a5eb99ffff5749ea30d65b6652bb2ca9ce59b6c,BUG,unable to handle kernel paging request,put_cmsg,BUG: unable to handle kernel paging request in put_cmsg,cover_eval_cp,3,,
sect_rw,11,910e3195261654c617977513fc7cef18d9dde9bd,WARNING,,format_decode,WARNING in format_decode,cover_eval_cp,2,,
sect_rw,11,a0e28bdf8d48370fcc10e1f8ea4365b0c187eebe,BUG,soft lockup,hsr_announce,BUG: soft lockup in hsr_announce,cover_eval_cp,2,,
sect_rw,11,14692319382598dac4dee0cca30dcdf451cb5eb7,WARNING,,rate_control_rate_init,WARNING in rate_control_rate_init,cover_eval_cp,29,,
sect_rw,11,a176177686af4b48302a4b5af46bdedd14362bc8,INFO,task hung,con_get_unimap,INFO: task hung in con_get_unimap,cover_eval_cp,1,,
sect_rw,11,a452f0e64788cc908f0eebdc7cdf2c97d97d3c3b,INFO,task hung,lookup_slow,INFO: task hung in lookup_slow,cover_eval_cp,1,,
sect_rw,11,aac06202f00169294688682e50daecc9c98a831b,BUG,soft lockup,ieee80211_handle_queued_frames,BUG: soft lockup in ieee80211_handle_queued_frames,cover_eval_cp,4,,
sect_rw,11,972be4156c4dc35f22a107eb9526698fcb412be4,BUG,soft lockup,__run_timer_base,BUG: soft lockup in __run_timer_base,cover_eval_cp,1,,
sect_rw,11,a6b4da7baffd25e630e39e5b0555269fa08f3e94,INFO,task hung,cleanup_net,INFO: task hung in cleanup_net,cover_eval_cp,2,,
sect_rw,11,efb8c5fe01ecb5116825ce2409485c164c048f88,BUG,,,BUG: workqueue lockup,cover_eval_cp,3,,
sect_rw,11,96c447fce9cab7899e95a08f52a4c45da0691d56,WARNING,,__ieee80211_beacon_get,WARNING in __ieee80211_beacon_get,cover_eval_cp,1,,
sect_rw,11,d88e5cc81f8ea6448f7099948787e3f6662b2633,WARNING,,ext4_journal_check_start,WARNING in ext4_journal_check_start,cover_eval_cp,1,,
sect_rw,11,02c21219d36edc62db775545d5206fd5a3150199,KASAN,slab-use-after-free Read,v4l2_fh_init,KASAN: slab-use-after-free Read in v4l2_fh_init,cover_eval_cp,3,,
sect_rw,11,78cdfde87b5285c5274cf9336a873c5072c53d29,WARNING,,p9_client_create,WARNING in p9_client_create,cover_eval_cp,32,,
sect_rw,11,7710d479d25bd92fa8c6ab0739174ea86b45b806,BUG,unable to handle kernel paging request,filldir64,BUG: unable to handle kernel paging request in filldir64,cover_eval_cp,25,,
sect_rw,11,5983a65cfeddb32fed63f8a733b3d810e05ba119,INFO,task hung,_free_event,INFO: task hung in _free_event,cover_eval_cp,2,,
sect_rw,11,b8cd92c1478d22bf00f49d211bf24287a812a0e0,INFO,task hung,bdev_release,INFO: task hung in bdev_release,cover_eval_cp,16,,
sect_rw,11,1cfc5961253150e57f78c72382088daaa1b666a8,INFO,task hung,usbdev_open,INFO: task hung in usbdev_open,cover_eval_cp,1,,
sect_rw,11,50b1d6f2fe0ed12b1cab0d134516164980c7323d,BUG,unable to handle kernel paging request,sys_pselect6,BUG: unable to handle kernel paging request in sys_pselect6,cover_eval_cp,38,,
sect_rw,11,86fc217b03c88aa11dd51130d3a13f0cfebe9db7,BUG,soft lockup,smp_call_function,BUG: soft lockup in smp_call_function,cover_eval_cp,1,,
sect_rw,11,36a86325c6d0d517177cae0323b51ae9da7de8fa,BUG,unable to handle kernel paging request,filldir,BUG: unable to handle kernel paging request in filldir,cover_eval_cp,21,,
sect_rw,11,df87226af75e2e906503e976819e1403142d677a,BUG,soft lockup,addrconf_rs_timer,BUG: soft lockup in addrconf_rs_timer,cover_eval_cp,17,,
sect_rw,11,63de2be03e3a7eda16f7bce15a9a80a4da54ae9c,INFO,task hung,tls_sk_proto_close,INFO: task hung in tls_sk_proto_close,cover_eval_cp,2,,
sect_rw,11,6e89ce80a10c14d6e832ef9b558bcd045825e05b,BUG,,,BUG: MAX_LOCKDEP_KEYS too low!,cover_eval_cp,3,,
sect_rw,11,971890fe5480ab913cb6945227ae22f3c822f6ec,INFO,task hung,blkdev_fallocate,INFO: task hung in blkdev_fallocate,cover_eval_cp,1,,
sect_rw,11,81ece6825b8fffb53f8fa281d8686695b24285a7,BUG,soft lockup,do_idle,BUG: soft lockup in do_idle,cover_eval_cp,1,,
sect_rw,11,3e51bb4cea12a057ab4bf22cba3cefdafeb87eaf,BUG,stack guard page was hit,io_sq_thread,BUG: stack guard page was hit in io_sq_thread,cover_eval_cp,2,,
sect_rw,11,11d137c334a427322898aa51903aed548ece812d,SYZFATAL,,,SYZFATAL: executor NUM failed NUM times: executor NUM: exit status NUM err exit status NUM,cover_eval_cp,71,,
sect_rw,11,dfc109c0cf7ead121984212eccd30401ec6dd3eb,WARNING,,ip_rt_bug,WARNING in ip_rt_bug,cover_eval_cp,3,,
sect_rw,11,62354553a886c8b88fb5d75ad0108d1806c76405,WARNING,,__folio_mark_dirty,WARNING in __folio_mark_dirty,cover_eval_cp,1,,
sect_rw,11,0418de12f4357d538dd9ae036bfe6ad4600068d5,BUG,soft lockup,aoecmd_cfg,BUG: soft lockup in aoecmd_cfg,cover_eval_cp,1,,
sect_rw,11,9d511333ca910fa938fb14a0a82f40458bb615dc,BUG,soft lockup,call_timer_fn,BUG: soft lockup in call_timer_fn,cover_eval_cp,1,,
sect_rw,11,ce6ef2b22dd47563c725e7c93f7410f29021547b,OTHER,possible deadlock,task_rq_lock,possible deadlock in task_rq_lock,cover_eval_cp,44,,
sect_rw,11,40c6f30e833b87c22e55936f88c40513e45b4da8,INFO,task hung,ppp_exit_net,INFO: task hung in ppp_exit_net,cover_eval_cp,1,,
sect_rw,11,f73b3116ad434cc9b97b908060b5e73752df3be7,WARNING,,restore_regulatory_settings,WARNING in restore_regulatory_settings,cover_eval_cp,3,,
sect_rw,11,10ea2b759f72ff5dd26bce896d853e10f00de743,OTHER,,,unregister_netdevice: waiting for DEV to become free,cover_eval_cp,1,,
sect_rw,11,b83ebc0f722370f9f7e120e759d663eb44f55efc,OTHER,,,suppressed report,cover_eval_cp,3,,
sect_rw,11,c7bef9a5b3324959844ec200a0dc227b249903f9,INFO,task hung,iterate_supers,INFO: task hung in iterate_supers,cover_eval_cp,1,,
sect_rw,11,d870630cedefaaf2c870f9459f559a5bebb8e843,INFO,task hung,nsim_create,INFO: task hung in nsim_create,cover_eval_cp,1,,
sect_rw,11,439c37d288d4f26a33a6c7e5c57a97791453a447,OTHER,,,lost connection to test machine,cover_eval_cp,0,,
sect_rw,11,de16f1718b80e2f19b307386949d3584cd059a23,INFO,task hung,__fuse_simple_request,INFO: task hung in __fuse_simple_request,cover_eval_cp,1,,
sect_rw,11,86c1a76cfd5a672df1ef9fd2e6aa0951413a2412,WARNING,,kthread_worker_fn,WARNING in kthread_worker_fn,cover_eval_cp,1,,
sect_rw,11,b439149adc4a059ec80b6e79575ba4b1ade460f3,WARNING,refcount bug,j1939_xtp_rx_cts,WARNING: refcount bug in j1939_xtp_rx_cts,cover_eval_cp,100,,
sect_rw,11,057de8d8fd45c5ae46e83f2daa1599f8d6333330,OTHER,kernel BUG,z3fold_page_migrate,kernel BUG in z3fold_page_migrate,cover_eval_cp,1,,
sect_rw,11,eb69e7ea1402b04195836e33cd82ead332e172b9,OTHER,possible deadlock,input_inject_event,possible deadlock in input_inject_event,cover_eval_cp,4,,
sect_rw,11,c16d8a13a5b01b10dd5b51c8277b2a34eba56d17,BUG,unable to handle kernel paging request,do_sys_poll,BUG: unable to handle kernel paging request in do_sys_poll,cover_eval_cp,36,,
sect_rw,11,a7d102b4ecfd113482425e71b004203976489fdd,SYZFATAL,,,SYZFATAL: Manager.NewInput call failed: read tcp IP:NUM->IP:NUM: i/o timeout,cover_eval_cp,1,,
sect_rw,11,40e12d12cb3785d16de5fcf71c9b99ce79ff831c,INFO,task hung,addrconf_dad_work,INFO: task hung in addrconf_dad_work,cover_eval_cp,1,,
sect_rw,11,cae8bb33426999ce532ef5a7662e357e02fe6415,OTHER,possible deadlock,input_event,possible deadlock in input_event,cover_eval_cp,1,,
sect_rw,11,dac17913a5b5246a1d1bd6734441801e03ce2b6d,BUG,stack guard page was hit,corrupted,BUG: stack guard page was hit in corrupted,cover_eval_cp,47,,
sect_rw,11,f5e68e16341d8bc960cd76ec3509b3e7a0f58dff,SYZFATAL,,,SYZFATAL: executor NUM failed NUM times: executor NUM: failed to write control pipe: write |NUM: broken pipe,cover_eval_cp,1,,
sect_rw,11,4c1dceb01dec061b63593f149cf10429fa012309,OTHER,possible deadlock,__perf_install_in_context,possible deadlock in __perf_install_in_context,cover_eval_cp,1,,
sect_rw,11,41b74e6c247526f8fa6cc88d9db735c26704c66b,WARNING,refcount bug,j1939_session_put,WARNING: refcount bug in j1939_session_put,cover_eval_cp,100,,
sect_rw,0,cbc4c6f265a721b8de45305209c4b636b1440f1d,BUG,soft lockup,mac80211_hwsim_beacon,BUG: soft lockup in mac80211_hwsim_beacon,cover_eval_cp,2,,
sect_rw,0,e9f5b11984c54cecb386b92bb20c76d5d003719f,OTHER,,,no output from test machine,cover_eval_cp,0,,
sect_rw,0,8a1638229db60175d7fa5e570f8e450a1b567a94,WARNING,,ieee80211_start_next_roc,WARNING in ieee80211_start_next_roc,cover_eval_cp,1,,
sect_rw,0,8e50a706a7297429d83dda6869db082165d7a722,BUG,soft lockup,bpf_timer_cb,BUG: soft lockup in bpf_timer_cb,cover_eval_cp,1,,
sect_rw,0,4a5eb99ffff5749ea30d65b6652bb2ca9ce59b6c,BUG,unable to handle kernel paging request,put_cmsg,BUG: unable to handle kernel paging request in put_cmsg,cover_eval_cp,3,,
sect_rw,0,a726bdbfdf37ab73c078dcf88e3249d9ec47fbf9,INFO,task hung,gfs2_jhead_process_page,INFO: task hung in gfs2_jhead_process_page,cover_eval_cp,1,,
sect_rw,0,910e3195261654c617977513fc7cef18d9dde9bd,WARNING,,format_decode,WARNING in format_decode,cover_eval_cp,2,,
sect_rw,0,a0e28bdf8d48370fcc10e1f8ea4365b0c187eebe,BUG,soft lockup,hsr_announce,BUG: soft lockup in hsr_announce,cover_eval_cp,2,,
sect_rw,0,14692319382598dac4dee0cca30dcdf451cb5eb7,WARNING,,rate_control_rate_init,WARNING in rate_control_rate_init,cover_eval_cp,24,,
sect_rw,0,2393a8d268a9d81442e5a226c2b5b4fb3e579476,BUG,soft lockup,macvlan_handle_frame,BUG: soft lockup in macvlan_handle_frame,cover_eval_cp,1,,
sect_rw,0,a452f0e64788cc908f0eebdc7cdf2c97d97d3c3b,INFO,task hung,lookup_slow,INFO: task hung in lookup_slow,cover_eval_cp,1,,
sect_rw,0,66cd5b9b3e5519d9a31ee5746f4ef404859d99d0,WARNING,,dup_task_struct,WARNING in dup_task_struct,cover_eval_cp,2,,
sect_rw,0,aac06202f00169294688682e50daecc9c98a831b,BUG,soft lockup,ieee80211_handle_queued_frames,BUG: soft lockup in ieee80211_handle_queued_frames,cover_eval_cp,5,,
sect_rw,0,a6b4da7baffd25e630e39e5b0555269fa08f3e94,INFO,task hung,cleanup_net,INFO: task hung in cleanup_net,cover_eval_cp,2,,
sect_rw,0,efb8c5fe01ecb5116825ce2409485c164c048f88,BUG,,,BUG: workqueue lockup,cover_eval_cp,8,,
sect_rw,0,3474b4f1e6a694d78abe6e53923207efeee5eb46,INFO,task hung,synchronize_rcu,INFO: task hung in synchronize_rcu,cover_eval_cp,1,,
sect_rw,0,78cdfde87b5285c5274cf9336a873c5072c53d29,WARNING,,p9_client_create,WARNING in p9_client_create,cover_eval_cp,18,,
sect_rw,0,7710d479d25bd92fa8c6ab0739174ea86b45b806,BUG,unable to handle kernel paging request,filldir64,BUG: unable to handle kernel paging request in filldir64,cover_eval_cp,19,,
sect_rw,0,5983a65cfeddb32fed63f8a733b3d810e05ba119,INFO,task hung,_free_event,INFO: task hung in _free_event,cover_eval_cp,1,,
sect_rw,0,b8cd92c1478d22bf00f49d211bf24287a812a0e0,INFO,task hung,bdev_release,INFO: task hung in bdev_release,cover_eval_cp,7,,
sect_rw,0,2d5ddc28d1065b21d87d6d32fd383387eff9a23e,KASAN,slab-use-after-free Read,__ethtool_get_link_ksettings,KASAN: slab-use-after-free Read in __ethtool_get_link_ksettings,cover_eval_cp,1,,
sect_rw,0,50b1d6f2fe0ed12b1cab0d134516164980c7323d,BUG,unable to handle kernel paging request,sys_pselect6,BUG: unable to handle kernel paging request in sys_pselect6,cover_eval_cp,23,,
sect_rw,0,36a86325c6d0d517177cae0323b51ae9da7de8fa,BUG,unable to handle kernel paging request,filldir,BUG: unable to handle kernel paging request in filldir,cover_eval_cp,15,,
sect_rw,0,df87226af75e2e906503e976819e1403142d677a,BUG,soft lockup,addrconf_rs_timer,BUG: soft lockup in addrconf_rs_timer,cover_eval_cp,15,,
sect_rw,0,dd029cbcea11e425c68d1b389d148057eb3cc789,BUG,soft lockup,ip_list_rcv,BUG: soft lockup in ip_list_rcv,cover_eval_cp,1,,
sect_rw,0,e294c86f55213967b11a9abc18b8883ff0c8605a,SYZFATAL,,,SYZFATAL: executor NUM failed NUM times: bad comp NUM type ADDR,cover_eval_cp,100,,
sect_rw,0,1a6abe077825183e67b67c3313ea6f99a992fe86,INFO,rcu detected stall,corrupted,INFO: rcu detected stall in corrupted,cover_eval_cp,1,,
sect_rw,0,f75a938fff71c7087689f28272e1e55ac4c89ec2,BUG,soft lockup,br_forward_delay_timer_expired,BUG: soft lockup in br_forward_delay_timer_expired,cover_eval_cp,1,,
sect_rw,0,3e51bb4cea12a057ab4bf22cba3cefdafeb87eaf,BUG,stack guard page was hit,io_sq_thread,BUG: stack guard page was hit in io_sq_thread,cover_eval_cp,6,,
sect_rw,0,295c0dc164c3fcf583aa4a873bea301927c81b66,BUG,corrupted list,em28xx_init_extension,BUG: corrupted list in em28xx_init_extension,cover_eval_cp,1,,
sect_rw,0,11d137c334a427322898aa51903aed548ece812d,SYZFATAL,,,SYZFATAL: executor NUM failed NUM times: executor NUM: exit status NUM err exit status NUM,cover_eval_cp,49,,
sect_rw,0,dfc109c0cf7ead121984212eccd30401ec6dd3eb,WARNING,,ip_rt_bug,WARNING in ip_rt_bug,cover_eval_cp,4,,
sect_rw,0,62354553a886c8b88fb5d75ad0108d1806c76405,WARNING,,__folio_mark_dirty,WARNING in __folio_mark_dirty,cover_eval_cp,1,,
sect_rw,0,fe781548d0a22bdbc3f703fc26dd1c43b0da5914,INFO,task hung,linkwatch_event,INFO: task hung in linkwatch_event,cover_eval_cp,1,,
sect_rw,0,ce6ef2b22dd47563c725e7c93f7410f29021547b,OTHER,possible deadlock,task_rq_lock,possible deadlock in task_rq_lock,cover_eval_cp,74,,
sect_rw,0,f73b3116ad434cc9b97b908060b5e73752df3be7,WARNING,,restore_regulatory_settings,WARNING in restore_regulatory_settings,cover_eval_cp,2,,
sect_rw,0,10ea2b759f72ff5dd26bce896d853e10f00de743,OTHER,,,unregister_netdevice: waiting for DEV to become free,cover_eval_cp,1,,
sect_rw,0,b83ebc0f722370f9f7e120e759d663eb44f55efc,OTHER,,,suppressed report,cover_eval_cp,1,,
sect_rw,0,d713702b5b286b7704349bdd865755658baff3e8,KASAN,use-after-free Read,em28xx_init_extension,KASAN: use-after-free Read in em28xx_init_extension,cover_eval_cp,2,,
sect_rw,0,ee7850872969c3bfab510b6d62cf191d2945c599,BUG,soft lockup,corrupted,BUG: soft lockup in corrupted,cover_eval_cp,1,,
sect_rw,0,b439149adc4a059ec80b6e79575ba4b1ade460f3,WARNING,refcount bug,j1939_xtp_rx_cts,WARNING: refcount bug in j1939_xtp_rx_cts,cover_eval_cp,100,,
sect_rw,0,8429fac7ca2c8d6abcc8a6e33b70d552ba0517a5,INFO,task hung,ieee80211_unregister_hw,INFO: task hung in ieee80211_unregister_hw,cover_eval_cp,1,,
sect_rw,0,eb69e7ea1402b04195836e33cd82ead332e172b9,OTHER,possible deadlock,input_inject_event,possible deadlock in input_inject_event,cover_eval_cp,1,,
sect_rw,0,c16d8a13a5b01b10dd5b51c8277b2a34eba56d17,BUG,unable to handle kernel paging request,do_sys_poll,BUG: unable to handle kernel paging request in do_sys_poll,cover_eval_cp,18,,
sect_rw,0,dac17913a5b5246a1d1bd6734441801e03ce2b6d,BUG,stack guard page was hit,corrupted,BUG: stack guard page was hit in corrupted,cover_eval_cp,22,,
sect_rw,0,4c1dceb01dec061b63593f149cf10429fa012309,OTHER,possible deadlock,__perf_install_in_context,possible deadlock in __perf_install_in_context,cover_eval_cp,2,,
sect_rw,0,327e4d4aa7741aa1034058cb4db0227a4fa34bc3,INFO,rcu detected stall,sys_futex,INFO: rcu detected stall in sys_futex,cover_eval_cp,1,,
sect_rw,0,41b74e6c247526f8fa6cc88d9db735c26704c66b,WARNING,refcount bug,j1939_session_put,WARNING: refcount bug in j1939_session_put,cover_eval_cp,100,,
sect_pos,8,e9f5b11984c54cecb386b92bb20c76d5d003719f,OTHER,,,no output from test machine,cover_eval_cp,0,,
sect_pos,8,8a1638229db60175d7fa5e570f8e450a1b567a94,WARNING,,ieee80211_start_next_roc,WARNING in ieee80211_start_next_roc,cover_eval_cp,1,,
sect_pos,8,4a5eb99ffff5749ea30d65b6652bb2ca9ce59b6c,BUG,unable to handle kernel paging request,put_cmsg,BUG: unable to handle kernel paging request in put_cmsg,cover_eval_cp,2,,
sect_pos,8,910e3195261654c617977513fc7cef18d9dde9bd,WARNING,,format_decode,WARNING in format_decode,cover_eval_cp,2,,
sect_pos,8,a0e28bdf8d48370fcc10e1f8ea4365b0c187eebe,BUG,soft lockup,hsr_announce,BUG: soft lockup in hsr_announce,cover_eval_cp,2,,
sect_pos,8,14692319382598dac4dee0cca30dcdf451cb5eb7,WARNING,,rate_control_rate_init,WARNING in rate_control_rate_init,cover_eval_cp,30,,
sect_pos,8,1037797f3458b47f05d49200cd350b72f5aed0c0,WARNING,,ring_buffer_lock_reserve,WARNING in ring_buffer_lock_reserve,cover_eval_cp,1,,
sect_pos,8,a452f0e64788cc908f0eebdc7cdf2c97d97d3c3b,INFO,task hung,lookup_slow,INFO: task hung in lookup_slow,cover_eval_cp,1,,
sect_pos,8,f7f424f89ff5d010aefc0ae8cfeeb1186bcfd0da,INFO,task hung,vcs_open,INFO: task hung in vcs_open,cover_eval_cp,1,,
sect_pos,8,66cd5b9b3e5519d9a31ee5746f4ef404859d99d0,WARNING,,dup_task_struct,WARNING in dup_task_struct,cover_eval_cp,2,,
sect_pos,8,d55cddbfbe70446f2d66df758e7e93c285e69db9,WARNING,,call_timer_fn,WARNING in call_timer_fn,cover_eval_cp,1,,
sect_pos,8,aac06202f00169294688682e50daecc9c98a831b,BUG,soft lockup,ieee80211_handle_queued_frames,BUG: soft lockup in ieee80211_handle_queued_frames,cover_eval_cp,2,,
sect_pos,8,fccb8983032850b7cc801635bc9d23de0c011ff0,KASAN,slab-use-after-free Read,em28xx_init_extension,KASAN: slab-use-after-free Read in em28xx_init_extension,cover_eval_cp,2,,
sect_pos,8,c401efa8cefe905e64f586a50d8bbaf2d38f2350,INFO,task hung,addrconf_verify_work,INFO: task hung in addrconf_verify_work,cover_eval_cp,1,,
sect_pos,8,7214aa7d762fab9b78cf0384c36ff62783f904b8,INFO,rcu detected stall,smp_call_function,INFO: rcu detected stall in smp_call_function,cover_eval_cp,1,,
sect_pos,8,efb8c5fe01ecb5116825ce2409485c164c048f88,BUG,,,BUG: workqueue lockup,cover_eval_cp,6,,
sect_pos,8,d88e5cc81f8ea6448f7099948787e3f6662b2633,WARNING,,ext4_journal_check_start,WARNING in ext4_journal_check_start,cover_eval_cp,1,,
sect_pos,8,02c21219d36edc62db775545d5206fd5a3150199,KASAN,slab-use-after-free Read,v4l2_fh_init,KASAN: slab-use-after-free Read in v4l2_fh_init,cover_eval_cp,4,,
sect_pos,8,78cdfde87b5285c5274cf9336a873c5072c53d29,WARNING,,p9_client_create,WARNING in p9_client_create,cover_eval_cp,43,,
sect_pos,8,733343303fca2ceb29ab47d7e2a5c230a0c592d6,WARNING,,vkms_get_vblank_timestamp,WARNING in vkms_get_vblank_timestamp,cover_eval_cp,1,,
sect_pos,8,cd367225e88e6f04ce54c803a635de69bd9bfe10,KASAN,slab-use-after-free Read,em28xx_unregister_media_device,KASAN: slab-use-after-free Read in em28xx_unregister_media_device,cover_eval_cp,1,,
sect_pos,8,7710d479d25bd92fa8c6ab0739174ea86b45b806,BUG,unable to handle kernel paging request,filldir64,BUG: unable to handle kernel paging request in filldir64,cover_eval_cp,16,,
sect_pos,8,5983a65cfeddb32fed63f8a733b3d810e05ba119,INFO,task hung,_free_event,INFO: task hung in _free_event,cover_eval_cp,2,,
sect_pos,8,b8cd92c1478d22bf00f49d211bf24287a812a0e0,INFO,task hung,bdev_release,INFO: task hung in bdev_release,cover_eval_cp,17,,
sect_pos,8,2d5ddc28d1065b21d87d6d32fd383387eff9a23e,KASAN,slab-use-after-free Read,__ethtool_get_link_ksettings,KASAN: slab-use-after-free Read in __ethtool_get_link_ksettings,cover_eval_cp,1,,
sect_pos,8,50b1d6f2fe0ed12b1cab0d134516164980c7323d,BUG,unable to handle kernel paging request,sys_pselect6,BUG: unable to handle kernel paging request in sys_pselect6,cover_eval_cp,22,,
sect_pos,8,36a86325c6d0d517177cae0323b51ae9da7de8fa,BUG,unable to handle kernel paging request,filldir,BUG: unable to handle kernel paging request in filldir,cover_eval_cp,12,,
sect_pos,8,361953c7402c1e2460864ef42c7f10ffe5eea21f,OTHER,possible deadlock,__perf_event_task_sched_in,possible deadlock in __perf_event_task_sched_in,cover_eval_cp,1,,
sect_pos,8,df87226af75e2e906503e976819e1403142d677a,BUG,soft lockup,addrconf_rs_timer,BUG: soft lockup in addrconf_rs_timer,cover_eval_cp,18,,
sect_pos,8,0c236f1d3444dc690faefc668afbc564e5a44184,WARNING,,kernfs_get,WARNING in kernfs_get,cover_eval_cp,1,,
sect_pos,8,63de2be03e3a7eda16f7bce15a9a80a4da54ae9c,INFO,task hung,tls_sk_proto_close,INFO: task hung in tls_sk_proto_close,cover_eval_cp,3,,
sect_pos,8,6e89ce80a10c14d6e832ef9b558bcd045825e05b,BUG,,,BUG: MAX_LOCKDEP_KEYS too low!,cover_eval_cp,4,,
sect_pos,8,3e51bb4cea12a057ab4bf22cba3cefdafeb87eaf,BUG,stack guard page was hit,io_sq_thread,BUG: stack guard page was hit in io_sq_thread,cover_eval_cp,5,,
sect_pos,8,295c0dc164c3fcf583aa4a873bea301927c81b66,BUG,corrupted list,em28xx_init_extension,BUG: corrupted list in em28xx_init_extension,cover_eval_cp,1,,
sect_pos,8,11d137c334a427322898aa51903aed548ece812d,SYZFATAL,,,SYZFATAL: executor NUM failed NUM times: executor NUM: exit status NUM err exit status NUM,cover_eval_cp,86,,
sect_pos,8,dfc109c0cf7ead121984212eccd30401ec6dd3eb,WARNING,,ip_rt_bug,WARNING in ip_rt_bug,cover_eval_cp,3,,
sect_pos,8,fe781548d0a22bdbc3f703fc26dd1c43b0da5914,INFO,task hung,linkwatch_event,INFO: task hung in linkwatch_event,cover_eval_cp,3,,
sect_pos,8,ce6ef2b22dd47563c725e7c93f7410f29021547b,OTHER,possible deadlock,task_rq_lock,possible deadlock in task_rq_lock,cover_eval_cp,39,,
sect_pos,8,f73b3116ad434cc9b97b908060b5e73752df3be7,WARNING,,restore_regulatory_settings,WARNING in restore_regulatory_settings,cover_eval_cp,3,,
sect_pos,8,b83ebc0f722370f9f7e120e759d663eb44f55efc,OTHER,,,suppressed report,cover_eval_cp,3,,
sect_pos,8,c7bef9a5b3324959844ec200a0dc227b249903f9,INFO,task hung,iterate_supers,INFO: task hung in iterate_supers,cover_eval_cp,2,,
sect_pos,8,d713702b5b286b7704349bdd865755658baff3e8,KASAN,use-after-free Read,em28xx_init_extension,KASAN: use-after-free Read in em28xx_init_extension,cover_eval_cp,1,,
sect_pos,8,d870630cedefaaf2c870f9459f559a5bebb8e843,INFO,task hung,nsim_create,INFO: task hung in nsim_create,cover_eval_cp,1,,
sect_pos,8,439c37d288d4f26a33a6c7e5c57a97791453a447,OTHER,,,lost connection to test machine,cover_eval_cp,0,,
sect_pos,8,f311884ffb3006f0917bb38c3d12a48f2cafb3b0,BUG,soft lockup,NF_HOOK,BUG: soft lockup in NF_HOOK,cover_eval_cp,1,,
sect_pos,8,b439149adc4a059ec80b6e79575ba4b1ade460f3,WARNING,refcount bug,j1939_xtp_rx_cts,WARNING: refcount bug in j1939_xtp_rx_cts,cover_eval_cp,100,,
sect_pos,8,057de8d8fd45c5ae46e83f2daa1599f8d6333330,OTHER,kernel BUG,z3fold_page_migrate,kernel BUG in z3fold_page_migrate,cover_eval_cp,1,,
sect_pos,8,eb69e7ea1402b04195836e33cd82ead332e172b9,OTHER,possible deadlock,input_inject_event,possible deadlock in input_inject_event,cover_eval_cp,2,,
sect_pos,8,f48cc881b60886898c7e47830174497c7718d0a3,WARNING,,media_create_pad_link,WARNING in media_create_pad_link,cover_eval_cp,1,,
sect_pos,8,07804ed067fcaa4c8967003831699a24e9b634ed,INFO,task hung,jbd2_journal_commit_transaction,INFO: task hung in jbd2_journal_commit_transaction,cover_eval_cp,1,,
sect_pos,8,c16d8a13a5b01b10dd5b51c8277b2a34eba56d17,BUG,unable to handle kernel paging request,do_sys_poll,BUG: unable to handle kernel paging request in do_sys_poll,cover_eval_cp,47,,
sect_pos,8,40e12d12cb3785d16de5fcf71c9b99ce79ff831c,INFO,task hung,addrconf_dad_work,INFO: task hung in addrconf_dad_work,cover_eval_cp,1,,
sect_pos,8,dac17913a5b5246a1d1bd6734441801e03ce2b6d,BUG,stack guard page was hit,corrupted,BUG: stack guard page was hit in corrupted,cover_eval_cp,33,,
sect_pos,8,d332decbac2ad114d77751201cf487b17ea7477f,OTHER,possible deadlock,do_ip_setsockopt,possible deadlock in do_ip_setsockopt,cover_eval_cp,1,,
sect_pos,8,4c1dceb01dec061b63593f149cf10429fa012309,OTHER,possible deadlock,__perf_install_in_context,possible deadlock in __perf_install_in_context,cover_eval_cp,2,,
sect_pos,8,41b74e6c247526f8fa6cc88d9db735c26704c66b,WARNING,refcount bug,j1939_session_put,WARNING: refcount bug in j1939_session_put,cover_eval_cp,100,,
syzkaller,2,e9f5b11984c54cecb386b92bb20c76d5d003719f,OTHER,,,no output from test machine,cover_eval_cp,0,,
syzkaller,2,8a1638229db60175d7fa5e570f8e450a1b567a94,WARNING,,ieee80211_start_next_roc,WARNING in ieee80211_start_next_roc,cover_eval_cp,1,,
syzkaller,2,910e3195261654c617977513fc7cef18d9dde9bd,WARNING,,format_decode,WARNING in format_decode,cover_eval_cp,2,,
syzkaller,2,14692319382598dac4dee0cca30dcdf451cb5eb7,WARNING,,rate_control_rate_init,WARNING in rate_control_rate_init,cover_eval_cp,29,,
syzkaller,2,9c7d0c78815f7f407102b63d07ed649359f3b8bb,OTHER,possible deadlock,smc_switch_to_fallback,possible deadlock in smc_switch_to_fallback,cover_eval_cp,1,,
syzkaller,2,4246a83f2d80e1ae9289025ab9e616e26d66b38c,BUG,soft lockup,br_handle_frame,BUG: soft lockup in br_handle_frame,cover_eval_cp,1,,
syzkaller,2,a452f0e64788cc908f0eebdc7cdf2c97d97d3c3b,INFO,task hung,lookup_slow,INFO: task hung in lookup_slow,cover_eval_cp,1,,
syzkaller,2,1d9bb5d25d509bfa2a7dd17a2add36a0762765ac,BUG,,,"BUG: please report to dccp@vger.kernel.org => prev = NUM, last = NUM at net/dccp/ccids/lib/packet_history.c:LINE/tfrc_rx",cover_eval_cp,1,,
syzkaller,2,aac06202f00169294688682e50daecc9c98a831b,BUG,soft lockup,ieee80211_handle_queued_frames,BUG: soft lockup in ieee80211_handle_queued_frames,cover_eval_cp,1,,
syzkaller,2,844a59e2234a857b127e45d3c95432f86b5c1d44,SYZFATAL,,,SYZFATAL: Manager.NewInput call failed: write tcp IP:NUM->IP:NUM: i/o timeout,cover_eval_cp,1,,
syzkaller,2,efb8c5fe01ecb5116825ce2409485c164c048f88,BUG,,,BUG: workqueue lockup,cover_eval_cp,2,,
syzkaller,2,02c21219d36edc62db775545d5206fd5a3150199,KASAN,slab-use-after-free Read,v4l2_fh_init,KASAN: slab-use-after-free Read in v4l2_fh_init,cover_eval_cp,1,,
syzkaller,2,78cdfde87b5285c5274cf9336a873c5072c53d29,WARNING,,p9_client_create,WARNING in p9_client_create,cover_eval_cp,37,,
syzkaller,2,5983a65cfeddb32fed63f8a733b3d810e05ba119,INFO,task hung,_free_event,INFO: task hung in _free_event,cover_eval_cp,24,,
syzkaller,2,b8cd92c1478d22bf00f49d211bf24287a812a0e0,INFO,task hung,bdev_release,INFO: task hung in bdev_release,cover_eval_cp,13,,
syzkaller,2,df87226af75e2e906503e976819e1403142d677a,BUG,soft lockup,addrconf_rs_timer,BUG: soft lockup in addrconf_rs_timer,cover_eval_cp,4,,
syzkaller,2,3056e0207567b5ab2df376e1400f858b88d0f665,OTHER,kernel BUG,zero_user_segments,kernel BUG in zero_user_segments,cover_eval_cp,2,,
syzkaller,2,63de2be03e3a7eda16f7bce15a9a80a4da54ae9c,INFO,task hung,tls_sk_proto_close,INFO: task hung in tls_sk_proto_close,cover_eval_cp,3,,
syzkaller,2,6e89ce80a10c14d6e832ef9b558bcd045825e05b,BUG,,,BUG: MAX_LOCKDEP_KEYS too low!,cover_eval_cp,4,,
syzkaller,2,d4c9d4f82b2511f8f50f89cfe1db52f0bfd24c57,BUG,corrupted list,add_to_unbuddied,BUG: corrupted list in add_to_unbuddied,cover_eval_cp,1,,
syzkaller,2,11d137c334a427322898aa51903aed548ece812d,SYZFATAL,,,SYZFATAL: executor NUM failed NUM times: executor NUM: exit status NUM err exit status NUM,cover_eval_cp,7,,
syzkaller,2,dfc109c0cf7ead121984212eccd30401ec6dd3eb,WARNING,,ip_rt_bug,WARNING in ip_rt_bug,cover_eval_cp,3,,
syzkaller,2,acd8d78fb2898710669a8e16862c9a84b2448e8d,KASAN,slab-use-after-free Write,sco_conn_del,KASAN: slab-use-after-free Write in sco_conn_del,cover_eval_cp,1,,
syzkaller,2,ce6ef2b22dd47563c725e7c93f7410f29021547b,OTHER,possible deadlock,task_rq_lock,possible deadlock in task_rq_lock,cover_eval_cp,1,,
syzkaller,2,f73b3116ad434cc9b97b908060b5e73752df3be7,WARNING,,restore_regulatory_settings,WARNING in restore_regulatory_settings,cover_eval_cp,3,,
syzkaller,2,10ea2b759f72ff5dd26bce896d853e10f00de743,OTHER,,,unregister_netdevice: waiting for DEV to become free,cover_eval_cp,1,,
syzkaller,2,b83ebc0f722370f9f7e120e759d663eb44f55efc,OTHER,,,suppressed report,cover_eval_cp,0,,
syzkaller,2,c7bef9a5b3324959844ec200a0dc227b249903f9,INFO,task hung,iterate_supers,INFO: task hung in iterate_supers,cover_eval_cp,1,,
syzkaller,2,d713702b5b286b7704349bdd865755658baff3e8,KASAN,use-after-free Read,em28xx_init_extension,KASAN: use-after-free Read in em28xx_init_extension,cover_eval_cp,1,,
syzkaller,2,b439149adc4a059ec80b6e79575ba4b1ade460f3,WARNING,refcount bug,j1939_xtp_rx_cts,WARNING: refcount bug in j1939_xtp_rx_cts,cover_eval_cp,100,,
syzkaller,2,8e131fae76d227a6bfba16826f80c9bd6176a230,INFO,task hung,rfkill_sync_work,INFO: task hung in rfkill_sync_work,cover_eval_cp,1,,
syzkaller,2,057de8d8fd45c5ae46e83f2daa1599f8d6333330,OTHER,kernel BUG,z3fold_page_migrate,kernel BUG in z3fold_page_migrate,cover_eval_cp,3,,
syzkaller,2,eb69e7ea1402b04195836e33cd82ead332e172b9,OTHER,possible deadlock,input_inject_event,possible deadlock in input_inject_event,cover_eval_cp,4,,
syzkaller,2,f48cc881b60886898c7e47830174497c7718d0a3,WARNING,,media_create_pad_link,WARNING in media_create_pad_link,cover_eval_cp,1,,
syzkaller,2,a7d102b4ecfd113482425e71b004203976489fdd,SYZFATAL,,,SYZFATAL: Manager.NewInput call failed: read tcp IP:NUM->IP:NUM: i/o timeout,cover_eval_cp,1,,
syzkaller,2,40e12d12cb3785d16de5fcf71c9b99ce79ff831c,INFO,task hung,addrconf_dad_work,INFO: task hung in addrconf_dad_work,cover_eval_cp,1,,
syzkaller,2,c8706fee1db2b029d0d78a4fec5aa655b59bbc3e,OTHER,general protection fault,pick_task_fair,general protection fault in pick_task_fair,cover_eval_cp,4,,
syzkaller,2,4c1dceb01dec061b63593f149cf10429fa012309,OTHER,possible deadlock,__perf_install_in_context,possible deadlock in __perf_install_in_context,cover_eval_cp,5,,
syzkaller,2,a2ce4a2ec11b2fac63e6dd88a5f01b42c63de9a1,INFO,task hung,nbd_set_size,INFO: task hung in nbd_set_size,cover_eval_cp,1,,
syzkaller,2,41b74e6c247526f8fa6cc88d9db735c26704c66b,WARNING,refcount bug,j1939_session_put,WARNING: refcount bug in j1939_session_put,cover_eval_cp,100,,
sect_pos,9,e9f5b11984c54cecb386b92bb20c76d5d003719f,OTHER,,,no output from test machine,cover_eval_cp,0,,
sect_pos,9,4a5eb99ffff5749ea30d65b6652bb2ca9ce59b6c,BUG,unable to handle kernel paging request,put_cmsg,BUG: unable to handle kernel paging request in put_cmsg,cover_eval_cp,3,,
sect_pos,9,910e3195261654c617977513fc7cef18d9dde9bd,WARNING,,format_decode,WARNING in format_decode,cover_eval_cp,2,,
sect_pos,9,14692319382598dac4dee0cca30dcdf451cb5eb7,WARNING,,rate_control_rate_init,WARNING in rate_control_rate_init,cover_eval_cp,33,,
sect_pos,9,1037797f3458b47f05d49200cd350b72f5aed0c0,WARNING,,ring_buffer_lock_reserve,WARNING in ring_buffer_lock_reserve,cover_eval_cp,1,,
sect_pos,9,c21e30c2d92e26d0f91c0f80848ba39f323c6df3,INFO,task hung,fuse_reverse_inval_entry,INFO: task hung in fuse_reverse_inval_entry,cover_eval_cp,1,,
sect_pos,9,a452f0e64788cc908f0eebdc7cdf2c97d97d3c3b,INFO,task hung,lookup_slow,INFO: task hung in lookup_slow,cover_eval_cp,1,,
sect_pos,9,f7f424f89ff5d010aefc0ae8cfeeb1186bcfd0da,INFO,task hung,vcs_open,INFO: task hung in vcs_open,cover_eval_cp,1,,
sect_pos,9,66cd5b9b3e5519d9a31ee5746f4ef404859d99d0,WARNING,,dup_task_struct,WARNING in dup_task_struct,cover_eval_cp,2,,
sect_pos,9,d55cddbfbe70446f2d66df758e7e93c285e69db9,WARNING,,call_timer_fn,WARNING in call_timer_fn,cover_eval_cp,2,,
sect_pos,9,c94af3358dab4acd9bfcbc1e95a9eaa497e4ad3b,INFO,task hung,bpf_struct_ops_map_free,INFO: task hung in bpf_struct_ops_map_free,cover_eval_cp,1,,
sect_pos,9,aac06202f00169294688682e50daecc9c98a831b,BUG,soft lockup,ieee80211_handle_queued_frames,BUG: soft lockup in ieee80211_handle_queued_frames,cover_eval_cp,5,,
sect_pos,9,fccb8983032850b7cc801635bc9d23de0c011ff0,KASAN,slab-use-after-free Read,em28xx_init_extension,KASAN: slab-use-after-free Read in em28xx_init_extension,cover_eval_cp,1,,
sect_pos,9,c401efa8cefe905e64f586a50d8bbaf2d38f2350,INFO,task hung,addrconf_verify_work,INFO: task hung in addrconf_verify_work,cover_eval_cp,1,,
sect_pos,9,a6b4da7baffd25e630e39e5b0555269fa08f3e94,INFO,task hung,cleanup_net,INFO: task hung in cleanup_net,cover_eval_cp,2,,
sect_pos,9,efb8c5fe01ecb5116825ce2409485c164c048f88,BUG,,,BUG: workqueue lockup,cover_eval_cp,4,,
sect_pos,9,02c21219d36edc62db775545d5206fd5a3150199,KASAN,slab-use-after-free Read,v4l2_fh_init,KASAN: slab-use-after-free Read in v4l2_fh_init,cover_eval_cp,2,,
sect_pos,9,78cdfde87b5285c5274cf9336a873c5072c53d29,WARNING,,p9_client_create,WARNING in p9_client_create,cover_eval_cp,32,,
sect_pos,9,7710d479d25bd92fa8c6ab0739174ea86b45b806,BUG,unable to handle kernel paging request,filldir64,BUG: unable to handle kernel paging request in filldir64,cover_eval_cp,22,,
sect_pos,9,5983a65cfeddb32fed63f8a733b3d810e05ba119,INFO,task hung,_free_event,INFO: task hung in _free_event,cover_eval_cp,4,,
sect_pos,9,b8cd92c1478d22bf00f49d211bf24287a812a0e0,INFO,task hung,bdev_release,INFO: task hung in bdev_release,cover_eval_cp,15,,
sect_pos,9,1cfc5961253150e57f78c72382088daaa1b666a8,INFO,task hung,usbdev_open,INFO: task hung in usbdev_open,cover_eval_cp,1,,
sect_pos,9,50b1d6f2fe0ed12b1cab0d134516164980c7323d,BUG,unable to handle kernel paging request,sys_pselect6,BUG: unable to handle kernel paging request in sys_pselect6,cover_eval_cp,22,,
sect_pos,9,36a86325c6d0d517177cae0323b51ae9da7de8fa,BUG,unable to handle kernel paging request,filldir,BUG: unable to handle kernel paging request in filldir,cover_eval_cp,21,,
sect_pos,9,93a86ea16bdfeef01b3b0b14d18ff8234b7f10a6,BUG,unable to handle kernel NULL pointer dereference,filldir64,BUG: unable to handle kernel NULL pointer dereference in filldir64,cover_eval_cp,1,,
sect_pos,9,df87226af75e2e906503e976819e1403142d677a,BUG,soft lockup,addrconf_rs_timer,BUG: soft lockup in addrconf_rs_timer,cover_eval_cp,21,,
sect_pos,9,0c236f1d3444dc690faefc668afbc564e5a44184,WARNING,,kernfs_get,WARNING in kernfs_get,cover_eval_cp,1,,
sect_pos,9,dd029cbcea11e425c68d1b389d148057eb3cc789,BUG,soft lockup,ip_list_rcv,BUG: soft lockup in ip_list_rcv,cover_eval_cp,1,,
sect_pos,9,1a6abe077825183e67b67c3313ea6f99a992fe86,INFO,rcu detected stall,corrupted,INFO: rcu detected stall in corrupted,cover_eval_cp,1,,
sect_pos,9,f82d842a3ed354d4df797af3a9faecea7e4b91ec,WARNING,,nfc_urelease_event_work,WARNING in nfc_urelease_event_work,cover_eval_cp,1,,
sect_pos,9,c55cf6656ce82c7ebd3e26802512fcba3d7d28ca,SYZFATAL,,,SYZFATAL: executor NUM failed NUM times: executor NUM: exit status NUM err signal: killed,cover_eval_cp,1,,
sect_pos,9,4ecda27d97e590e179a8c967d0b1615224f921fd,WARNING,,reserve_ds_buffers,WARNING in reserve_ds_buffers,cover_eval_cp,1,,
sect_pos,9,6e89ce80a10c14d6e832ef9b558bcd045825e05b,BUG,,,BUG: MAX_LOCKDEP_KEYS too low!,cover_eval_cp,1,,
sect_pos,9,3e51bb4cea12a057ab4bf22cba3cefdafeb87eaf,BUG,stack guard page was hit,io_sq_thread,BUG: stack guard page was hit in io_sq_thread,cover_eval_cp,8,,
sect_pos,9,11d137c334a427322898aa51903aed548ece812d,SYZFATAL,,,SYZFATAL: executor NUM failed NUM times: executor NUM: exit status NUM err exit status NUM,cover_eval_cp,78,,
sect_pos,9,dfc109c0cf7ead121984212eccd30401ec6dd3eb,WARNING,,ip_rt_bug,WARNING in ip_rt_bug,cover_eval_cp,3,,
sect_pos,9,ad7daa562230b9e7988fdf2cebbfdfab01104c68,BUG,soft lockup,__netif_receive_skb_core,BUG: soft lockup in __netif_receive_skb_core,cover_eval_cp,2,,
sect_pos,9,fe781548d0a22bdbc3f703fc26dd1c43b0da5914,INFO,task hung,linkwatch_event,INFO: task hung in linkwatch_event,cover_eval_cp,1,,
sect_pos,9,ce6ef2b22dd47563c725e7c93f7410f29021547b,OTHER,possible deadlock,task_rq_lock,possible deadlock in task_rq_lock,cover_eval_cp,42,,
sect_pos,9,40c6f30e833b87c22e55936f88c40513e45b4da8,INFO,task hung,ppp_exit_net,INFO: task hung in ppp_exit_net,cover_eval_cp,1,,
sect_pos,9,f73b3116ad434cc9b97b908060b5e73752df3be7,WARNING,,restore_regulatory_settings,WARNING in restore_regulatory_settings,cover_eval_cp,3,,
sect_pos,9,10ea2b759f72ff5dd26bce896d853e10f00de743,OTHER,,,unregister_netdevice: waiting for DEV to become free,cover_eval_cp,1,,
sect_pos,9,b83ebc0f722370f9f7e120e759d663eb44f55efc,OTHER,,,suppressed report,cover_eval_cp,1,,
sect_pos,9,c7bef9a5b3324959844ec200a0dc227b249903f9,INFO,task hung,iterate_supers,INFO: task hung in iterate_supers,cover_eval_cp,1,,
sect_pos,9,d713702b5b286b7704349bdd865755658baff3e8,KASAN,use-after-free Read,em28xx_init_extension,KASAN: use-after-free Read in em28xx_init_extension,cover_eval_cp,1,,
sect_pos,9,439c37d288d4f26a33a6c7e5c57a97791453a447,OTHER,,,lost connection to test machine,cover_eval_cp,0,,
sect_pos,9,1e63ac96a36533feb6f19e4c1f4404642a6253f2,WARNING,,cm109_urb_irq_callback/usb_submit_urb,WARNING in cm109_urb_irq_callback/usb_submit_urb,cover_eval_cp,1,,
sect_pos,9,b439149adc4a059ec80b6e79575ba4b1ade460f3,WARNING,refcount bug,j1939_xtp_rx_cts,WARNING: refcount bug in j1939_xtp_rx_cts,cover_eval_cp,100,,
sect_pos,9,eb69e7ea1402b04195836e33cd82ead332e172b9,OTHER,possible deadlock,input_inject_event,possible deadlock in input_inject_event,cover_eval_cp,4,,
sect_pos,9,deb2755c3949d00e31a435f42d409dea62c98a27,BUG,soft lockup,sys_futex,BUG: soft lockup in sys_futex,cover_eval_cp,1,,
sect_pos,9,c16d8a13a5b01b10dd5b51c8277b2a34eba56d17,BUG,unable to handle kernel paging request,do_sys_poll,BUG: unable to handle kernel paging request in do_sys_poll,cover_eval_cp,39,,
sect_pos,9,5fe68c0f763c3644339804aa8a096294a4115723,BUG,soft lockup,neigh_timer_handler,BUG: soft lockup in neigh_timer_handler,cover_eval_cp,1,,
sect_pos,9,a7d102b4ecfd113482425e71b004203976489fdd,SYZFATAL,,,SYZFATAL: Manager.NewInput call failed: read tcp IP:NUM->IP:NUM: i/o timeout,cover_eval_cp,3,,
sect_pos,9,dac17913a5b5246a1d1bd6734441801e03ce2b6d,BUG,stack guard page was hit,corrupted,BUG: stack guard page was hit in corrupted,cover_eval_cp,31,,
sect_pos,9,46eec0a03f119ebb2891865d47cff3904d7fbb8e,BUG,soft lockup,syscall_exit_to_user_mode,BUG: soft lockup in syscall_exit_to_user_mode,cover_eval_cp,1,,
sect_pos,9,4c1dceb01dec061b63593f149cf10429fa012309,OTHER,possible deadlock,__perf_install_in_context,possible deadlock in __perf_install_in_context,cover_eval_cp,1,,
sect_pos,9,41b74e6c247526f8fa6cc88d9db735c26704c66b,WARNING,refcount bug,j1939_session_put,WARNING: refcount bug in j1939_session_put,cover_eval_cp,100,,
sect_rw,16,e9f5b11984c54cecb386b92bb20c76d5d003719f,OTHER,,,no output from test machine,cover_eval_cp,0,,
sect_rw,16,8a1638229db60175d7fa5e570f8e450a1b567a94,WARNING,,ieee80211_start_next_roc,WARNING in ieee80211_start_next_roc,cover_eval_cp,2,,
sect_rw,16,e3e200d98a1670d2a2c0dc5a00f2a27a5fa38a77,INFO,rcu detected stall,schedule_tail,INFO: rcu detected stall in schedule_tail,cover_eval_cp,1,,
sect_rw,16,4a5eb99ffff5749ea30d65b6652bb2ca9ce59b6c,BUG,unable to handle kernel paging request,put_cmsg,BUG: unable to handle kernel paging request in put_cmsg,cover_eval_cp,4,,
sect_rw,16,a726bdbfdf37ab73c078dcf88e3249d9ec47fbf9,INFO,task hung,gfs2_jhead_process_page,INFO: task hung in gfs2_jhead_process_page,cover_eval_cp,1,,
sect_rw,16,910e3195261654c617977513fc7cef18d9dde9bd,WARNING,,format_decode,WARNING in format_decode,cover_eval_cp,2,,
sect_rw,16,14692319382598dac4dee0cca30dcdf451cb5eb7,WARNING,,rate_control_rate_init,WARNING in rate_control_rate_init,cover_eval_cp,30,,
sect_rw,16,898ad8e70ef7227f766158ee964733852519cb44,BUG,soft lockup,hsr_prune_nodes,BUG: soft lockup in hsr_prune_nodes,cover_eval_cp,1,,
sect_rw,16,a452f0e64788cc908f0eebdc7cdf2c97d97d3c3b,INFO,task hung,lookup_slow,INFO: task hung in lookup_slow,cover_eval_cp,1,,
sect_rw,16,66cd5b9b3e5519d9a31ee5746f4ef404859d99d0,WARNING,,dup_task_struct,WARNING in dup_task_struct,cover_eval_cp,3,,
sect_rw,16,aac06202f00169294688682e50daecc9c98a831b,BUG,soft lockup,ieee80211_handle_queued_frames,BUG: soft lockup in ieee80211_handle_queued_frames,cover_eval_cp,7,,
sect_rw,16,fccb8983032850b7cc801635bc9d23de0c011ff0,KASAN,slab-use-after-free Read,em28xx_init_extension,KASAN: slab-use-after-free Read in em28xx_init_extension,cover_eval_cp,1,,
sect_rw,16,844a59e2234a857b127e45d3c95432f86b5c1d44,SYZFATAL,,,SYZFATAL: Manager.NewInput call failed: write tcp IP:NUM->IP:NUM: i/o timeout,cover_eval_cp,1,,
sect_rw,16,a6b4da7baffd25e630e39e5b0555269fa08f3e94,INFO,task hung,cleanup_net,INFO: task hung in cleanup_net,cover_eval_cp,1,,
sect_rw,16,efb8c5fe01ecb5116825ce2409485c164c048f88,BUG,,,BUG: workqueue lockup,cover_eval_cp,4,,
sect_rw,16,c00fed0a9991b177120ce04c4bc50ad35f46f830,BUG,unable to handle kernel NULL pointer dereference,filldir,BUG: unable to handle kernel NULL pointer dereference in filldir,cover_eval_cp,1,,
sect_rw,16,02c21219d36edc62db775545d5206fd5a3150199,KASAN,slab-use-after-free Read,v4l2_fh_init,KASAN: slab-use-after-free Read in v4l2_fh_init,cover_eval_cp,3,,
sect_rw,16,78cdfde87b5285c5274cf9336a873c5072c53d29,WARNING,,p9_client_create,WARNING in p9_client_create,cover_eval_cp,36,,
sect_rw,16,37936123c8f81e38405258568172f9767d444d94,KASAN,slab-use-after-free Read,em28xx_release_resources,KASAN: slab-use-after-free Read in em28xx_release_resources,cover_eval_cp,1,,
sect_rw,16,7710d479d25bd92fa8c6ab0739174ea86b45b806,BUG,unable to handle kernel paging request,filldir64,BUG: unable to handle kernel paging request in filldir64,cover_eval_cp,18,,
sect_rw,16,5983a65cfeddb32fed63f8a733b3d810e05ba119,INFO,task hung,_free_event,INFO: task hung in _free_event,cover_eval_cp,2,,
sect_rw,16,b8cd92c1478d22bf00f49d211bf24287a812a0e0,INFO,task hung,bdev_release,INFO: task hung in bdev_release,cover_eval_cp,15,,
sect_rw,16,50b1d6f2fe0ed12b1cab0d134516164980c7323d,BUG,unable to handle kernel paging request,sys_pselect6,BUG: unable to handle kernel paging request in sys_pselect6,cover_eval_cp,36,,
sect_rw,16,36a86325c6d0d517177cae0323b51ae9da7de8fa,BUG,unable to handle kernel paging request,filldir,BUG: unable to handle kernel paging request in filldir,cover_eval_cp,23,,
sect_rw,16,df87226af75e2e906503e976819e1403142d677a,BUG,soft lockup,addrconf_rs_timer,BUG: soft lockup in addrconf_rs_timer,cover_eval_cp,12,,
sect_rw,16,dd029cbcea11e425c68d1b389d148057eb3cc789,BUG,soft lockup,ip_list_rcv,BUG: soft lockup in ip_list_rcv,cover_eval_cp,1,,
sect_rw,16,0aa7bb3816890422b49adcbc8d03f4e3151505ea,INFO,task hung,reg_check_chans_work,INFO: task hung in reg_check_chans_work,cover_eval_cp,1,,
sect_rw,16,3e51bb4cea12a057ab4bf22cba3cefdafeb87eaf,BUG,stack guard page was hit,io_sq_thread,BUG: stack guard page was hit in io_sq_thread,cover_eval_cp,3,,
sect_rw,16,c73bf6dcbcba71f27577e1279687e2422cb1f899,BUG,soft lockup,mrp_join_timer,BUG: soft lockup in mrp_join_timer,cover_eval_cp,1,,
sect_rw,16,25d0fae66de7394e87d347bd2f57d223411b8f94,INFO,task hung,blk_mq_get_tag,INFO: task hung in blk_mq_get_tag,cover_eval_cp,1,,
sect_rw,16,11d137c334a427322898aa51903aed548ece812d,SYZFATAL,,,SYZFATAL: executor NUM failed NUM times: executor NUM: exit status NUM err exit status NUM,cover_eval_cp,66,,
sect_rw,16,dfc109c0cf7ead121984212eccd30401ec6dd3eb,WARNING,,ip_rt_bug,WARNING in ip_rt_bug,cover_eval_cp,3,,
sect_rw,16,4e6932b799a8dff0d95eec2c99872fba0eb214f7,OTHER,possible deadlock,do_ipv6_setsockopt,possible deadlock in do_ipv6_setsockopt,cover_eval_cp,1,,
sect_rw,16,fe781548d0a22bdbc3f703fc26dd1c43b0da5914,INFO,task hung,linkwatch_event,INFO: task hung in linkwatch_event,cover_eval_cp,2,,
sect_rw,16,efdae682c0f68a437101939f68baa92c868c3131,INFO,task hung,wg_destruct,INFO: task hung in wg_destruct,cover_eval_cp,1,,
sect_rw,16,ce6ef2b22dd47563c725e7c93f7410f29021547b,OTHER,possible deadlock,task_rq_lock,possible deadlock in task_rq_lock,cover_eval_cp,43,,
sect_rw,16,f73b3116ad434cc9b97b908060b5e73752df3be7,WARNING,,restore_regulatory_settings,WARNING in restore_regulatory_settings,cover_eval_cp,4,,
sect_rw,16,10ea2b759f72ff5dd26bce896d853e10f00de743,OTHER,,,unregister_netdevice: waiting for DEV to become free,cover_eval_cp,2,,
sect_rw,16,b83ebc0f722370f9f7e120e759d663eb44f55efc,OTHER,,,suppressed report,cover_eval_cp,0,,
sect_rw,16,c7bef9a5b3324959844ec200a0dc227b249903f9,INFO,task hung,iterate_supers,INFO: task hung in iterate_supers,cover_eval_cp,1,,
sect_rw,16,d713702b5b286b7704349bdd865755658baff3e8,KASAN,use-after-free Read,em28xx_init_extension,KASAN: use-after-free Read in em28xx_init_extension,cover_eval_cp,2,,
sect_rw,16,439c37d288d4f26a33a6c7e5c57a97791453a447,OTHER,,,lost connection to test machine,cover_eval_cp,0,,
sect_rw,16,b439149adc4a059ec80b6e79575ba4b1ade460f3,WARNING,refcount bug,j1939_xtp_rx_cts,WARNING: refcount bug in j1939_xtp_rx_cts,cover_eval_cp,100,,
sect_rw,16,eb69e7ea1402b04195836e33cd82ead332e172b9,OTHER,possible deadlock,input_inject_event,possible deadlock in input_inject_event,cover_eval_cp,1,,
sect_rw,16,f48cc881b60886898c7e47830174497c7718d0a3,WARNING,,media_create_pad_link,WARNING in media_create_pad_link,cover_eval_cp,1,,
sect_rw,16,07804ed067fcaa4c8967003831699a24e9b634ed,INFO,task hung,jbd2_journal_commit_transaction,INFO: task hung in jbd2_journal_commit_transaction,cover_eval_cp,1,,
sect_rw,16,c16d8a13a5b01b10dd5b51c8277b2a34eba56d17,BUG,unable to handle kernel paging request,do_sys_poll,BUG: unable to handle kernel paging request in do_sys_poll,cover_eval_cp,38,,
sect_rw,16,a7d102b4ecfd113482425e71b004203976489fdd,SYZFATAL,,,SYZFATAL: Manager.NewInput call failed: read tcp IP:NUM->IP:NUM: i/o timeout,cover_eval_cp,1,,
sect_rw,16,dac17913a5b5246a1d1bd6734441801e03ce2b6d,BUG,stack guard page was hit,corrupted,BUG: stack guard page was hit in corrupted,cover_eval_cp,41,,
sect_rw,16,a2ce4a2ec11b2fac63e6dd88a5f01b42c63de9a1,INFO,task hung,nbd_set_size,INFO: task hung in nbd_set_size,cover_eval_cp,1,,
sect_rw,16,41b74e6c247526f8fa6cc88d9db735c26704c66b,WARNING,refcount bug,j1939_session_put,WARNING: refcount bug in j1939_session_put,cover_eval_cp,100,,
sect_pos,6,c34d1bbeac0e46a9296ceb76d20d231534bcdc5f,SYZFATAL,,,SYZFATAL: executor NUM failed NUM times: failed to create temp dir: mkdir ./syzkaller-testdirNUM: no space left on devic,cover_eval_cp,1,,
sect_pos,6,e9f5b11984c54cecb386b92bb20c76d5d003719f,OTHER,,,no output from test machine,cover_eval_cp,0,,
sect_pos,6,8a1638229db60175d7fa5e570f8e450a1b567a94,WARNING,,ieee80211_start_next_roc,WARNING in ieee80211_start_next_roc,cover_eval_cp,1,,
sect_pos,6,4a5eb99ffff5749ea30d65b6652bb2ca9ce59b6c,BUG,unable to handle kernel paging request,put_cmsg,BUG: unable to handle kernel paging request in put_cmsg,cover_eval_cp,3,,
sect_pos,6,89613b1bc035e6d63102aa5eb6162c98dc19492d,INFO,task hung,ext4_buffered_write_iter,INFO: task hung in ext4_buffered_write_iter,cover_eval_cp,1,,
sect_pos,6,a726bdbfdf37ab73c078dcf88e3249d9ec47fbf9,INFO,task hung,gfs2_jhead_process_page,INFO: task hung in gfs2_jhead_process_page,cover_eval_cp,1,,
sect_pos,6,910e3195261654c617977513fc7cef18d9dde9bd,WARNING,,format_decode,WARNING in format_decode,cover_eval_cp,2,,
sect_pos,6,a0e28bdf8d48370fcc10e1f8ea4365b0c187eebe,BUG,soft lockup,hsr_announce,BUG: soft lockup in hsr_announce,cover_eval_cp,2,,
sect_pos,6,14692319382598dac4dee0cca30dcdf451cb5eb7,WARNING,,rate_control_rate_init,WARNING in rate_control_rate_init,cover_eval_cp,28,,
sect_pos,6,2f43513776335724f22aac1b056b930da4b84aff,SYZFATAL,,,SYZFATAL: executor NUM failed NUM times: executor NUM: not serving,cover_eval_cp,1,,
sect_pos,6,789655d782ea80516a44ae6f34176c7b0a96665b,BUG,soft lockup,wg_packet_send_staged_packets,BUG: soft lockup in wg_packet_send_staged_packets,cover_eval_cp,1,,
sect_pos,6,a3e578a36f004f390cbe1b9f9fc24550997067b4,BUG,soft lockup,wg_packet_send_keepalive,BUG: soft lockup in wg_packet_send_keepalive,cover_eval_cp,1,,
sect_pos,6,a452f0e64788cc908f0eebdc7cdf2c97d97d3c3b,INFO,task hung,lookup_slow,INFO: task hung in lookup_slow,cover_eval_cp,2,,
sect_pos,6,66cd5b9b3e5519d9a31ee5746f4ef404859d99d0,WARNING,,dup_task_struct,WARNING in dup_task_struct,cover_eval_cp,3,,
sect_pos,6,d55cddbfbe70446f2d66df758e7e93c285e69db9,WARNING,,call_timer_fn,WARNING in call_timer_fn,cover_eval_cp,1,,
sect_pos,6,aac06202f00169294688682e50daecc9c98a831b,BUG,soft lockup,ieee80211_handle_queued_frames,BUG: soft lockup in ieee80211_handle_queued_frames,cover_eval_cp,4,,
sect_pos,6,fce2a82b0ea65dd19c155b774ece344be0c9a83a,SYZFATAL,,,SYZFATAL: Manager.Poll call failed: read tcp IP:NUM->IP:NUM: read: connection timed out,cover_eval_cp,1,,
sect_pos,6,efb8c5fe01ecb5116825ce2409485c164c048f88,BUG,,,BUG: workqueue lockup,cover_eval_cp,4,,
sect_pos,6,96c447fce9cab7899e95a08f52a4c45da0691d56,WARNING,,__ieee80211_beacon_get,WARNING in __ieee80211_beacon_get,cover_eval_cp,2,,
sect_pos,6,02c21219d36edc62db775545d5206fd5a3150199,KASAN,slab-use-after-free Read,v4l2_fh_init,KASAN: slab-use-after-free Read in v4l2_fh_init,cover_eval_cp,3,,
sect_pos,6,78cdfde87b5285c5274cf9336a873c5072c53d29,WARNING,,p9_client_create,WARNING in p9_client_create,cover_eval_cp,31,,
sect_pos,6,733343303fca2ceb29ab47d7e2a5c230a0c592d6,WARNING,,vkms_get_vblank_timestamp,WARNING in vkms_get_vblank_timestamp,cover_eval_cp,2,,
sect_pos,6,cd367225e88e6f04ce54c803a635de69bd9bfe10,KASAN,slab-use-after-free Read,em28xx_unregister_media_device,KASAN: slab-use-after-free Read in em28xx_unregister_media_device,cover_eval_cp,1,,
sect_pos,6,7710d479d25bd92fa8c6ab0739174ea86b45b806,BUG,unable to handle kernel paging request,filldir64,BUG: unable to handle kernel paging request in filldir64,cover_eval_cp,27,,
sect_pos,6,5983a65cfeddb32fed63f8a733b3d810e05ba119,INFO,task hung,_free_event,INFO: task hung in _free_event,cover_eval_cp,3,,
sect_pos,6,b8cd92c1478d22bf00f49d211bf24287a812a0e0,INFO,task hung,bdev_release,INFO: task hung in bdev_release,cover_eval_cp,13,,
sect_pos,6,50b1d6f2fe0ed12b1cab0d134516164980c7323d,BUG,unable to handle kernel paging request,sys_pselect6,BUG: unable to handle kernel paging request in sys_pselect6,cover_eval_cp,26,,
sect_pos,6,86fc217b03c88aa11dd51130d3a13f0cfebe9db7,BUG,soft lockup,smp_call_function,BUG: soft lockup in smp_call_function,cover_eval_cp,1,,
sect_pos,6,36a86325c6d0d517177cae0323b51ae9da7de8fa,BUG,unable to handle kernel paging request,filldir,BUG: unable to handle kernel paging request in filldir,cover_eval_cp,19,,
sect_pos,6,df87226af75e2e906503e976819e1403142d677a,BUG,soft lockup,addrconf_rs_timer,BUG: soft lockup in addrconf_rs_timer,cover_eval_cp,23,,
sect_pos,6,63de2be03e3a7eda16f7bce15a9a80a4da54ae9c,INFO,task hung,tls_sk_proto_close,INFO: task hung in tls_sk_proto_close,cover_eval_cp,2,,
sect_pos,6,4ecda27d97e590e179a8c967d0b1615224f921fd,WARNING,,reserve_ds_buffers,WARNING in reserve_ds_buffers,cover_eval_cp,1,,
sect_pos,6,138f72250c0eb32d7bc6830a77dc8b285653ea2d,BUG,soft lockup,sctp_generate_heartbeat_event,BUG: soft lockup in sctp_generate_heartbeat_event,cover_eval_cp,1,,
sect_pos,6,3e51bb4cea12a057ab4bf22cba3cefdafeb87eaf,BUG,stack guard page was hit,io_sq_thread,BUG: stack guard page was hit in io_sq_thread,cover_eval_cp,8,,
sect_pos,6,295c0dc164c3fcf583aa4a873bea301927c81b66,BUG,corrupted list,em28xx_init_extension,BUG: corrupted list in em28xx_init_extension,cover_eval_cp,1,,
sect_pos,6,11d137c334a427322898aa51903aed548ece812d,SYZFATAL,,,SYZFATAL: executor NUM failed NUM times: executor NUM: exit status NUM err exit status NUM,cover_eval_cp,83,,
sect_pos,6,dfc109c0cf7ead121984212eccd30401ec6dd3eb,WARNING,,ip_rt_bug,WARNING in ip_rt_bug,cover_eval_cp,4,,
sect_pos,6,62354553a886c8b88fb5d75ad0108d1806c76405,WARNING,,__folio_mark_dirty,WARNING in __folio_mark_dirty,cover_eval_cp,1,,
sect_pos,6,fe781548d0a22bdbc3f703fc26dd1c43b0da5914,INFO,task hung,linkwatch_event,INFO: task hung in linkwatch_event,cover_eval_cp,2,,
sect_pos,6,ce6ef2b22dd47563c725e7c93f7410f29021547b,OTHER,possible deadlock,task_rq_lock,possible deadlock in task_rq_lock,cover_eval_cp,38,,
sect_pos,6,f73b3116ad434cc9b97b908060b5e73752df3be7,WARNING,,restore_regulatory_settings,WARNING in restore_regulatory_settings,cover_eval_cp,4,,
sect_pos,6,10ea2b759f72ff5dd26bce896d853e10f00de743,OTHER,,,unregister_netdevice: waiting for DEV to become free,cover_eval_cp,3,,
sect_pos,6,b83ebc0f722370f9f7e120e759d663eb44f55efc,OTHER,,,suppressed report,cover_eval_cp,1,,
sect_pos,6,c7bef9a5b3324959844ec200a0dc227b249903f9,INFO,task hung,iterate_supers,INFO: task hung in iterate_supers,cover_eval_cp,3,,
sect_pos,6,d713702b5b286b7704349bdd865755658baff3e8,KASAN,use-after-free Read,em28xx_init_extension,KASAN: use-after-free Read in em28xx_init_extension,cover_eval_cp,1,,
sect_pos,6,439c37d288d4f26a33a6c7e5c57a97791453a447,OTHER,,,lost connection to test machine,cover_eval_cp,0,,
sect_pos,6,f311884ffb3006f0917bb38c3d12a48f2cafb3b0,BUG,soft lockup,NF_HOOK,BUG: soft lockup in NF_HOOK,cover_eval_cp,1,,
sect_pos,6,b439149adc4a059ec80b6e79575ba4b1ade460f3,WARNING,refcount bug,j1939_xtp_rx_cts,WARNING: refcount bug in j1939_xtp_rx_cts,cover_eval_cp,100,,
sect_pos,6,057de8d8fd45c5ae46e83f2daa1599f8d6333330,OTHER,kernel BUG,z3fold_page_migrate,kernel BUG in z3fold_page_migrate,cover_eval_cp,1,,
sect_pos,6,eb69e7ea1402b04195836e33cd82ead332e172b9,OTHER,possible deadlock,input_inject_event,possible deadlock in input_inject_event,cover_eval_cp,4,,
sect_pos,6,c16d8a13a5b01b10dd5b51c8277b2a34eba56d17,BUG,unable to handle kernel paging request,do_sys_poll,BUG: unable to handle kernel paging request in do_sys_poll,cover_eval_cp,50,,
sect_pos,6,5fe68c0f763c3644339804aa8a096294a4115723,BUG,soft lockup,neigh_timer_handler,BUG: soft lockup in neigh_timer_handler,cover_eval_cp,1,,
sect_pos,6,40e12d12cb3785d16de5fcf71c9b99ce79ff831c,INFO,task hung,addrconf_dad_work,INFO: task hung in addrconf_dad_work,cover_eval_cp,1,,
sect_pos,6,dac17913a5b5246a1d1bd6734441801e03ce2b6d,BUG,stack guard page was hit,corrupted,BUG: stack guard page was hit in corrupted,cover_eval_cp,36,,
sect_pos,6,f5e68e16341d8bc960cd76ec3509b3e7a0f58dff,SYZFATAL,,,SYZFATAL: executor NUM failed NUM times: executor NUM: failed to write control pipe: write |NUM: broken pipe,cover_eval_cp,1,,
sect_pos,6,d332decbac2ad114d77751201cf487b17ea7477f,OTHER,possible deadlock,do_ip_setsockopt,possible deadlock in do_ip_setsockopt,cover_eval_cp,1,,
sect_pos,6,a2ce4a2ec11b2fac63e6dd88a5f01b42c63de9a1,INFO,task hung,nbd_set_size,INFO: task hung in nbd_set_size,cover_eval_cp,1,,
sect_pos,6,41b74e6c247526f8fa6cc88d9db735c26704c66b,WARNING,refcount bug,j1939_session_put,WARNING: refcount bug in j1939_session_put,cover_eval_cp,100,,
sect_pct,2,e9f5b11984c54cecb386b92bb20c76d5d003719f,OTHER,,,no output from test machine,cover_eval_cp,0,,
sect_pct,2,4a5eb99ffff5749ea30d65b6652bb2ca9ce59b6c,BUG,unable to handle kernel paging request,put_cmsg,BUG: unable to handle kernel paging request in put_cmsg,cover_eval_cp,6,,
sect_pct,2,910e3195261654c617977513fc7cef18d9dde9bd,WARNING,,format_decode,WARNING in format_decode,cover_eval_cp,4,,
sect_pct,2,14692319382598dac4dee0cca30dcdf451cb5eb7,WARNING,,rate_control_rate_init,WARNING in rate_control_rate_init,cover_eval_cp,33,,
sect_pct,2,2f43513776335724f22aac1b056b930da4b84aff,SYZFATAL,,,SYZFATAL: executor NUM failed NUM times: executor NUM: not serving,cover_eval_cp,1,,
sect_pct,2,a452f0e64788cc908f0eebdc7cdf2c97d97d3c3b,INFO,task hung,lookup_slow,INFO: task hung in lookup_slow,cover_eval_cp,2,,
sect_pct,2,66cd5b9b3e5519d9a31ee5746f4ef404859d99d0,WARNING,,dup_task_struct,WARNING in dup_task_struct,cover_eval_cp,2,,
sect_pct,2,1d9bb5d25d509bfa2a7dd17a2add36a0762765ac,BUG,,,"BUG: please report to dccp@vger.kernel.org => prev = NUM, last = NUM at net/dccp/ccids/lib/packet_history.c:LINE/tfrc_rx",cover_eval_cp,1,,
sect_pct,2,aac06202f00169294688682e50daecc9c98a831b,BUG,soft lockup,ieee80211_handle_queued_frames,BUG: soft lockup in ieee80211_handle_queued_frames,cover_eval_cp,8,,
sect_pct,2,844a59e2234a857b127e45d3c95432f86b5c1d44,SYZFATAL,,,SYZFATAL: Manager.NewInput call failed: write tcp IP:NUM->IP:NUM: i/o timeout,cover_eval_cp,1,,
sect_pct,2,a6b4da7baffd25e630e39e5b0555269fa08f3e94,INFO,task hung,cleanup_net,INFO: task hung in cleanup_net,cover_eval_cp,1,,
sect_pct,2,efb8c5fe01ecb5116825ce2409485c164c048f88,BUG,,,BUG: workqueue lockup,cover_eval_cp,3,,
sect_pct,2,02c21219d36edc62db775545d5206fd5a3150199,KASAN,slab-use-after-free Read,v4l2_fh_init,KASAN: slab-use-after-free Read in v4l2_fh_init,cover_eval_cp,3,,
sect_pct,2,78cdfde87b5285c5274cf9336a873c5072c53d29,WARNING,,p9_client_create,WARNING in p9_client_create,cover_eval_cp,34,,
sect_pct,2,733343303fca2ceb29ab47d7e2a5c230a0c592d6,WARNING,,vkms_get_vblank_timestamp,WARNING in vkms_get_vblank_timestamp,cover_eval_cp,1,,
sect_pct,2,37936123c8f81e38405258568172f9767d444d94,KASAN,slab-use-after-free Read,em28xx_release_resources,KASAN: slab-use-after-free Read in em28xx_release_resources,cover_eval_cp,1,,
sect_pct,2,7710d479d25bd92fa8c6ab0739174ea86b45b806,BUG,unable to handle kernel paging request,filldir64,BUG: unable to handle kernel paging request in filldir64,cover_eval_cp,27,,
sect_pct,2,5983a65cfeddb32fed63f8a733b3d810e05ba119,INFO,task hung,_free_event,INFO: task hung in _free_event,cover_eval_cp,2,,
sect_pct,2,b8cd92c1478d22bf00f49d211bf24287a812a0e0,INFO,task hung,bdev_release,INFO: task hung in bdev_release,cover_eval_cp,19,,
sect_pct,2,50b1d6f2fe0ed12b1cab0d134516164980c7323d,BUG,unable to handle kernel paging request,sys_pselect6,BUG: unable to handle kernel paging request in sys_pselect6,cover_eval_cp,20,,
sect_pct,2,36a86325c6d0d517177cae0323b51ae9da7de8fa,BUG,unable to handle kernel paging request,filldir,BUG: unable to handle kernel paging request in filldir,cover_eval_cp,22,,
sect_pct,2,5e825254fe8b706c3055380f64e655d635c5b449,WARNING,,hci_conn_timeout,WARNING in hci_conn_timeout,cover_eval_cp,1,,
sect_pct,2,df87226af75e2e906503e976819e1403142d677a,BUG,soft lockup,addrconf_rs_timer,BUG: soft lockup in addrconf_rs_timer,cover_eval_cp,11,,
sect_pct,2,63de2be03e3a7eda16f7bce15a9a80a4da54ae9c,INFO,task hung,tls_sk_proto_close,INFO: task hung in tls_sk_proto_close,cover_eval_cp,2,,
sect_pct,2,1a6abe077825183e67b67c3313ea6f99a992fe86,INFO,rcu detected stall,corrupted,INFO: rcu detected stall in corrupted,cover_eval_cp,1,,
sect_pct,2,f82d842a3ed354d4df797af3a9faecea7e4b91ec,WARNING,,nfc_urelease_event_work,WARNING in nfc_urelease_event_work,cover_eval_cp,1,,
sect_pct,2,c55cf6656ce82c7ebd3e26802512fcba3d7d28ca,SYZFATAL,,,SYZFATAL: executor NUM failed NUM times: executor NUM: exit status NUM err signal: killed,cover_eval_cp,1,,
sect_pct,2,6e89ce80a10c14d6e832ef9b558bcd045825e05b,BUG,,,BUG: MAX_LOCKDEP_KEYS too low!,cover_eval_cp,5,,
sect_pct,2,3e51bb4cea12a057ab4bf22cba3cefdafeb87eaf,BUG,stack guard page was hit,io_sq_thread,BUG: stack guard page was hit in io_sq_thread,cover_eval_cp,4,,
sect_pct,2,11d137c334a427322898aa51903aed548ece812d,SYZFATAL,,,SYZFATAL: executor NUM failed NUM times: executor NUM: exit status NUM err exit status NUM,cover_eval_cp,88,,
sect_pct,2,dfc109c0cf7ead121984212eccd30401ec6dd3eb,WARNING,,ip_rt_bug,WARNING in ip_rt_bug,cover_eval_cp,2,,
sect_pct,2,62354553a886c8b88fb5d75ad0108d1806c76405,WARNING,,__folio_mark_dirty,WARNING in __folio_mark_dirty,cover_eval_cp,1,,
sect_pct,2,54ec343f5fa8ecb771acdd49bf649a6ecdc90ad4,OTHER,general protection fault,lmLogSync,general protection fault in lmLogSync,cover_eval_cp,1,,
sect_pct,2,3a4c59087c2c4236dac8c3ebe5d28f5c5fe5f3ff,INFO,task hung,switchdev_deferred_process_work,INFO: task hung in switchdev_deferred_process_work,cover_eval_cp,1,,
sect_pct,2,e6378e3ec11236969783fa825d7e41a54f047a07,BUG,soft lockup,do_sys_open,BUG: soft lockup in do_sys_open,cover_eval_cp,1,,
sect_pct,2,fe781548d0a22bdbc3f703fc26dd1c43b0da5914,INFO,task hung,linkwatch_event,INFO: task hung in linkwatch_event,cover_eval_cp,1,,
sect_pct,2,ce6ef2b22dd47563c725e7c93f7410f29021547b,OTHER,possible deadlock,task_rq_lock,possible deadlock in task_rq_lock,cover_eval_cp,51,,
sect_pct,2,f73b3116ad434cc9b97b908060b5e73752df3be7,WARNING,,restore_regulatory_settings,WARNING in restore_regulatory_settings,cover_eval_cp,3,,
sect_pct,2,b83ebc0f722370f9f7e120e759d663eb44f55efc,OTHER,,,suppressed report,cover_eval_cp,3,,
sect_pct,2,c7bef9a5b3324959844ec200a0dc227b249903f9,INFO,task hung,iterate_supers,INFO: task hung in iterate_supers,cover_eval_cp,2,,
sect_pct,2,439c37d288d4f26a33a6c7e5c57a97791453a447,OTHER,,,lost connection to test machine,cover_eval_cp,0,,
sect_pct,2,b439149adc4a059ec80b6e79575ba4b1ade460f3,WARNING,refcount bug,j1939_xtp_rx_cts,WARNING: refcount bug in j1939_xtp_rx_cts,cover_eval_cp,100,,
sect_pct,2,057de8d8fd45c5ae46e83f2daa1599f8d6333330,OTHER,kernel BUG,z3fold_page_migrate,kernel BUG in z3fold_page_migrate,cover_eval_cp,1,,
sect_pct,2,eb69e7ea1402b04195836e33cd82ead332e172b9,OTHER,possible deadlock,input_inject_event,possible deadlock in input_inject_event,cover_eval_cp,4,,
sect_pct,2,07804ed067fcaa4c8967003831699a24e9b634ed,INFO,task hung,jbd2_journal_commit_transaction,INFO: task hung in jbd2_journal_commit_transaction,cover_eval_cp,1,,
sect_pct,2,c16d8a13a5b01b10dd5b51c8277b2a34eba56d17,BUG,unable to handle kernel paging request,do_sys_poll,BUG: unable to handle kernel paging request in do_sys_poll,cover_eval_cp,41,,
sect_pct,2,dac17913a5b5246a1d1bd6734441801e03ce2b6d,BUG,stack guard page was hit,corrupted,BUG: stack guard page was hit in corrupted,cover_eval_cp,28,,
sect_pct,2,f5e68e16341d8bc960cd76ec3509b3e7a0f58dff,SYZFATAL,,,SYZFATAL: executor NUM failed NUM times: executor NUM: failed to write control pipe: write |NUM: broken pipe,cover_eval_cp,1,,
sect_pct,2,6a1be2e8450b6facd23a675d495d3b54ff34065c,BUG,soft lockup,ctnetlink_dump_table,BUG: soft lockup in ctnetlink_dump_table,cover_eval_cp,1,,
sect_pct,2,4c1dceb01dec061b63593f149cf10429fa012309,OTHER,possible deadlock,__perf_install_in_context,possible deadlock in __perf_install_in_context,cover_eval_cp,1,,
sect_pct,2,a94b2a16e944b260090d50801ada7667de2c9325,BUG,soft lockup,ipv6_list_rcv,BUG: soft lockup in ipv6_list_rcv,cover_eval_cp,1,,
sect_pct,2,a2ce4a2ec11b2fac63e6dd88a5f01b42c63de9a1,INFO,task hung,nbd_set_size,INFO: task hung in nbd_set_size,cover_eval_cp,1,,
sect_pct,2,41b74e6c247526f8fa6cc88d9db735c26704c66b,WARNING,refcount bug,j1939_session_put,WARNING: refcount bug in j1939_session_put,cover_eval_cp,100,,
sect_pct,9,c34d1bbeac0e46a9296ceb76d20d231534bcdc5f,SYZFATAL,,,SYZFATAL: executor NUM failed NUM times: failed to create temp dir: mkdir ./syzkaller-testdirNUM: no space left on devic,cover_eval_cp,1,,
sect_pct,9,cbc4c6f265a721b8de45305209c4b636b1440f1d,BUG,soft lockup,mac80211_hwsim_beacon,BUG: soft lockup in mac80211_hwsim_beacon,cover_eval_cp,1,,
sect_pct,9,e9f5b11984c54cecb386b92bb20c76d5d003719f,OTHER,,,no output from test machine,cover_eval_cp,0,,
sect_pct,9,4a5eb99ffff5749ea30d65b6652bb2ca9ce59b6c,BUG,unable to handle kernel paging request,put_cmsg,BUG: unable to handle kernel paging request in put_cmsg,cover_eval_cp,2,,
sect_pct,9,910e3195261654c617977513fc7cef18d9dde9bd,WARNING,,format_decode,WARNING in format_decode,cover_eval_cp,1,,
sect_pct,9,a0e28bdf8d48370fcc10e1f8ea4365b0c187eebe,BUG,soft lockup,hsr_announce,BUG: soft lockup in hsr_announce,cover_eval_cp,4,,
sect_pct,9,14692319382598dac4dee0cca30dcdf451cb5eb7,WARNING,,rate_control_rate_init,WARNING in rate_control_rate_init,cover_eval_cp,34,,
sect_pct,9,2f43513776335724f22aac1b056b930da4b84aff,SYZFATAL,,,SYZFATAL: executor NUM failed NUM times: executor NUM: not serving,cover_eval_cp,1,,
sect_pct,9,4246a83f2d80e1ae9289025ab9e616e26d66b38c,BUG,soft lockup,br_handle_frame,BUG: soft lockup in br_handle_frame,cover_eval_cp,1,,
sect_pct,9,a452f0e64788cc908f0eebdc7cdf2c97d97d3c3b,INFO,task hung,lookup_slow,INFO: task hung in lookup_slow,cover_eval_cp,1,,
sect_pct,9,66cd5b9b3e5519d9a31ee5746f4ef404859d99d0,WARNING,,dup_task_struct,WARNING in dup_task_struct,cover_eval_cp,1,,
sect_pct,9,aac06202f00169294688682e50daecc9c98a831b,BUG,soft lockup,ieee80211_handle_queued_frames,BUG: soft lockup in ieee80211_handle_queued_frames,cover_eval_cp,4,,
sect_pct,9,fccb8983032850b7cc801635bc9d23de0c011ff0,KASAN,slab-use-after-free Read,em28xx_init_extension,KASAN: slab-use-after-free Read in em28xx_init_extension,cover_eval_cp,2,,
sect_pct,9,c401efa8cefe905e64f586a50d8bbaf2d38f2350,INFO,task hung,addrconf_verify_work,INFO: task hung in addrconf_verify_work,cover_eval_cp,1,,
sect_pct,9,efb8c5fe01ecb5116825ce2409485c164c048f88,BUG,,,BUG: workqueue lockup,cover_eval_cp,6,,
sect_pct,9,78cdfde87b5285c5274cf9336a873c5072c53d29,WARNING,,p9_client_create,WARNING in p9_client_create,cover_eval_cp,29,,
sect_pct,9,37936123c8f81e38405258568172f9767d444d94,KASAN,slab-use-after-free Read,em28xx_release_resources,KASAN: slab-use-after-free Read in em28xx_release_resources,cover_eval_cp,1,,
sect_pct,9,7710d479d25bd92fa8c6ab0739174ea86b45b806,BUG,unable to handle kernel paging request,filldir64,BUG: unable to handle kernel paging request in filldir64,cover_eval_cp,27,,
sect_pct,9,5983a65cfeddb32fed63f8a733b3d810e05ba119,INFO,task hung,_free_event,INFO: task hung in _free_event,cover_eval_cp,4,,
sect_pct,9,b8cd92c1478d22bf00f49d211bf24287a812a0e0,INFO,task hung,bdev_release,INFO: task hung in bdev_release,cover_eval_cp,16,,
sect_pct,9,50b1d6f2fe0ed12b1cab0d134516164980c7323d,BUG,unable to handle kernel paging request,sys_pselect6,BUG: unable to handle kernel paging request in sys_pselect6,cover_eval_cp,27,,
sect_pct,9,36a86325c6d0d517177cae0323b51ae9da7de8fa,BUG,unable to handle kernel paging request,filldir,BUG: unable to handle kernel paging request in filldir,cover_eval_cp,15,,
sect_pct,9,df87226af75e2e906503e976819e1403142d677a,BUG,soft lockup,addrconf_rs_timer,BUG: soft lockup in addrconf_rs_timer,cover_eval_cp,17,,
sect_pct,9,63de2be03e3a7eda16f7bce15a9a80a4da54ae9c,INFO,task hung,tls_sk_proto_close,INFO: task hung in tls_sk_proto_close,cover_eval_cp,1,,
sect_pct,9,c55cf6656ce82c7ebd3e26802512fcba3d7d28ca,SYZFATAL,,,SYZFATAL: executor NUM failed NUM times: executor NUM: exit status NUM err signal: killed,cover_eval_cp,1,,
sect_pct,9,6e89ce80a10c14d6e832ef9b558bcd045825e05b,BUG,,,BUG: MAX_LOCKDEP_KEYS too low!,cover_eval_cp,2,,
sect_pct,9,3e51bb4cea12a057ab4bf22cba3cefdafeb87eaf,BUG,stack guard page was hit,io_sq_thread,BUG: stack guard page was hit in io_sq_thread,cover_eval_cp,3,,
sect_pct,9,516826201847b48385eb2843129a10be0fbb8bce,BUG,soft lockup,proc_reg_read,BUG: soft lockup in proc_reg_read,cover_eval_cp,1,,
sect_pct,9,11d137c334a427322898aa51903aed548ece812d,SYZFATAL,,,SYZFATAL: executor NUM failed NUM times: executor NUM: exit status NUM err exit status NUM,cover_eval_cp,80,,
sect_pct,9,dfc109c0cf7ead121984212eccd30401ec6dd3eb,WARNING,,ip_rt_bug,WARNING in ip_rt_bug,cover_eval_cp,2,,
sect_pct,9,62354553a886c8b88fb5d75ad0108d1806c76405,WARNING,,__folio_mark_dirty,WARNING in __folio_mark_dirty,cover_eval_cp,1,,
sect_pct,9,54ec343f5fa8ecb771acdd49bf649a6ecdc90ad4,OTHER,general protection fault,lmLogSync,general protection fault in lmLogSync,cover_eval_cp,1,,
sect_pct,9,fe781548d0a22bdbc3f703fc26dd1c43b0da5914,INFO,task hung,linkwatch_event,INFO: task hung in linkwatch_event,cover_eval_cp,3,,
sect_pct,9,9d511333ca910fa938fb14a0a82f40458bb615dc,BUG,soft lockup,call_timer_fn,BUG: soft lockup in call_timer_fn,cover_eval_cp,1,,
sect_pct,9,ce6ef2b22dd47563c725e7c93f7410f29021547b,OTHER,possible deadlock,task_rq_lock,possible deadlock in task_rq_lock,cover_eval_cp,46,,
sect_pct,9,f73b3116ad434cc9b97b908060b5e73752df3be7,WARNING,,restore_regulatory_settings,WARNING in restore_regulatory_settings,cover_eval_cp,4,,
sect_pct,9,10ea2b759f72ff5dd26bce896d853e10f00de743,OTHER,,,unregister_netdevice: waiting for DEV to become free,cover_eval_cp,1,,
sect_pct,9,b83ebc0f722370f9f7e120e759d663eb44f55efc,OTHER,,,suppressed report,cover_eval_cp,3,,
sect_pct,9,c7bef9a5b3324959844ec200a0dc227b249903f9,INFO,task hung,iterate_supers,INFO: task hung in iterate_supers,cover_eval_cp,2,,
sect_pct,9,831f79d9d5797d8fdcd097105b33f566f15be7e1,INFO,task hung,idle_cull_fn,INFO: task hung in idle_cull_fn,cover_eval_cp,2,,
sect_pct,9,439c37d288d4f26a33a6c7e5c57a97791453a447,OTHER,,,lost connection to test machine,cover_eval_cp,0,,
sect_pct,9,b439149adc4a059ec80b6e79575ba4b1ade460f3,WARNING,refcount bug,j1939_xtp_rx_cts,WARNING: refcount bug in j1939_xtp_rx_cts,cover_eval_cp,100,,
sect_pct,9,eb69e7ea1402b04195836e33cd82ead332e172b9,OTHER,possible deadlock,input_inject_event,possible deadlock in input_inject_event,cover_eval_cp,2,,
sect_pct,9,f48cc881b60886898c7e47830174497c7718d0a3,WARNING,,media_create_pad_link,WARNING in media_create_pad_link,cover_eval_cp,2,,
sect_pct,9,07804ed067fcaa4c8967003831699a24e9b634ed,INFO,task hung,jbd2_journal_commit_transaction,INFO: task hung in jbd2_journal_commit_transaction,cover_eval_cp,1,,
sect_pct,9,deb2755c3949d00e31a435f42d409dea62c98a27,BUG,soft lockup,sys_futex,BUG: soft lockup in sys_futex,cover_eval_cp,1,,
sect_pct,9,c16d8a13a5b01b10dd5b51c8277b2a34eba56d17,BUG,unable to handle kernel paging request,do_sys_poll,BUG: unable to handle kernel paging request in do_sys_poll,cover_eval_cp,52,,
sect_pct,9,5fe68c0f763c3644339804aa8a096294a4115723,BUG,soft lockup,neigh_timer_handler,BUG: soft lockup in neigh_timer_handler,cover_eval_cp,1,,
sect_pct,9,a7d102b4ecfd113482425e71b004203976489fdd,SYZFATAL,,,SYZFATAL: Manager.NewInput call failed: read tcp IP:NUM->IP:NUM: i/o timeout,cover_eval_cp,2,,
sect_pct,9,dac17913a5b5246a1d1bd6734441801e03ce2b6d,BUG,stack guard page was hit,corrupted,BUG: stack guard page was hit in corrupted,cover_eval_cp,33,,
sect_pct,9,f5e68e16341d8bc960cd76ec3509b3e7a0f58dff,SYZFATAL,,,SYZFATAL: executor NUM failed NUM times: executor NUM: failed to write control pipe: write |NUM: broken pipe,cover_eval_cp,1,,
sect_pct,9,41b74e6c247526f8fa6cc88d9db735c26704c66b,WARNING,refcount bug,j1939_session_put,WARNING: refcount bug in j1939_session_put,cover_eval_cp,100,,
syzkaller,7,e9f5b11984c54cecb386b92bb20c76d5d003719f,OTHER,,,no output from test machine,cover_eval_cp,0,,
syzkaller,7,910e3195261654c617977513fc7cef18d9dde9bd,WARNING,,format_decode,WARNING in format_decode,cover_eval_cp,3,,
syzkaller,7,14692319382598dac4dee0cca30dcdf451cb5eb7,WARNING,,rate_control_rate_init,WARNING in rate_control_rate_init,cover_eval_cp,27,,
syzkaller,7,9c7d0c78815f7f407102b63d07ed649359f3b8bb,OTHER,possible deadlock,smc_switch_to_fallback,possible deadlock in smc_switch_to_fallback,cover_eval_cp,1,,
syzkaller,7,3ecf6b4a8ad0e0b56040a426d48e1d96111d28c7,OTHER,possible deadlock,xfs_icwalk_process_inode,possible deadlock in xfs_icwalk_process_inode,cover_eval_cp,1,,
syzkaller,7,a452f0e64788cc908f0eebdc7cdf2c97d97d3c3b,INFO,task hung,lookup_slow,INFO: task hung in lookup_slow,cover_eval_cp,1,,
syzkaller,7,59debc80da86a9674811433e50182f2894e739a9,INFO,task hung,get_bMaxPacketSize0,INFO: task hung in get_bMaxPacketSize0,cover_eval_cp,1,,
syzkaller,7,1d9bb5d25d509bfa2a7dd17a2add36a0762765ac,BUG,,,"BUG: please report to dccp@vger.kernel.org => prev = NUM, last = NUM at net/dccp/ccids/lib/packet_history.c:LINE/tfrc_rx",cover_eval_cp,1,,
syzkaller,7,c401efa8cefe905e64f586a50d8bbaf2d38f2350,INFO,task hung,addrconf_verify_work,INFO: task hung in addrconf_verify_work,cover_eval_cp,1,,
syzkaller,7,78cdfde87b5285c5274cf9336a873c5072c53d29,WARNING,,p9_client_create,WARNING in p9_client_create,cover_eval_cp,42,,
syzkaller,7,5983a65cfeddb32fed63f8a733b3d810e05ba119,INFO,task hung,_free_event,INFO: task hung in _free_event,cover_eval_cp,19,,
syzkaller,7,b8cd92c1478d22bf00f49d211bf24287a812a0e0,INFO,task hung,bdev_release,INFO: task hung in bdev_release,cover_eval_cp,16,,
syzkaller,7,63de2be03e3a7eda16f7bce15a9a80a4da54ae9c,INFO,task hung,tls_sk_proto_close,INFO: task hung in tls_sk_proto_close,cover_eval_cp,2,,
syzkaller,7,c55cf6656ce82c7ebd3e26802512fcba3d7d28ca,SYZFATAL,,,SYZFATAL: executor NUM failed NUM times: executor NUM: exit status NUM err signal: killed,cover_eval_cp,1,,
syzkaller,7,6e89ce80a10c14d6e832ef9b558bcd045825e05b,BUG,,,BUG: MAX_LOCKDEP_KEYS too low!,cover_eval_cp,5,,
syzkaller,7,81ece6825b8fffb53f8fa281d8686695b24285a7,BUG,soft lockup,do_idle,BUG: soft lockup in do_idle,cover_eval_cp,1,,
syzkaller,7,11d137c334a427322898aa51903aed548ece812d,SYZFATAL,,,SYZFATAL: executor NUM failed NUM times: executor NUM: exit status NUM err exit status NUM,cover_eval_cp,7,,
syzkaller,7,dfc109c0cf7ead121984212eccd30401ec6dd3eb,WARNING,,ip_rt_bug,WARNING in ip_rt_bug,cover_eval_cp,4,,
syzkaller,7,62354553a886c8b88fb5d75ad0108d1806c76405,WARNING,,__folio_mark_dirty,WARNING in __folio_mark_dirty,cover_eval_cp,1,,
syzkaller,7,3a4009706c4f01341275ae0f98fc1bff7b1969d6,WARNING,,hfsplus_bnode_create,WARNING in hfsplus_bnode_create,cover_eval_cp,1,,
syzkaller,7,ce6ef2b22dd47563c725e7c93f7410f29021547b,OTHER,possible deadlock,task_rq_lock,possible deadlock in task_rq_lock,cover_eval_cp,1,,
syzkaller,7,f73b3116ad434cc9b97b908060b5e73752df3be7,WARNING,,restore_regulatory_settings,WARNING in restore_regulatory_settings,cover_eval_cp,4,,
syzkaller,7,b83ebc0f722370f9f7e120e759d663eb44f55efc,OTHER,,,suppressed report,cover_eval_cp,1,,
syzkaller,7,09a650f7fd6360cfe594f52776cd08e4dea82d6f,INFO,task hung,__rq_qos_throttle,INFO: task hung in __rq_qos_throttle,cover_eval_cp,1,,
syzkaller,7,b439149adc4a059ec80b6e79575ba4b1ade460f3,WARNING,refcount bug,j1939_xtp_rx_cts,WARNING: refcount bug in j1939_xtp_rx_cts,cover_eval_cp,100,,
syzkaller,7,057de8d8fd45c5ae46e83f2daa1599f8d6333330,OTHER,kernel BUG,z3fold_page_migrate,kernel BUG in z3fold_page_migrate,cover_eval_cp,4,,
syzkaller,7,eb69e7ea1402b04195836e33cd82ead332e172b9,OTHER,possible deadlock,input_inject_event,possible deadlock in input_inject_event,cover_eval_cp,2,,
syzkaller,7,f48cc881b60886898c7e47830174497c7718d0a3,WARNING,,media_create_pad_link,WARNING in media_create_pad_link,cover_eval_cp,1,,
syzkaller,7,a7d102b4ecfd113482425e71b004203976489fdd,SYZFATAL,,,SYZFATAL: Manager.NewInput call failed: read tcp IP:NUM->IP:NUM: i/o timeout,cover_eval_cp,1,,
syzkaller,7,c8706fee1db2b029d0d78a4fec5aa655b59bbc3e,OTHER,general protection fault,pick_task_fair,general protection fault in pick_task_fair,cover_eval_cp,5,,
syzkaller,7,4c1dceb01dec061b63593f149cf10429fa012309,OTHER,possible deadlock,__perf_install_in_context,possible deadlock in __perf_install_in_context,cover_eval_cp,1,,
syzkaller,7,1b79df1c08acba29e13c8f2a327c68cb3b124008,BUG,corrupted list,team_priority_option_set,BUG: corrupted list in team_priority_option_set,cover_eval_cp,1,,
syzkaller,7,41b74e6c247526f8fa6cc88d9db735c26704c66b,WARNING,refcount bug,j1939_session_put,WARNING: refcount bug in j1939_session_put,cover_eval_cp,100,,
sect_rw,13,b119512f700a814f9d971b4baaac453fbee65f3f,BUG,soft lockup,task_mm_cid_work,BUG: soft lockup in task_mm_cid_work,cover_eval_cp,1,,
sect_rw,13,cbc4c6f265a721b8de45305209c4b636b1440f1d,BUG,soft lockup,mac80211_hwsim_beacon,BUG: soft lockup in mac80211_hwsim_beacon,cover_eval_cp,1,,
sect_rw,13,e9f5b11984c54cecb386b92bb20c76d5d003719f,OTHER,,,no output from test machine,cover_eval_cp,0,,
sect_rw,13,4a5eb99ffff5749ea30d65b6652bb2ca9ce59b6c,BUG,unable to handle kernel paging request,put_cmsg,BUG: unable to handle kernel paging request in put_cmsg,cover_eval_cp,2,,
sect_rw,13,a726bdbfdf37ab73c078dcf88e3249d9ec47fbf9,INFO,task hung,gfs2_jhead_process_page,INFO: task hung in gfs2_jhead_process_page,cover_eval_cp,4,,
sect_rw,13,910e3195261654c617977513fc7cef18d9dde9bd,WARNING,,format_decode,WARNING in format_decode,cover_eval_cp,4,,
sect_rw,13,14692319382598dac4dee0cca30dcdf451cb5eb7,WARNING,,rate_control_rate_init,WARNING in rate_control_rate_init,cover_eval_cp,29,,
sect_rw,13,9c7d0c78815f7f407102b63d07ed649359f3b8bb,OTHER,possible deadlock,smc_switch_to_fallback,possible deadlock in smc_switch_to_fallback,cover_eval_cp,1,,
sect_rw,13,2f43513776335724f22aac1b056b930da4b84aff,SYZFATAL,,,SYZFATAL: executor NUM failed NUM times: executor NUM: not serving,cover_eval_cp,1,,
sect_rw,13,a452f0e64788cc908f0eebdc7cdf2c97d97d3c3b,INFO,task hung,lookup_slow,INFO: task hung in lookup_slow,cover_eval_cp,2,,
sect_rw,13,66cd5b9b3e5519d9a31ee5746f4ef404859d99d0,WARNING,,dup_task_struct,WARNING in dup_task_struct,cover_eval_cp,2,,
sect_rw,13,aac06202f00169294688682e50daecc9c98a831b,BUG,soft lockup,ieee80211_handle_queued_frames,BUG: soft lockup in ieee80211_handle_queued_frames,cover_eval_cp,6,,
sect_rw,13,a6b4da7baffd25e630e39e5b0555269fa08f3e94,INFO,task hung,cleanup_net,INFO: task hung in cleanup_net,cover_eval_cp,1,,
sect_rw,13,efb8c5fe01ecb5116825ce2409485c164c048f88,BUG,,,BUG: workqueue lockup,cover_eval_cp,7,,
sect_rw,13,02c21219d36edc62db775545d5206fd5a3150199,KASAN,slab-use-after-free Read,v4l2_fh_init,KASAN: slab-use-after-free Read in v4l2_fh_init,cover_eval_cp,1,,
sect_rw,13,78cdfde87b5285c5274cf9336a873c5072c53d29,WARNING,,p9_client_create,WARNING in p9_client_create,cover_eval_cp,35,,
sect_rw,13,37936123c8f81e38405258568172f9767d444d94,KASAN,slab-use-after-free Read,em28xx_release_resources,KASAN: slab-use-after-free Read in em28xx_release_resources,cover_eval_cp,2,,
sect_rw,13,7710d479d25bd92fa8c6ab0739174ea86b45b806,BUG,unable to handle kernel paging request,filldir64,BUG: unable to handle kernel paging request in filldir64,cover_eval_cp,22,,
sect_rw,13,5983a65cfeddb32fed63f8a733b3d810e05ba119,INFO,task hung,_free_event,INFO: task hung in _free_event,cover_eval_cp,1,,
sect_rw,13,d6bbbb0f9b4b79b1d2b0d76233bc169891d1f72a,INFO,task hung,tty_set_termios,INFO: task hung in tty_set_termios,cover_eval_cp,1,,
sect_rw,13,b8cd92c1478d22bf00f49d211bf24287a812a0e0,INFO,task hung,bdev_release,INFO: task hung in bdev_release,cover_eval_cp,24,,
sect_rw,13,50b1d6f2fe0ed12b1cab0d134516164980c7323d,BUG,unable to handle kernel paging request,sys_pselect6,BUG: unable to handle kernel paging request in sys_pselect6,cover_eval_cp,21,,
sect_rw,13,86fc217b03c88aa11dd51130d3a13f0cfebe9db7,BUG,soft lockup,smp_call_function,BUG: soft lockup in smp_call_function,cover_eval_cp,1,,
sect_rw,13,36a86325c6d0d517177cae0323b51ae9da7de8fa,BUG,unable to handle kernel paging request,filldir,BUG: unable to handle kernel paging request in filldir,cover_eval_cp,23,,
sect_rw,13,df87226af75e2e906503e976819e1403142d677a,BUG,soft lockup,addrconf_rs_timer,BUG: soft lockup in addrconf_rs_timer,cover_eval_cp,13,,
sect_rw,13,3056e0207567b5ab2df376e1400f858b88d0f665,OTHER,kernel BUG,zero_user_segments,kernel BUG in zero_user_segments,cover_eval_cp,1,,
sect_rw,13,dd029cbcea11e425c68d1b389d148057eb3cc789,BUG,soft lockup,ip_list_rcv,BUG: soft lockup in ip_list_rcv,cover_eval_cp,1,,
sect_rw,13,63de2be03e3a7eda16f7bce15a9a80a4da54ae9c,INFO,task hung,tls_sk_proto_close,INFO: task hung in tls_sk_proto_close,cover_eval_cp,2,,
sect_rw,13,c55cf6656ce82c7ebd3e26802512fcba3d7d28ca,SYZFATAL,,,SYZFATAL: executor NUM failed NUM times: executor NUM: exit status NUM err signal: killed,cover_eval_cp,1,,
sect_rw,13,6e89ce80a10c14d6e832ef9b558bcd045825e05b,BUG,,,BUG: MAX_LOCKDEP_KEYS too low!,cover_eval_cp,2,,
sect_rw,13,138f72250c0eb32d7bc6830a77dc8b285653ea2d,BUG,soft lockup,sctp_generate_heartbeat_event,BUG: soft lockup in sctp_generate_heartbeat_event,cover_eval_cp,1,,
sect_rw,13,f75a938fff71c7087689f28272e1e55ac4c89ec2,BUG,soft lockup,br_forward_delay_timer_expired,BUG: soft lockup in br_forward_delay_timer_expired,cover_eval_cp,1,,
sect_rw,13,3e51bb4cea12a057ab4bf22cba3cefdafeb87eaf,BUG,stack guard page was hit,io_sq_thread,BUG: stack guard page was hit in io_sq_thread,cover_eval_cp,2,,
sect_rw,13,11d137c334a427322898aa51903aed548ece812d,SYZFATAL,,,SYZFATAL: executor NUM failed NUM times: executor NUM: exit status NUM err exit status NUM,cover_eval_cp,72,,
sect_rw,13,dfc109c0cf7ead121984212eccd30401ec6dd3eb,WARNING,,ip_rt_bug,WARNING in ip_rt_bug,cover_eval_cp,2,,
sect_rw,13,62354553a886c8b88fb5d75ad0108d1806c76405,WARNING,,__folio_mark_dirty,WARNING in __folio_mark_dirty,cover_eval_cp,1,,
sect_rw,13,d1e47f5727e043c23a56930ed82d649a3e19567a,INFO,task hung,rtnetlink_rcv_msg,INFO: task hung in rtnetlink_rcv_msg,cover_eval_cp,1,,
sect_rw,13,4e6932b799a8dff0d95eec2c99872fba0eb214f7,OTHER,possible deadlock,do_ipv6_setsockopt,possible deadlock in do_ipv6_setsockopt,cover_eval_cp,1,,
sect_rw,13,fe781548d0a22bdbc3f703fc26dd1c43b0da5914,INFO,task hung,linkwatch_event,INFO: task hung in linkwatch_event,cover_eval_cp,2,,
sect_rw,13,0418de12f4357d538dd9ae036bfe6ad4600068d5,BUG,soft lockup,aoecmd_cfg,BUG: soft lockup in aoecmd_cfg,cover_eval_cp,1,,
sect_rw,13,ce6ef2b22dd47563c725e7c93f7410f29021547b,OTHER,possible deadlock,task_rq_lock,possible deadlock in task_rq_lock,cover_eval_cp,29,,
sect_rw,13,f73b3116ad434cc9b97b908060b5e73752df3be7,WARNING,,restore_regulatory_settings,WARNING in restore_regulatory_settings,cover_eval_cp,1,,
sect_rw,13,10ea2b759f72ff5dd26bce896d853e10f00de743,OTHER,,,unregister_netdevice: waiting for DEV to become free,cover_eval_cp,2,,
sect_rw,13,5c031898f3dd603147048bfd827310afcfc99475,KASAN,invalid-free,dev_free,KASAN: invalid-free in dev_free,cover_eval_cp,1,,
sect_rw,13,b83ebc0f722370f9f7e120e759d663eb44f55efc,OTHER,,,suppressed report,cover_eval_cp,0,,
sect_rw,13,c7bef9a5b3324959844ec200a0dc227b249903f9,INFO,task hung,iterate_supers,INFO: task hung in iterate_supers,cover_eval_cp,2,,
sect_rw,13,1bd4bf9c88091a109f3308ed0e7f9cba4f46096a,OTHER,general protection fault,rose_transmit_link,general protection fault in rose_transmit_link,cover_eval_cp,1,,
sect_rw,13,d713702b5b286b7704349bdd865755658baff3e8,KASAN,use-after-free Read,em28xx_init_extension,KASAN: use-after-free Read in em28xx_init_extension,cover_eval_cp,1,,
sect_rw,13,439c37d288d4f26a33a6c7e5c57a97791453a447,OTHER,,,lost connection to test machine,cover_eval_cp,0,,
sect_rw,13,f311884ffb3006f0917bb38c3d12a48f2cafb3b0,BUG,soft lockup,NF_HOOK,BUG: soft lockup in NF_HOOK,cover_eval_cp,2,,
sect_rw,13,b439149adc4a059ec80b6e79575ba4b1ade460f3,WARNING,refcount bug,j1939_xtp_rx_cts,WARNING: refcount bug in j1939_xtp_rx_cts,cover_eval_cp,100,,
sect_rw,13,eb69e7ea1402b04195836e33cd82ead332e172b9,OTHER,possible deadlock,input_inject_event,possible deadlock in input_inject_event,cover_eval_cp,3,,
sect_rw,13,deb2755c3949d00e31a435f42d409dea62c98a27,BUG,soft lockup,sys_futex,BUG: soft lockup in sys_futex,cover_eval_cp,1,,
sect_rw,13,c16d8a13a5b01b10dd5b51c8277b2a34eba56d17,BUG,unable to handle kernel paging request,do_sys_poll,BUG: unable to handle kernel paging request in do_sys_poll,cover_eval_cp,40,,
sect_rw,13,2c94f64b318b4b960a8e789413bb6fd89d1103ae,BUG,soft lockup,__mod_timer,BUG: soft lockup in __mod_timer,cover_eval_cp,1,,
sect_rw,13,dac17913a5b5246a1d1bd6734441801e03ce2b6d,BUG,stack guard page was hit,corrupted,BUG: stack guard page was hit in corrupted,cover_eval_cp,31,,
sect_rw,13,4c1dceb01dec061b63593f149cf10429fa012309,OTHER,possible deadlock,__perf_install_in_context,possible deadlock in __perf_install_in_context,cover_eval_cp,1,,
sect_rw,13,41b74e6c247526f8fa6cc88d9db735c26704c66b,WARNING,refcount bug,j1939_session_put,WARNING: refcount bug in j1939_session_put,cover_eval_cp,100,,
sect_pct,6,c34d1bbeac0e46a9296ceb76d20d231534bcdc5f,SYZFATAL,,,SYZFATAL: executor NUM failed NUM times: failed to create temp dir: mkdir ./syzkaller-testdirNUM: no space left on devic,cover_eval_cp,1,,
sect_pct,6,ed45297d83f36a8f95714633b070503be369d934,BUG,soft lockup,snd_seq_write,BUG: soft lockup in snd_seq_write,cover_eval_cp,1,,
sect_pct,6,e9f5b11984c54cecb386b92bb20c76d5d003719f,OTHER,,,no output from test machine,cover_eval_cp,0,,
sect_pct,6,8a1638229db60175d7fa5e570f8e450a1b567a94,WARNING,,ieee80211_start_next_roc,WARNING in ieee80211_start_next_roc,cover_eval_cp,1,,
sect_pct,6,910e3195261654c617977513fc7cef18d9dde9bd,WARNING,,format_decode,WARNING in format_decode,cover_eval_cp,2,,
sect_pct,6,a0e28bdf8d48370fcc10e1f8ea4365b0c187eebe,BUG,soft lockup,hsr_announce,BUG: soft lockup in hsr_announce,cover_eval_cp,2,,
sect_pct,6,14692319382598dac4dee0cca30dcdf451cb5eb7,WARNING,,rate_control_rate_init,WARNING in rate_control_rate_init,cover_eval_cp,28,,
sect_pct,6,2f43513776335724f22aac1b056b930da4b84aff,SYZFATAL,,,SYZFATAL: executor NUM failed NUM times: executor NUM: not serving,cover_eval_cp,2,,
sect_pct,6,789655d782ea80516a44ae6f34176c7b0a96665b,BUG,soft lockup,wg_packet_send_staged_packets,BUG: soft lockup in wg_packet_send_staged_packets,cover_eval_cp,1,,
sect_pct,6,a3e578a36f004f390cbe1b9f9fc24550997067b4,BUG,soft lockup,wg_packet_send_keepalive,BUG: soft lockup in wg_packet_send_keepalive,cover_eval_cp,1,,
sect_pct,6,a452f0e64788cc908f0eebdc7cdf2c97d97d3c3b,INFO,task hung,lookup_slow,INFO: task hung in lookup_slow,cover_eval_cp,2,,
sect_pct,6,66cd5b9b3e5519d9a31ee5746f4ef404859d99d0,WARNING,,dup_task_struct,WARNING in dup_task_struct,cover_eval_cp,3,,
sect_pct,6,d55cddbfbe70446f2d66df758e7e93c285e69db9,WARNING,,call_timer_fn,WARNING in call_timer_fn,cover_eval_cp,1,,
sect_pct,6,aac06202f00169294688682e50daecc9c98a831b,BUG,soft lockup,ieee80211_handle_queued_frames,BUG: soft lockup in ieee80211_handle_queued_frames,cover_eval_cp,5,,
sect_pct,6,a6b4da7baffd25e630e39e5b0555269fa08f3e94,INFO,task hung,cleanup_net,INFO: task hung in cleanup_net,cover_eval_cp,2,,
sect_pct,6,efb8c5fe01ecb5116825ce2409485c164c048f88,BUG,,,BUG: workqueue lockup,cover_eval_cp,6,,
sect_pct,6,02c21219d36edc62db775545d5206fd5a3150199,KASAN,slab-use-after-free Read,v4l2_fh_init,KASAN: slab-use-after-free Read in v4l2_fh_init,cover_eval_cp,3,,
sect_pct,6,78cdfde87b5285c5274cf9336a873c5072c53d29,WARNING,,p9_client_create,WARNING in p9_client_create,cover_eval_cp,40,,
sect_pct,6,37936123c8f81e38405258568172f9767d444d94,KASAN,slab-use-after-free Read,em28xx_release_resources,KASAN: slab-use-after-free Read in em28xx_release_resources,cover_eval_cp,1,,
sect_pct,6,7710d479d25bd92fa8c6ab0739174ea86b45b806,BUG,unable to handle kernel paging request,filldir64,BUG: unable to handle kernel paging request in filldir64,cover_eval_cp,25,,
sect_pct,6,5983a65cfeddb32fed63f8a733b3d810e05ba119,INFO,task hung,_free_event,INFO: task hung in _free_event,cover_eval_cp,4,,
sect_pct,6,b8cd92c1478d22bf00f49d211bf24287a812a0e0,INFO,task hung,bdev_release,INFO: task hung in bdev_release,cover_eval_cp,13,,
sect_pct,6,50b1d6f2fe0ed12b1cab0d134516164980c7323d,BUG,unable to handle kernel paging request,sys_pselect6,BUG: unable to handle kernel paging request in sys_pselect6,cover_eval_cp,16,,
sect_pct,6,36a86325c6d0d517177cae0323b51ae9da7de8fa,BUG,unable to handle kernel paging request,filldir,BUG: unable to handle kernel paging request in filldir,cover_eval_cp,19,,
sect_pct,6,724081886ad53671b1e5cd5dc8336ad799d4954d,INFO,task hung,new_device_store,INFO: task hung in new_device_store,cover_eval_cp,1,,
sect_pct,6,93a86ea16bdfeef01b3b0b14d18ff8234b7f10a6,BUG,unable to handle kernel NULL pointer dereference,filldir64,BUG: unable to handle kernel NULL pointer dereference in filldir64,cover_eval_cp,1,,
sect_pct,6,df87226af75e2e906503e976819e1403142d677a,BUG,soft lockup,addrconf_rs_timer,BUG: soft lockup in addrconf_rs_timer,cover_eval_cp,19,,
sect_pct,6,dd029cbcea11e425c68d1b389d148057eb3cc789,BUG,soft lockup,ip_list_rcv,BUG: soft lockup in ip_list_rcv,cover_eval_cp,1,,
sect_pct,6,63de2be03e3a7eda16f7bce15a9a80a4da54ae9c,INFO,task hung,tls_sk_proto_close,INFO: task hung in tls_sk_proto_close,cover_eval_cp,2,,
sect_pct,6,1a6abe077825183e67b67c3313ea6f99a992fe86,INFO,rcu detected stall,corrupted,INFO: rcu detected stall in corrupted,cover_eval_cp,1,,
sect_pct,6,6e89ce80a10c14d6e832ef9b558bcd045825e05b,BUG,,,BUG: MAX_LOCKDEP_KEYS too low!,cover_eval_cp,2,,
sect_pct,6,971890fe5480ab913cb6945227ae22f3c822f6ec,INFO,task hung,blkdev_fallocate,INFO: task hung in blkdev_fallocate,cover_eval_cp,1,,
sect_pct,6,f75a938fff71c7087689f28272e1e55ac4c89ec2,BUG,soft lockup,br_forward_delay_timer_expired,BUG: soft lockup in br_forward_delay_timer_expired,cover_eval_cp,1,,
sect_pct,6,11d137c334a427322898aa51903aed548ece812d,SYZFATAL,,,SYZFATAL: executor NUM failed NUM times: executor NUM: exit status NUM err exit status NUM,cover_eval_cp,64,,
sect_pct,6,dfc109c0cf7ead121984212eccd30401ec6dd3eb,WARNING,,ip_rt_bug,WARNING in ip_rt_bug,cover_eval_cp,3,,
sect_pct,6,62354553a886c8b88fb5d75ad0108d1806c76405,WARNING,,__folio_mark_dirty,WARNING in __folio_mark_dirty,cover_eval_cp,1,,
sect_pct,6,fe781548d0a22bdbc3f703fc26dd1c43b0da5914,INFO,task hung,linkwatch_event,INFO: task hung in linkwatch_event,cover_eval_cp,1,,
sect_pct,6,ce6ef2b22dd47563c725e7c93f7410f29021547b,OTHER,possible deadlock,task_rq_lock,possible deadlock in task_rq_lock,cover_eval_cp,43,,
sect_pct,6,f73b3116ad434cc9b97b908060b5e73752df3be7,WARNING,,restore_regulatory_settings,WARNING in restore_regulatory_settings,cover_eval_cp,2,,
sect_pct,6,10ea2b759f72ff5dd26bce896d853e10f00de743,OTHER,,,unregister_netdevice: waiting for DEV to become free,cover_eval_cp,4,,
sect_pct,6,b83ebc0f722370f9f7e120e759d663eb44f55efc,OTHER,,,suppressed report,cover_eval_cp,3,,
sect_pct,6,d713702b5b286b7704349bdd865755658baff3e8,KASAN,use-after-free Read,em28xx_init_extension,KASAN: use-after-free Read in em28xx_init_extension,cover_eval_cp,2,,
sect_pct,6,439c37d288d4f26a33a6c7e5c57a97791453a447,OTHER,,,lost connection to test machine,cover_eval_cp,0,,
sect_pct,6,b439149adc4a059ec80b6e79575ba4b1ade460f3,WARNING,refcount bug,j1939_xtp_rx_cts,WARNING: refcount bug in j1939_xtp_rx_cts,cover_eval_cp,100,,
sect_pct,6,057de8d8fd45c5ae46e83f2daa1599f8d6333330,OTHER,kernel BUG,z3fold_page_migrate,kernel BUG in z3fold_page_migrate,cover_eval_cp,1,,
sect_pct,6,eb69e7ea1402b04195836e33cd82ead332e172b9,OTHER,possible deadlock,input_inject_event,possible deadlock in input_inject_event,cover_eval_cp,5,,
sect_pct,6,c16d8a13a5b01b10dd5b51c8277b2a34eba56d17,BUG,unable to handle kernel paging request,do_sys_poll,BUG: unable to handle kernel paging request in do_sys_poll,cover_eval_cp,40,,
sect_pct,6,40e12d12cb3785d16de5fcf71c9b99ce79ff831c,INFO,task hung,addrconf_dad_work,INFO: task hung in addrconf_dad_work,cover_eval_cp,1,,
sect_pct,6,dac17913a5b5246a1d1bd6734441801e03ce2b6d,BUG,stack guard page was hit,corrupted,BUG: stack guard page was hit in corrupted,cover_eval_cp,40,,
sect_pct,6,41b74e6c247526f8fa6cc88d9db735c26704c66b,WARNING,refcount bug,j1939_session_put,WARNING: refcount bug in j1939_session_put,cover_eval_cp,100,,
sect_pos,4,e9f5b11984c54cecb386b92bb20c76d5d003719f,OTHER,,,no output from test machine,cover_eval_cp,0,,
sect_pos,4,8a1638229db60175d7fa5e570f8e450a1b567a94,WARNING,,ieee80211_start_next_roc,WARNING in ieee80211_start_next_roc,cover_eval_cp,1,,
sect_pos,4,4a5eb99ffff5749ea30d65b6652bb2ca9ce59b6c,BUG,unable to handle kernel paging request,put_cmsg,BUG: unable to handle kernel paging request in put_cmsg,cover_eval_cp,1,,
sect_pos,4,910e3195261654c617977513fc7cef18d9dde9bd,WARNING,,format_decode,WARNING in format_decode,cover_eval_cp,1,,
sect_pos,4,a0e28bdf8d48370fcc10e1f8ea4365b0c187eebe,BUG,soft lockup,hsr_announce,BUG: soft lockup in hsr_announce,cover_eval_cp,1,,
sect_pos,4,410ca9502222cbcf80c25f3d9ed17443d7c99cfb,INFO,task hung,n_tty_ioctl,INFO: task hung in n_tty_ioctl,cover_eval_cp,1,,
sect_pos,4,cd87a1692cc27af93f0420f8ac1f90904ed95358,BUG,corrupted list,__team_queue_override_port_del,BUG: corrupted list in __team_queue_override_port_del,cover_eval_cp,1,,
sect_pos,4,14692319382598dac4dee0cca30dcdf451cb5eb7,WARNING,,rate_control_rate_init,WARNING in rate_control_rate_init,cover_eval_cp,30,,
sect_pos,4,14e36c53c49d1649e580b505caf0675f4e9de5f5,BUG,soft lockup,tcp_write_timer,BUG: soft lockup in tcp_write_timer,cover_eval_cp,1,,
sect_pos,4,a452f0e64788cc908f0eebdc7cdf2c97d97d3c3b,INFO,task hung,lookup_slow,INFO: task hung in lookup_slow,cover_eval_cp,1,,
sect_pos,4,66cd5b9b3e5519d9a31ee5746f4ef404859d99d0,WARNING,,dup_task_struct,WARNING in dup_task_struct,cover_eval_cp,1,,
sect_pos,4,302cc9c7eda23ee879e94dedee0946e6b85959e5,SYZFATAL,,,SYZFATAL: Manager.NewInput call failed: read tcp IP:NUM->IP:NUM: read: connection timed out,cover_eval_cp,1,,
sect_pos,4,aac06202f00169294688682e50daecc9c98a831b,BUG,soft lockup,ieee80211_handle_queued_frames,BUG: soft lockup in ieee80211_handle_queued_frames,cover_eval_cp,8,,
sect_pos,4,fccb8983032850b7cc801635bc9d23de0c011ff0,KASAN,slab-use-after-free Read,em28xx_init_extension,KASAN: slab-use-after-free Read in em28xx_init_extension,cover_eval_cp,1,,
sect_pos,4,c401efa8cefe905e64f586a50d8bbaf2d38f2350,INFO,task hung,addrconf_verify_work,INFO: task hung in addrconf_verify_work,cover_eval_cp,1,,
sect_pos,4,a6b4da7baffd25e630e39e5b0555269fa08f3e94,INFO,task hung,cleanup_net,INFO: task hung in cleanup_net,cover_eval_cp,2,,
sect_pos,4,efb8c5fe01ecb5116825ce2409485c164c048f88,BUG,,,BUG: workqueue lockup,cover_eval_cp,6,,
sect_pos,4,02c21219d36edc62db775545d5206fd5a3150199,KASAN,slab-use-after-free Read,v4l2_fh_init,KASAN: slab-use-after-free Read in v4l2_fh_init,cover_eval_cp,1,,
sect_pos,4,78cdfde87b5285c5274cf9336a873c5072c53d29,WARNING,,p9_client_create,WARNING in p9_client_create,cover_eval_cp,30,,
sect_pos,4,733343303fca2ceb29ab47d7e2a5c230a0c592d6,WARNING,,vkms_get_vblank_timestamp,WARNING in vkms_get_vblank_timestamp,cover_eval_cp,1,,
sect_pos,4,7710d479d25bd92fa8c6ab0739174ea86b45b806,BUG,unable to handle kernel paging request,filldir64,BUG: unable to handle kernel paging request in filldir64,cover_eval_cp,19,,
sect_pos,4,5983a65cfeddb32fed63f8a733b3d810e05ba119,INFO,task hung,_free_event,INFO: task hung in _free_event,cover_eval_cp,4,,
sect_pos,4,b8cd92c1478d22bf00f49d211bf24287a812a0e0,INFO,task hung,bdev_release,INFO: task hung in bdev_release,cover_eval_cp,14,,
sect_pos,4,50b1d6f2fe0ed12b1cab0d134516164980c7323d,BUG,unable to handle kernel paging request,sys_pselect6,BUG: unable to handle kernel paging request in sys_pselect6,cover_eval_cp,28,,
sect_pos,4,36a86325c6d0d517177cae0323b51ae9da7de8fa,BUG,unable to handle kernel paging request,filldir,BUG: unable to handle kernel paging request in filldir,cover_eval_cp,16,,
sect_pos,4,df87226af75e2e906503e976819e1403142d677a,BUG,soft lockup,addrconf_rs_timer,BUG: soft lockup in addrconf_rs_timer,cover_eval_cp,17,,
sect_pos,4,d67fd72bada0dd71b399c11ffb8a96041a27dbdb,BUG,soft lockup,wg_expired_new_handshake,BUG: soft lockup in wg_expired_new_handshake,cover_eval_cp,1,,
sect_pos,4,63de2be03e3a7eda16f7bce15a9a80a4da54ae9c,INFO,task hung,tls_sk_proto_close,INFO: task hung in tls_sk_proto_close,cover_eval_cp,1,,
sect_pos,4,1da9531af1a56dcb2b6ff574e0690329ab223f43,BUG,soft lockup,vm_mmap_pgoff,BUG: soft lockup in vm_mmap_pgoff,cover_eval_cp,1,,
sect_pos,4,6e89ce80a10c14d6e832ef9b558bcd045825e05b,BUG,,,BUG: MAX_LOCKDEP_KEYS too low!,cover_eval_cp,10,,
sect_pos,4,971890fe5480ab913cb6945227ae22f3c822f6ec,INFO,task hung,blkdev_fallocate,INFO: task hung in blkdev_fallocate,cover_eval_cp,1,,
sect_pos,4,3e51bb4cea12a057ab4bf22cba3cefdafeb87eaf,BUG,stack guard page was hit,io_sq_thread,BUG: stack guard page was hit in io_sq_thread,cover_eval_cp,2,,
sect_pos,4,11d137c334a427322898aa51903aed548ece812d,SYZFATAL,,,SYZFATAL: executor NUM failed NUM times: executor NUM: exit status NUM err exit status NUM,cover_eval_cp,80,,
sect_pos,4,dfc109c0cf7ead121984212eccd30401ec6dd3eb,WARNING,,ip_rt_bug,WARNING in ip_rt_bug,cover_eval_cp,1,,
sect_pos,4,9d511333ca910fa938fb14a0a82f40458bb615dc,BUG,soft lockup,call_timer_fn,BUG: soft lockup in call_timer_fn,cover_eval_cp,2,,
sect_pos,4,ce6ef2b22dd47563c725e7c93f7410f29021547b,OTHER,possible deadlock,task_rq_lock,possible deadlock in task_rq_lock,cover_eval_cp,34,,
sect_pos,4,f73b3116ad434cc9b97b908060b5e73752df3be7,WARNING,,restore_regulatory_settings,WARNING in restore_regulatory_settings,cover_eval_cp,3,,
sect_pos,4,10ea2b759f72ff5dd26bce896d853e10f00de743,OTHER,,,unregister_netdevice: waiting for DEV to become free,cover_eval_cp,2,,
sect_pos,4,b83ebc0f722370f9f7e120e759d663eb44f55efc,OTHER,,,suppressed report,cover_eval_cp,1,,
sect_pos,4,c7bef9a5b3324959844ec200a0dc227b249903f9,INFO,task hung,iterate_supers,INFO: task hung in iterate_supers,cover_eval_cp,3,,
sect_pos,4,d870630cedefaaf2c870f9459f559a5bebb8e843,INFO,task hung,nsim_create,INFO: task hung in nsim_create,cover_eval_cp,1,,
sect_pos,4,439c37d288d4f26a33a6c7e5c57a97791453a447,OTHER,,,lost connection to test machine,cover_eval_cp,0,,
sect_pos,4,b439149adc4a059ec80b6e79575ba4b1ade460f3,WARNING,refcount bug,j1939_xtp_rx_cts,WARNING: refcount bug in j1939_xtp_rx_cts,cover_eval_cp,100,,
sect_pos,4,eb69e7ea1402b04195836e33cd82ead332e172b9,OTHER,possible deadlock,input_inject_event,possible deadlock in input_inject_event,cover_eval_cp,5,,
sect_pos,4,c16d8a13a5b01b10dd5b51c8277b2a34eba56d17,BUG,unable to handle kernel paging request,do_sys_poll,BUG: unable to handle kernel paging request in do_sys_poll,cover_eval_cp,56,,
sect_pos,4,a7d102b4ecfd113482425e71b004203976489fdd,SYZFATAL,,,SYZFATAL: Manager.NewInput call failed: read tcp IP:NUM->IP:NUM: i/o timeout,cover_eval_cp,1,,
sect_pos,4,5bf7684c4d5e7342a6f8f953236323f8a3e2ce7a,INFO,task hung,pwq_release_workfn,INFO: task hung in pwq_release_workfn,cover_eval_cp,1,,
sect_pos,4,40e12d12cb3785d16de5fcf71c9b99ce79ff831c,INFO,task hung,addrconf_dad_work,INFO: task hung in addrconf_dad_work,cover_eval_cp,1,,
sect_pos,4,dac17913a5b5246a1d1bd6734441801e03ce2b6d,BUG,stack guard page was hit,corrupted,BUG: stack guard page was hit in corrupted,cover_eval_cp,33,,
sect_pos,4,41b74e6c247526f8fa6cc88d9db735c26704c66b,WARNING,refcount bug,j1939_session_put,WARNING: refcount bug in j1939_session_put,cover_eval_cp,100,,
syzkaller,0,e9f5b11984c54cecb386b92bb20c76d5d003719f,OTHER,,,no output from test machine,cover_eval_cp,0,,
syzkaller,0,8a1638229db60175d7fa5e570f8e450a1b567a94,WARNING,,ieee80211_start_next_roc,WARNING in ieee80211_start_next_roc,cover_eval_cp,1,,
syzkaller,0,910e3195261654c617977513fc7cef18d9dde9bd,WARNING,,format_decode,WARNING in format_decode,cover_eval_cp,2,,
syzkaller,0,14692319382598dac4dee0cca30dcdf451cb5eb7,WARNING,,rate_control_rate_init,WARNING in rate_control_rate_init,cover_eval_cp,29,,
syzkaller,0,a452f0e64788cc908f0eebdc7cdf2c97d97d3c3b,INFO,task hung,lookup_slow,INFO: task hung in lookup_slow,cover_eval_cp,1,,
syzkaller,0,59debc80da86a9674811433e50182f2894e739a9,INFO,task hung,get_bMaxPacketSize0,INFO: task hung in get_bMaxPacketSize0,cover_eval_cp,1,,
syzkaller,0,1d9bb5d25d509bfa2a7dd17a2add36a0762765ac,BUG,,,"BUG: please report to dccp@vger.kernel.org => prev = NUM, last = NUM at net/dccp/ccids/lib/packet_history.c:LINE/tfrc_rx",cover_eval_cp,2,,
syzkaller,0,fccb8983032850b7cc801635bc9d23de0c011ff0,KASAN,slab-use-after-free Read,em28xx_init_extension,KASAN: slab-use-after-free Read in em28xx_init_extension,cover_eval_cp,1,,
syzkaller,0,78cdfde87b5285c5274cf9336a873c5072c53d29,WARNING,,p9_client_create,WARNING in p9_client_create,cover_eval_cp,32,,
syzkaller,0,37936123c8f81e38405258568172f9767d444d94,KASAN,slab-use-after-free Read,em28xx_release_resources,KASAN: slab-use-after-free Read in em28xx_release_resources,cover_eval_cp,1,,
syzkaller,0,5983a65cfeddb32fed63f8a733b3d810e05ba119,INFO,task hung,_free_event,INFO: task hung in _free_event,cover_eval_cp,20,,
syzkaller,0,b8cd92c1478d22bf00f49d211bf24287a812a0e0,INFO,task hung,bdev_release,INFO: task hung in bdev_release,cover_eval_cp,16,,
syzkaller,0,df87226af75e2e906503e976819e1403142d677a,BUG,soft lockup,addrconf_rs_timer,BUG: soft lockup in addrconf_rs_timer,cover_eval_cp,1,,
syzkaller,0,1a6abe077825183e67b67c3313ea6f99a992fe86,INFO,rcu detected stall,corrupted,INFO: rcu detected stall in corrupted,cover_eval_cp,1,,
syzkaller,0,6e89ce80a10c14d6e832ef9b558bcd045825e05b,BUG,,,BUG: MAX_LOCKDEP_KEYS too low!,cover_eval_cp,4,,
syzkaller,0,971890fe5480ab913cb6945227ae22f3c822f6ec,INFO,task hung,blkdev_fallocate,INFO: task hung in blkdev_fallocate,cover_eval_cp,2,,
syzkaller,0,b8512d2a7126ba8d86d431cd35971f86e95db898,WARNING,,gfs2_ri_update,WARNING in gfs2_ri_update,cover_eval_cp,1,,
syzkaller,0,11d137c334a427322898aa51903aed548ece812d,SYZFATAL,,,SYZFATAL: executor NUM failed NUM times: executor NUM: exit status NUM err exit status NUM,cover_eval_cp,11,,
syzkaller,0,dfc109c0cf7ead121984212eccd30401ec6dd3eb,WARNING,,ip_rt_bug,WARNING in ip_rt_bug,cover_eval_cp,3,,
syzkaller,0,f73b3116ad434cc9b97b908060b5e73752df3be7,WARNING,,restore_regulatory_settings,WARNING in restore_regulatory_settings,cover_eval_cp,4,,
syzkaller,0,b83ebc0f722370f9f7e120e759d663eb44f55efc,OTHER,,,suppressed report,cover_eval_cp,0,,
syzkaller,0,7018765989f8fc1ff705c44b3de4ebe3e64ca7d0,OTHER,kernel BUG,__hfsplus_setxattr,kernel BUG in __hfsplus_setxattr,cover_eval_cp,1,,
syzkaller,0,b439149adc4a059ec80b6e79575ba4b1ade460f3,WARNING,refcount bug,j1939_xtp_rx_cts,WARNING: refcount bug in j1939_xtp_rx_cts,cover_eval_cp,100,,
syzkaller,0,eb69e7ea1402b04195836e33cd82ead332e172b9,OTHER,possible deadlock,input_inject_event,possible deadlock in input_inject_event,cover_eval_cp,2,,
syzkaller,0,f48cc881b60886898c7e47830174497c7718d0a3,WARNING,,media_create_pad_link,WARNING in media_create_pad_link,cover_eval_cp,1,,
syzkaller,0,07804ed067fcaa4c8967003831699a24e9b634ed,INFO,task hung,jbd2_journal_commit_transaction,INFO: task hung in jbd2_journal_commit_transaction,cover_eval_cp,1,,
syzkaller,0,c8706fee1db2b029d0d78a4fec5aa655b59bbc3e,OTHER,general protection fault,pick_task_fair,general protection fault in pick_task_fair,cover_eval_cp,3,,
syzkaller,0,1b79df1c08acba29e13c8f2a327c68cb3b124008,BUG,corrupted list,team_priority_option_set,BUG: corrupted list in team_priority_option_set,cover_eval_cp,1,,
syzkaller,0,41b74e6c247526f8fa6cc88d9db735c26704c66b,WARNING,refcount bug,j1939_session_put,WARNING: refcount bug in j1939_session_put,cover_eval_cp,100,,
sect_pct,0,cbc4c6f265a721b8de45305209c4b636b1440f1d,BUG,soft lockup,mac80211_hwsim_beacon,BUG: soft lockup in mac80211_hwsim_beacon,cover_eval_cp,1,,
sect_pct,0,e9f5b11984c54cecb386b92bb20c76d5d003719f,OTHER,,,no output from test machine,cover_eval_cp,0,,
sect_pct,0,4a5eb99ffff5749ea30d65b6652bb2ca9ce59b6c,BUG,unable to handle kernel paging request,put_cmsg,BUG: unable to handle kernel paging request in put_cmsg,cover_eval_cp,2,,
sect_pct,0,910e3195261654c617977513fc7cef18d9dde9bd,WARNING,,format_decode,WARNING in format_decode,cover_eval_cp,4,,
sect_pct,0,a0e28bdf8d48370fcc10e1f8ea4365b0c187eebe,BUG,soft lockup,hsr_announce,BUG: soft lockup in hsr_announce,cover_eval_cp,2,,
sect_pct,0,14692319382598dac4dee0cca30dcdf451cb5eb7,WARNING,,rate_control_rate_init,WARNING in rate_control_rate_init,cover_eval_cp,29,,
sect_pct,0,2f43513776335724f22aac1b056b930da4b84aff,SYZFATAL,,,SYZFATAL: executor NUM failed NUM times: executor NUM: not serving,cover_eval_cp,1,,
sect_pct,0,a452f0e64788cc908f0eebdc7cdf2c97d97d3c3b,INFO,task hung,lookup_slow,INFO: task hung in lookup_slow,cover_eval_cp,2,,
sect_pct,0,66cd5b9b3e5519d9a31ee5746f4ef404859d99d0,WARNING,,dup_task_struct,WARNING in dup_task_struct,cover_eval_cp,1,,
sect_pct,0,aac06202f00169294688682e50daecc9c98a831b,BUG,soft lockup,ieee80211_handle_queued_frames,BUG: soft lockup in ieee80211_handle_queued_frames,cover_eval_cp,12,,
sect_pct,0,844a59e2234a857b127e45d3c95432f86b5c1d44,SYZFATAL,,,SYZFATAL: Manager.NewInput call failed: write tcp IP:NUM->IP:NUM: i/o timeout,cover_eval_cp,1,,
sect_pct,0,972be4156c4dc35f22a107eb9526698fcb412be4,BUG,soft lockup,__run_timer_base,BUG: soft lockup in __run_timer_base,cover_eval_cp,1,,
sect_pct,0,a6b4da7baffd25e630e39e5b0555269fa08f3e94,INFO,task hung,cleanup_net,INFO: task hung in cleanup_net,cover_eval_cp,3,,
sect_pct,0,efb8c5fe01ecb5116825ce2409485c164c048f88,BUG,,,BUG: workqueue lockup,cover_eval_cp,3,,
sect_pct,0,96c447fce9cab7899e95a08f52a4c45da0691d56,WARNING,,__ieee80211_beacon_get,WARNING in __ieee80211_beacon_get,cover_eval_cp,1,,
sect_pct,0,78cdfde87b5285c5274cf9336a873c5072c53d29,WARNING,,p9_client_create,WARNING in p9_client_create,cover_eval_cp,37,,
sect_pct,0,37936123c8f81e38405258568172f9767d444d94,KASAN,slab-use-after-free Read,em28xx_release_resources,KASAN: slab-use-after-free Read in em28xx_release_resources,cover_eval_cp,2,,
sect_pct,0,7710d479d25bd92fa8c6ab0739174ea86b45b806,BUG,unable to handle kernel paging request,filldir64,BUG: unable to handle kernel paging request in filldir64,cover_eval_cp,12,,
sect_pct,0,5983a65cfeddb32fed63f8a733b3d810e05ba119,INFO,task hung,_free_event,INFO: task hung in _free_event,cover_eval_cp,2,,
sect_pct,0,b8cd92c1478d22bf00f49d211bf24287a812a0e0,INFO,task hung,bdev_release,INFO: task hung in bdev_release,cover_eval_cp,12,,
sect_pct,0,50b1d6f2fe0ed12b1cab0d134516164980c7323d,BUG,unable to handle kernel paging request,sys_pselect6,BUG: unable to handle kernel paging request in sys_pselect6,cover_eval_cp,28,,
sect_pct,0,36a86325c6d0d517177cae0323b51ae9da7de8fa,BUG,unable to handle kernel paging request,filldir,BUG: unable to handle kernel paging request in filldir,cover_eval_cp,25,,
sect_pct,0,93a86ea16bdfeef01b3b0b14d18ff8234b7f10a6,BUG,unable to handle kernel NULL pointer dereference,filldir64,BUG: unable to handle kernel NULL pointer dereference in filldir64,cover_eval_cp,1,,
sect_pct,0,df87226af75e2e906503e976819e1403142d677a,BUG,soft lockup,addrconf_rs_timer,BUG: soft lockup in addrconf_rs_timer,cover_eval_cp,25,,
sect_pct,0,0c236f1d3444dc690faefc668afbc564e5a44184,WARNING,,kernfs_get,WARNING in kernfs_get,cover_eval_cp,1,,
sect_pct,0,dd029cbcea11e425c68d1b389d148057eb3cc789,BUG,soft lockup,ip_list_rcv,BUG: soft lockup in ip_list_rcv,cover_eval_cp,1,,
sect_pct,0,0aa7bb3816890422b49adcbc8d03f4e3151505ea,INFO,task hung,reg_check_chans_work,INFO: task hung in reg_check_chans_work,cover_eval_cp,1,,
sect_pct,0,4ecda27d97e590e179a8c967d0b1615224f921fd,WARNING,,reserve_ds_buffers,WARNING in reserve_ds_buffers,cover_eval_cp,1,,
sect_pct,0,6e89ce80a10c14d6e832ef9b558bcd045825e05b,BUG,,,BUG: MAX_LOCKDEP_KEYS too low!,cover_eval_cp,1,,
sect_pct,0,971890fe5480ab913cb6945227ae22f3c822f6ec,INFO,task hung,blkdev_fallocate,INFO: task hung in blkdev_fallocate,cover_eval_cp,1,,
sect_pct,0,f75a938fff71c7087689f28272e1e55ac4c89ec2,BUG,soft lockup,br_forward_delay_timer_expired,BUG: soft lockup in br_forward_delay_timer_expired,cover_eval_cp,1,,
sect_pct,0,3e51bb4cea12a057ab4bf22cba3cefdafeb87eaf,BUG,stack guard page was hit,io_sq_thread,BUG: stack guard page was hit in io_sq_thread,cover_eval_cp,3,,
sect_pct,0,11d137c334a427322898aa51903aed548ece812d,SYZFATAL,,,SYZFATAL: executor NUM failed NUM times: executor NUM: exit status NUM err exit status NUM,cover_eval_cp,76,,
sect_pct,0,dfc109c0cf7ead121984212eccd30401ec6dd3eb,WARNING,,ip_rt_bug,WARNING in ip_rt_bug,cover_eval_cp,3,,
sect_pct,0,62354553a886c8b88fb5d75ad0108d1806c76405,WARNING,,__folio_mark_dirty,WARNING in __folio_mark_dirty,cover_eval_cp,1,,
sect_pct,0,fe781548d0a22bdbc3f703fc26dd1c43b0da5914,INFO,task hung,linkwatch_event,INFO: task hung in linkwatch_event,cover_eval_cp,1,,
sect_pct,0,ce6ef2b22dd47563c725e7c93f7410f29021547b,OTHER,possible deadlock,task_rq_lock,possible deadlock in task_rq_lock,cover_eval_cp,46,,
sect_pct,0,f73b3116ad434cc9b97b908060b5e73752df3be7,WARNING,,restore_regulatory_settings,WARNING in restore_regulatory_settings,cover_eval_cp,4,,
sect_pct,0,10ea2b759f72ff5dd26bce896d853e10f00de743,OTHER,,,unregister_netdevice: waiting for DEV to become free,cover_eval_cp,2,,
sect_pct,0,b83ebc0f722370f9f7e120e759d663eb44f55efc,OTHER,,,suppressed report,cover_eval_cp,1,,
sect_pct,0,c7ed951cf7bac13fbb771774bc4ff97eaf1ccb29,KASAN,slab-use-after-free Write,sco_sock_timeout,KASAN: slab-use-after-free Write in sco_sock_timeout,cover_eval_cp,1,,
sect_pct,0,d713702b5b286b7704349bdd865755658baff3e8,KASAN,use-after-free Read,em28xx_init_extension,KASAN: use-after-free Read in em28xx_init_extension,cover_eval_cp,3,,
sect_pct,0,d870630cedefaaf2c870f9459f559a5bebb8e843,INFO,task hung,nsim_create,INFO: task hung in nsim_create,cover_eval_cp,1,,
sect_pct,0,439c37d288d4f26a33a6c7e5c57a97791453a447,OTHER,,,lost connection to test machine,cover_eval_cp,0,,
sect_pct,0,b439149adc4a059ec80b6e79575ba4b1ade460f3,WARNING,refcount bug,j1939_xtp_rx_cts,WARNING: refcount bug in j1939_xtp_rx_cts,cover_eval_cp,100,,
sect_pct,0,eb69e7ea1402b04195836e33cd82ead332e172b9,OTHER,possible deadlock,input_inject_event,possible deadlock in input_inject_event,cover_eval_cp,5,,
sect_pct,0,c16d8a13a5b01b10dd5b51c8277b2a34eba56d17,BUG,unable to handle kernel paging request,do_sys_poll,BUG: unable to handle kernel paging request in do_sys_poll,cover_eval_cp,42,,
sect_pct,0,5fe68c0f763c3644339804aa8a096294a4115723,BUG,soft lockup,neigh_timer_handler,BUG: soft lockup in neigh_timer_handler,cover_eval_cp,1,,
sect_pct,0,a7d102b4ecfd113482425e71b004203976489fdd,SYZFATAL,,,SYZFATAL: Manager.NewInput call failed: read tcp IP:NUM->IP:NUM: i/o timeout,cover_eval_cp,1,,
sect_pct,0,dac17913a5b5246a1d1bd6734441801e03ce2b6d,BUG,stack guard page was hit,corrupted,BUG: stack guard page was hit in corrupted,cover_eval_cp,36,,
sect_pct,0,f5e68e16341d8bc960cd76ec3509b3e7a0f58dff,SYZFATAL,,,SYZFATAL: executor NUM failed NUM times: executor NUM: failed to write control pipe: write |NUM: broken pipe,cover_eval_cp,3,,
sect_pct,0,c8706fee1db2b029d0d78a4fec5aa655b59bbc3e,OTHER,general protection fault,pick_task_fair,general protection fault in pick_task_fair,cover_eval_cp,1,,
sect_pct,0,a2ce4a2ec11b2fac63e6dd88a5f01b42c63de9a1,INFO,task hung,nbd_set_size,INFO: task hung in nbd_set_size,cover_eval_cp,1,,
sect_pct,0,41b74e6c247526f8fa6cc88d9db735c26704c66b,WARNING,refcount bug,j1939_session_put,WARNING: refcount bug in j1939_session_put,cover_eval_cp,100,,
sect_rw,17,e9f5b11984c54cecb386b92bb20c76d5d003719f,OTHER,,,no output from test machine,cover_eval_cp,0,,
sect_rw,17,4a5eb99ffff5749ea30d65b6652bb2ca9ce59b6c,BUG,unable to handle kernel paging request,put_cmsg,BUG: unable to handle kernel paging request in put_cmsg,cover_eval_cp,2,,
sect_rw,17,a726bdbfdf37ab73c078dcf88e3249d9ec47fbf9,INFO,task hung,gfs2_jhead_process_page,INFO: task hung in gfs2_jhead_process_page,cover_eval_cp,2,,
sect_rw,17,910e3195261654c617977513fc7cef18d9dde9bd,WARNING,,format_decode,WARNING in format_decode,cover_eval_cp,2,,
sect_rw,17,14692319382598dac4dee0cca30dcdf451cb5eb7,WARNING,,rate_control_rate_init,WARNING in rate_control_rate_init,cover_eval_cp,33,,
sect_rw,17,2393a8d268a9d81442e5a226c2b5b4fb3e579476,BUG,soft lockup,macvlan_handle_frame,BUG: soft lockup in macvlan_handle_frame,cover_eval_cp,1,,
sect_rw,17,2f43513776335724f22aac1b056b930da4b84aff,SYZFATAL,,,SYZFATAL: executor NUM failed NUM times: executor NUM: not serving,cover_eval_cp,1,,
sect_rw,17,a3e578a36f004f390cbe1b9f9fc24550997067b4,BUG,soft lockup,wg_packet_send_keepalive,BUG: soft lockup in wg_packet_send_keepalive,cover_eval_cp,2,,
sect_rw,17,a452f0e64788cc908f0eebdc7cdf2c97d97d3c3b,INFO,task hung,lookup_slow,INFO: task hung in lookup_slow,cover_eval_cp,2,,
sect_rw,17,f7f424f89ff5d010aefc0ae8cfeeb1186bcfd0da,INFO,task hung,vcs_open,INFO: task hung in vcs_open,cover_eval_cp,1,,
sect_rw,17,66cd5b9b3e5519d9a31ee5746f4ef404859d99d0,WARNING,,dup_task_struct,WARNING in dup_task_struct,cover_eval_cp,1,,
sect_rw,17,d55cddbfbe70446f2d66df758e7e93c285e69db9,WARNING,,call_timer_fn,WARNING in call_timer_fn,cover_eval_cp,1,,
sect_rw,17,aac06202f00169294688682e50daecc9c98a831b,BUG,soft lockup,ieee80211_handle_queued_frames,BUG: soft lockup in ieee80211_handle_queued_frames,cover_eval_cp,5,,
sect_rw,17,fccb8983032850b7cc801635bc9d23de0c011ff0,KASAN,slab-use-after-free Read,em28xx_init_extension,KASAN: slab-use-after-free Read in em28xx_init_extension,cover_eval_cp,1,,
sect_rw,17,efb8c5fe01ecb5116825ce2409485c164c048f88,BUG,,,BUG: workqueue lockup,cover_eval_cp,6,,
sect_rw,17,96c447fce9cab7899e95a08f52a4c45da0691d56,WARNING,,__ieee80211_beacon_get,WARNING in __ieee80211_beacon_get,cover_eval_cp,1,,
sect_rw,17,02c21219d36edc62db775545d5206fd5a3150199,KASAN,slab-use-after-free Read,v4l2_fh_init,KASAN: slab-use-after-free Read in v4l2_fh_init,cover_eval_cp,3,,
sect_rw,17,78cdfde87b5285c5274cf9336a873c5072c53d29,WARNING,,p9_client_create,WARNING in p9_client_create,cover_eval_cp,35,,
sect_rw,17,7710d479d25bd92fa8c6ab0739174ea86b45b806,BUG,unable to handle kernel paging request,filldir64,BUG: unable to handle kernel paging request in filldir64,cover_eval_cp,12,,
sect_rw,17,5983a65cfeddb32fed63f8a733b3d810e05ba119,INFO,task hung,_free_event,INFO: task hung in _free_event,cover_eval_cp,3,,
sect_rw,17,b8cd92c1478d22bf00f49d211bf24287a812a0e0,INFO,task hung,bdev_release,INFO: task hung in bdev_release,cover_eval_cp,9,,
sect_rw,17,50b1d6f2fe0ed12b1cab0d134516164980c7323d,BUG,unable to handle kernel paging request,sys_pselect6,BUG: unable to handle kernel paging request in sys_pselect6,cover_eval_cp,29,,
sect_rw,17,36a86325c6d0d517177cae0323b51ae9da7de8fa,BUG,unable to handle kernel paging request,filldir,BUG: unable to handle kernel paging request in filldir,cover_eval_cp,16,,
sect_rw,17,a311847c6d5d1423fc80119887d3884e9d1bb967,INFO,task hung,usbdev_release,INFO: task hung in usbdev_release,cover_eval_cp,1,,
sect_rw,17,df87226af75e2e906503e976819e1403142d677a,BUG,soft lockup,addrconf_rs_timer,BUG: soft lockup in addrconf_rs_timer,cover_eval_cp,31,,
sect_rw,17,63de2be03e3a7eda16f7bce15a9a80a4da54ae9c,INFO,task hung,tls_sk_proto_close,INFO: task hung in tls_sk_proto_close,cover_eval_cp,3,,
sect_rw,17,1a6abe077825183e67b67c3313ea6f99a992fe86,INFO,rcu detected stall,corrupted,INFO: rcu detected stall in corrupted,cover_eval_cp,1,,
sect_rw,17,c55cf6656ce82c7ebd3e26802512fcba3d7d28ca,SYZFATAL,,,SYZFATAL: executor NUM failed NUM times: executor NUM: exit status NUM err signal: killed,cover_eval_cp,1,,
sect_rw,17,6e89ce80a10c14d6e832ef9b558bcd045825e05b,BUG,,,BUG: MAX_LOCKDEP_KEYS too low!,cover_eval_cp,1,,
sect_rw,17,3e51bb4cea12a057ab4bf22cba3cefdafeb87eaf,BUG,stack guard page was hit,io_sq_thread,BUG: stack guard page was hit in io_sq_thread,cover_eval_cp,4,,
sect_rw,17,295c0dc164c3fcf583aa4a873bea301927c81b66,BUG,corrupted list,em28xx_init_extension,BUG: corrupted list in em28xx_init_extension,cover_eval_cp,1,,
sect_rw,17,11d137c334a427322898aa51903aed548ece812d,SYZFATAL,,,SYZFATAL: executor NUM failed NUM times: executor NUM: exit status NUM err exit status NUM,cover_eval_cp,90,,
sect_rw,17,dfc109c0cf7ead121984212eccd30401ec6dd3eb,WARNING,,ip_rt_bug,WARNING in ip_rt_bug,cover_eval_cp,3,,
sect_rw,17,62354553a886c8b88fb5d75ad0108d1806c76405,WARNING,,__folio_mark_dirty,WARNING in __folio_mark_dirty,cover_eval_cp,2,,
sect_rw,17,4e6932b799a8dff0d95eec2c99872fba0eb214f7,OTHER,possible deadlock,do_ipv6_setsockopt,possible deadlock in do_ipv6_setsockopt,cover_eval_cp,1,,
sect_rw,17,3a4c59087c2c4236dac8c3ebe5d28f5c5fe5f3ff,INFO,task hung,switchdev_deferred_process_work,INFO: task hung in switchdev_deferred_process_work,cover_eval_cp,1,,
sect_rw,17,fe781548d0a22bdbc3f703fc26dd1c43b0da5914,INFO,task hung,linkwatch_event,INFO: task hung in linkwatch_event,cover_eval_cp,2,,
sect_rw,17,ce6ef2b22dd47563c725e7c93f7410f29021547b,OTHER,possible deadlock,task_rq_lock,possible deadlock in task_rq_lock,cover_eval_cp,32,,
sect_rw,17,f73b3116ad434cc9b97b908060b5e73752df3be7,WARNING,,restore_regulatory_settings,WARNING in restore_regulatory_settings,cover_eval_cp,3,,
sect_rw,17,805bf826ab507b715349107ebab6a369dc98550c,INFO,rcu detected stall,do_sys_open,INFO: rcu detected stall in do_sys_open,cover_eval_cp,1,,
sect_rw,17,10ea2b759f72ff5dd26bce896d853e10f00de743,OTHER,,,unregister_netdevice: waiting for DEV to become free,cover_eval_cp,1,,
sect_rw,17,b83ebc0f722370f9f7e120e759d663eb44f55efc,OTHER,,,suppressed report,cover_eval_cp,2,,
sect_rw,17,c7bef9a5b3324959844ec200a0dc227b249903f9,INFO,task hung,iterate_supers,INFO: task hung in iterate_supers,cover_eval_cp,2,,
sect_rw,17,d713702b5b286b7704349bdd865755658baff3e8,KASAN,use-after-free Read,em28xx_init_extension,KASAN: use-after-free Read in em28xx_init_extension,cover_eval_cp,1,,
sect_rw,17,439c37d288d4f26a33a6c7e5c57a97791453a447,OTHER,,,lost connection to test machine,cover_eval_cp,0,,
sect_rw,17,f311884ffb3006f0917bb38c3d12a48f2cafb3b0,BUG,soft lockup,NF_HOOK,BUG: soft lockup in NF_HOOK,cover_eval_cp,1,,
sect_rw,17,86c1a76cfd5a672df1ef9fd2e6aa0951413a2412,WARNING,,kthread_worker_fn,WARNING in kthread_worker_fn,cover_eval_cp,1,,
sect_rw,17,b439149adc4a059ec80b6e79575ba4b1ade460f3,WARNING,refcount bug,j1939_xtp_rx_cts,WARNING: refcount bug in j1939_xtp_rx_cts,cover_eval_cp,100,,
sect_rw,17,eb69e7ea1402b04195836e33cd82ead332e172b9,OTHER,possible deadlock,input_inject_event,possible deadlock in input_inject_event,cover_eval_cp,2,,
sect_rw,17,c16d8a13a5b01b10dd5b51c8277b2a34eba56d17,BUG,unable to handle kernel paging request,do_sys_poll,BUG: unable to handle kernel paging request in do_sys_poll,cover_eval_cp,40,,
sect_rw,17,a7d102b4ecfd113482425e71b004203976489fdd,SYZFATAL,,,SYZFATAL: Manager.NewInput call failed: read tcp IP:NUM->IP:NUM: i/o timeout,cover_eval_cp,2,,
sect_rw,17,54e8e770ad5d1a5096be691b0c87af5f49cc3cd9,INFO,task hung,setup_net,INFO: task hung in setup_net,cover_eval_cp,1,,
sect_rw,17,dac17913a5b5246a1d1bd6734441801e03ce2b6d,BUG,stack guard page was hit,corrupted,BUG: stack guard page was hit in corrupted,cover_eval_cp,41,,
sect_rw,17,4b6f8bd3ff627b858f545a1a88595e4e86c4d009,INFO,rcu detected stall,worker_thread,INFO: rcu detected stall in worker_thread,cover_eval_cp,1,,
sect_rw,17,d332decbac2ad114d77751201cf487b17ea7477f,OTHER,possible deadlock,do_ip_setsockopt,possible deadlock in do_ip_setsockopt,cover_eval_cp,1,,
sect_rw,17,1b79df1c08acba29e13c8f2a327c68cb3b124008,BUG,corrupted list,team_priority_option_set,BUG: corrupted list in team_priority_option_set,cover_eval_cp,1,,
sect_rw,17,41b74e6c247526f8fa6cc88d9db735c26704c66b,WARNING,refcount bug,j1939_session_put,WARNING: refcount bug in j1939_session_put,cover_eval_cp,100,,
sect_rw,18,e9f5b11984c54cecb386b92bb20c76d5d003719f,OTHER,,,no output from test machine,cover_eval_cp,0,,
sect_rw,18,4a5eb99ffff5749ea30d65b6652bb2ca9ce59b6c,BUG,unable to handle kernel paging request,put_cmsg,BUG: unable to handle kernel paging request in put_cmsg,cover_eval_cp,1,,
sect_rw,18,a726bdbfdf37ab73c078dcf88e3249d9ec47fbf9,INFO,task hung,gfs2_jhead_process_page,INFO: task hung in gfs2_jhead_process_page,cover_eval_cp,2,,
sect_rw,18,910e3195261654c617977513fc7cef18d9dde9bd,WARNING,,format_decode,WARNING in format_decode,cover_eval_cp,2,,
sect_rw,18,a0e28bdf8d48370fcc10e1f8ea4365b0c187eebe,BUG,soft lockup,hsr_announce,BUG: soft lockup in hsr_announce,cover_eval_cp,2,,
sect_rw,18,14692319382598dac4dee0cca30dcdf451cb5eb7,WARNING,,rate_control_rate_init,WARNING in rate_control_rate_init,cover_eval_cp,32,,
sect_rw,18,a452f0e64788cc908f0eebdc7cdf2c97d97d3c3b,INFO,task hung,lookup_slow,INFO: task hung in lookup_slow,cover_eval_cp,1,,
sect_rw,18,66cd5b9b3e5519d9a31ee5746f4ef404859d99d0,WARNING,,dup_task_struct,WARNING in dup_task_struct,cover_eval_cp,2,,
sect_rw,18,aac06202f00169294688682e50daecc9c98a831b,BUG,soft lockup,ieee80211_handle_queued_frames,BUG: soft lockup in ieee80211_handle_queued_frames,cover_eval_cp,7,,
sect_rw,18,c401efa8cefe905e64f586a50d8bbaf2d38f2350,INFO,task hung,addrconf_verify_work,INFO: task hung in addrconf_verify_work,cover_eval_cp,1,,
sect_rw,18,efb8c5fe01ecb5116825ce2409485c164c048f88,BUG,,,BUG: workqueue lockup,cover_eval_cp,3,,
sect_rw,18,02c21219d36edc62db775545d5206fd5a3150199,KASAN,slab-use-after-free Read,v4l2_fh_init,KASAN: slab-use-after-free Read in v4l2_fh_init,cover_eval_cp,2,,
sect_rw,18,78cdfde87b5285c5274cf9336a873c5072c53d29,WARNING,,p9_client_create,WARNING in p9_client_create,cover_eval_cp,43,,
sect_rw,18,37936123c8f81e38405258568172f9767d444d94,KASAN,slab-use-after-free Read,em28xx_release_resources,KASAN: slab-use-after-free Read in em28xx_release_resources,cover_eval_cp,1,,
sect_rw,18,7710d479d25bd92fa8c6ab0739174ea86b45b806,BUG,unable to handle kernel paging request,filldir64,BUG: unable to handle kernel paging request in filldir64,cover_eval_cp,21,,
sect_rw,18,5983a65cfeddb32fed63f8a733b3d810e05ba119,INFO,task hung,_free_event,INFO: task hung in _free_event,cover_eval_cp,4,,
sect_rw,18,b8cd92c1478d22bf00f49d211bf24287a812a0e0,INFO,task hung,bdev_release,INFO: task hung in bdev_release,cover_eval_cp,13,,
sect_rw,18,50b1d6f2fe0ed12b1cab0d134516164980c7323d,BUG,unable to handle kernel paging request,sys_pselect6,BUG: unable to handle kernel paging request in sys_pselect6,cover_eval_cp,23,,
sect_rw,18,36a86325c6d0d517177cae0323b51ae9da7de8fa,BUG,unable to handle kernel paging request,filldir,BUG: unable to handle kernel paging request in filldir,cover_eval_cp,18,,
sect_rw,18,1bd6c550a6c1d7dd92daba50c290b8fc598ff6ce,INFO,task hung,bdev_open,INFO: task hung in bdev_open,cover_eval_cp,1,,
sect_rw,18,df87226af75e2e906503e976819e1403142d677a,BUG,soft lockup,addrconf_rs_timer,BUG: soft lockup in addrconf_rs_timer,cover_eval_cp,28,,
sect_rw,18,4ecda27d97e590e179a8c967d0b1615224f921fd,WARNING,,reserve_ds_buffers,WARNING in reserve_ds_buffers,cover_eval_cp,1,,
sect_rw,18,6e89ce80a10c14d6e832ef9b558bcd045825e05b,BUG,,,BUG: MAX_LOCKDEP_KEYS too low!,cover_eval_cp,1,,
sect_rw,18,3e51bb4cea12a057ab4bf22cba3cefdafeb87eaf,BUG,stack guard page was hit,io_sq_thread,BUG: stack guard page was hit in io_sq_thread,cover_eval_cp,4,,
sect_rw,18,295c0dc164c3fcf583aa4a873bea301927c81b66,BUG,corrupted list,em28xx_init_extension,BUG: corrupted list in em28xx_init_extension,cover_eval_cp,1,,
sect_rw,18,11d137c334a427322898aa51903aed548ece812d,SYZFATAL,,,SYZFATAL: executor NUM failed NUM times: executor NUM: exit status NUM err exit status NUM,cover_eval_cp,82,,
sect_rw,18,dfc109c0cf7ead121984212eccd30401ec6dd3eb,WARNING,,ip_rt_bug,WARNING in ip_rt_bug,cover_eval_cp,3,,
sect_rw,18,62354553a886c8b88fb5d75ad0108d1806c76405,WARNING,,__folio_mark_dirty,WARNING in __folio_mark_dirty,cover_eval_cp,3,,
sect_rw,18,fe781548d0a22bdbc3f703fc26dd1c43b0da5914,INFO,task hung,linkwatch_event,INFO: task hung in linkwatch_event,cover_eval_cp,2,,
sect_rw,18,ce6ef2b22dd47563c725e7c93f7410f29021547b,OTHER,possible deadlock,task_rq_lock,possible deadlock in task_rq_lock,cover_eval_cp,41,,
sect_rw,18,f73b3116ad434cc9b97b908060b5e73752df3be7,WARNING,,restore_regulatory_settings,WARNING in restore_regulatory_settings,cover_eval_cp,6,,
sect_rw,18,10ea2b759f72ff5dd26bce896d853e10f00de743,OTHER,,,unregister_netdevice: waiting for DEV to become free,cover_eval_cp,2,,
sect_rw,18,b83ebc0f722370f9f7e120e759d663eb44f55efc,OTHER,,,suppressed report,cover_eval_cp,1,,
sect_rw,18,c7bef9a5b3324959844ec200a0dc227b249903f9,INFO,task hung,iterate_supers,INFO: task hung in iterate_supers,cover_eval_cp,2,,
sect_rw,18,d713702b5b286b7704349bdd865755658baff3e8,KASAN,use-after-free Read,em28xx_init_extension,KASAN: use-after-free Read in em28xx_init_extension,cover_eval_cp,1,,
sect_rw,18,439c37d288d4f26a33a6c7e5c57a97791453a447,OTHER,,,lost connection to test machine,cover_eval_cp,0,,
sect_rw,18,b439149adc4a059ec80b6e79575ba4b1ade460f3,WARNING,refcount bug,j1939_xtp_rx_cts,WARNING: refcount bug in j1939_xtp_rx_cts,cover_eval_cp,100,,
sect_rw,18,057de8d8fd45c5ae46e83f2daa1599f8d6333330,OTHER,kernel BUG,z3fold_page_migrate,kernel BUG in z3fold_page_migrate,cover_eval_cp,1,,
sect_rw,18,eb69e7ea1402b04195836e33cd82ead332e172b9,OTHER,possible deadlock,input_inject_event,possible deadlock in input_inject_event,cover_eval_cp,3,,
sect_rw,18,f48cc881b60886898c7e47830174497c7718d0a3,WARNING,,media_create_pad_link,WARNING in media_create_pad_link,cover_eval_cp,1,,
sect_rw,18,c16d8a13a5b01b10dd5b51c8277b2a34eba56d17,BUG,unable to handle kernel paging request,do_sys_poll,BUG: unable to handle kernel paging request in do_sys_poll,cover_eval_cp,39,,
sect_rw,18,5fe68c0f763c3644339804aa8a096294a4115723,BUG,soft lockup,neigh_timer_handler,BUG: soft lockup in neigh_timer_handler,cover_eval_cp,1,,
sect_rw,18,a7d102b4ecfd113482425e71b004203976489fdd,SYZFATAL,,,SYZFATAL: Manager.NewInput call failed: read tcp IP:NUM->IP:NUM: i/o timeout,cover_eval_cp,1,,
sect_rw,18,40e12d12cb3785d16de5fcf71c9b99ce79ff831c,INFO,task hung,addrconf_dad_work,INFO: task hung in addrconf_dad_work,cover_eval_cp,1,,
sect_rw,18,dac17913a5b5246a1d1bd6734441801e03ce2b6d,BUG,stack guard page was hit,corrupted,BUG: stack guard page was hit in corrupted,cover_eval_cp,33,,
sect_rw,18,f4334e8eb6411d9172e29dbab5654c85fa577c70,BUG,soft lockup,unwind_next_frame,BUG: soft lockup in unwind_next_frame,cover_eval_cp,1,,
sect_rw,18,41b74e6c247526f8fa6cc88d9db735c26704c66b,WARNING,refcount bug,j1939_session_put,WARNING: refcount bug in j1939_session_put,cover_eval_cp,100,,
sect_pct,4,e4d7937b21c07e00ffbdb683422c8175573d0bac,BUG,soft lockup,sys_socket,BUG: soft lockup in sys_socket,cover_eval_cp,1,,
sect_pct,4,cbc4c6f265a721b8de45305209c4b636b1440f1d,BUG,soft lockup,mac80211_hwsim_beacon,BUG: soft lockup in mac80211_hwsim_beacon,cover_eval_cp,1,,
sect_pct,4,e9f5b11984c54cecb386b92bb20c76d5d003719f,OTHER,,,no output from test machine,cover_eval_cp,0,,
sect_pct,4,910e3195261654c617977513fc7cef18d9dde9bd,WARNING,,format_decode,WARNING in format_decode,cover_eval_cp,4,,
sect_pct,4,a0e28bdf8d48370fcc10e1f8ea4365b0c187eebe,BUG,soft lockup,hsr_announce,BUG: soft lockup in hsr_announce,cover_eval_cp,4,,
sect_pct,4,14692319382598dac4dee0cca30dcdf451cb5eb7,WARNING,,rate_control_rate_init,WARNING in rate_control_rate_init,cover_eval_cp,27,,
sect_pct,4,a452f0e64788cc908f0eebdc7cdf2c97d97d3c3b,INFO,task hung,lookup_slow,INFO: task hung in lookup_slow,cover_eval_cp,2,,
sect_pct,4,f7f424f89ff5d010aefc0ae8cfeeb1186bcfd0da,INFO,task hung,vcs_open,INFO: task hung in vcs_open,cover_eval_cp,1,,
sect_pct,4,66cd5b9b3e5519d9a31ee5746f4ef404859d99d0,WARNING,,dup_task_struct,WARNING in dup_task_struct,cover_eval_cp,2,,
sect_pct,4,844a59e2234a857b127e45d3c95432f86b5c1d44,SYZFATAL,,,SYZFATAL: Manager.NewInput call failed: write tcp IP:NUM->IP:NUM: i/o timeout,cover_eval_cp,2,,
sect_pct,4,efb8c5fe01ecb5116825ce2409485c164c048f88,BUG,,,BUG: workqueue lockup,cover_eval_cp,3,,
sect_pct,4,9ee8b7379d42c9d7f2d9d9392e88e2c6686f2936,BUG,soft lockup,can_stat_update,BUG: soft lockup in can_stat_update,cover_eval_cp,1,,
sect_pct,4,c00fed0a9991b177120ce04c4bc50ad35f46f830,BUG,unable to handle kernel NULL pointer dereference,filldir,BUG: unable to handle kernel NULL pointer dereference in filldir,cover_eval_cp,1,,
sect_pct,4,02c21219d36edc62db775545d5206fd5a3150199,KASAN,slab-use-after-free Read,v4l2_fh_init,KASAN: slab-use-after-free Read in v4l2_fh_init,cover_eval_cp,5,,
sect_pct,4,78cdfde87b5285c5274cf9336a873c5072c53d29,WARNING,,p9_client_create,WARNING in p9_client_create,cover_eval_cp,32,,
sect_pct,4,37936123c8f81e38405258568172f9767d444d94,KASAN,slab-use-after-free Read,em28xx_release_resources,KASAN: slab-use-after-free Read in em28xx_release_resources,cover_eval_cp,1,,
sect_pct,4,7710d479d25bd92fa8c6ab0739174ea86b45b806,BUG,unable to handle kernel paging request,filldir64,BUG: unable to handle kernel paging request in filldir64,cover_eval_cp,24,,
sect_pct,4,5983a65cfeddb32fed63f8a733b3d810e05ba119,INFO,task hung,_free_event,INFO: task hung in _free_event,cover_eval_cp,5,,
sect_pct,4,b8cd92c1478d22bf00f49d211bf24287a812a0e0,INFO,task hung,bdev_release,INFO: task hung in bdev_release,cover_eval_cp,15,,
sect_pct,4,2d5ddc28d1065b21d87d6d32fd383387eff9a23e,KASAN,slab-use-after-free Read,__ethtool_get_link_ksettings,KASAN: slab-use-after-free Read in __ethtool_get_link_ksettings,cover_eval_cp,1,,
sect_pct,4,50b1d6f2fe0ed12b1cab0d134516164980c7323d,BUG,unable to handle kernel paging request,sys_pselect6,BUG: unable to handle kernel paging request in sys_pselect6,cover_eval_cp,35,,
sect_pct,4,36a86325c6d0d517177cae0323b51ae9da7de8fa,BUG,unable to handle kernel paging request,filldir,BUG: unable to handle kernel paging request in filldir,cover_eval_cp,18,,
sect_pct,4,5e825254fe8b706c3055380f64e655d635c5b449,WARNING,,hci_conn_timeout,WARNING in hci_conn_timeout,cover_eval_cp,1,,
sect_pct,4,64c9dbbe5fea926fec0323c95cea065ae891eda6,INFO,task hung,start_this_handle,INFO: task hung in start_this_handle,cover_eval_cp,1,,
sect_pct,4,df87226af75e2e906503e976819e1403142d677a,BUG,soft lockup,addrconf_rs_timer,BUG: soft lockup in addrconf_rs_timer,cover_eval_cp,11,,
sect_pct,4,5f1774c24cd5f401db5ef46ba69e82b697da49ff,INFO,task hung,iomap_write_begin,INFO: task hung in iomap_write_begin,cover_eval_cp,1,,
sect_pct,4,63de2be03e3a7eda16f7bce15a9a80a4da54ae9c,INFO,task hung,tls_sk_proto_close,INFO: task hung in tls_sk_proto_close,cover_eval_cp,2,,
sect_pct,4,c55cf6656ce82c7ebd3e26802512fcba3d7d28ca,SYZFATAL,,,SYZFATAL: executor NUM failed NUM times: executor NUM: exit status NUM err signal: killed,cover_eval_cp,1,,
sect_pct,4,4ecda27d97e590e179a8c967d0b1615224f921fd,WARNING,,reserve_ds_buffers,WARNING in reserve_ds_buffers,cover_eval_cp,1,,
sect_pct,4,971890fe5480ab913cb6945227ae22f3c822f6ec,INFO,task hung,blkdev_fallocate,INFO: task hung in blkdev_fallocate,cover_eval_cp,1,,
sect_pct,4,3e51bb4cea12a057ab4bf22cba3cefdafeb87eaf,BUG,stack guard page was hit,io_sq_thread,BUG: stack guard page was hit in io_sq_thread,cover_eval_cp,5,,
sect_pct,4,295c0dc164c3fcf583aa4a873bea301927c81b66,BUG,corrupted list,em28xx_init_extension,BUG: corrupted list in em28xx_init_extension,cover_eval_cp,1,,
sect_pct,4,11d137c334a427322898aa51903aed548ece812d,SYZFATAL,,,SYZFATAL: executor NUM failed NUM times: executor NUM: exit status NUM err exit status NUM,cover_eval_cp,74,,
sect_pct,4,dfc109c0cf7ead121984212eccd30401ec6dd3eb,WARNING,,ip_rt_bug,WARNING in ip_rt_bug,cover_eval_cp,1,,
sect_pct,4,772ee58b1b2997f66003b6407cae6a75e7274901,INFO,task hung,bdev_disk_changed,INFO: task hung in bdev_disk_changed,cover_eval_cp,1,,
sect_pct,4,fe781548d0a22bdbc3f703fc26dd1c43b0da5914,INFO,task hung,linkwatch_event,INFO: task hung in linkwatch_event,cover_eval_cp,1,,
sect_pct,4,ce6ef2b22dd47563c725e7c93f7410f29021547b,OTHER,possible deadlock,task_rq_lock,possible deadlock in task_rq_lock,cover_eval_cp,38,,
sect_pct,4,f73b3116ad434cc9b97b908060b5e73752df3be7,WARNING,,restore_regulatory_settings,WARNING in restore_regulatory_settings,cover_eval_cp,4,,
sect_pct,4,10ea2b759f72ff5dd26bce896d853e10f00de743,OTHER,,,unregister_netdevice: waiting for DEV to become free,cover_eval_cp,1,,
sect_pct,4,b83ebc0f722370f9f7e120e759d663eb44f55efc,OTHER,,,suppressed report,cover_eval_cp,0,,
sect_pct,4,ee7850872969c3bfab510b6d62cf191d2945c599,BUG,soft lockup,corrupted,BUG: soft lockup in corrupted,cover_eval_cp,1,,
sect_pct,4,439c37d288d4f26a33a6c7e5c57a97791453a447,OTHER,,,lost connection to test machine,cover_eval_cp,0,,
sect_pct,4,b439149adc4a059ec80b6e79575ba4b1ade460f3,WARNING,refcount bug,j1939_xtp_rx_cts,WARNING: refcount bug in j1939_xtp_rx_cts,cover_eval_cp,100,,
sect_pct,4,eb69e7ea1402b04195836e33cd82ead332e172b9,OTHER,possible deadlock,input_inject_event,possible deadlock in input_inject_event,cover_eval_cp,6,,
sect_pct,4,07804ed067fcaa4c8967003831699a24e9b634ed,INFO,task hung,jbd2_journal_commit_transaction,INFO: task hung in jbd2_journal_commit_transaction,cover_eval_cp,1,,
sect_pct,4,c16d8a13a5b01b10dd5b51c8277b2a34eba56d17,BUG,unable to handle kernel paging request,do_sys_poll,BUG: unable to handle kernel paging request in do_sys_poll,cover_eval_cp,41,,
sect_pct,4,a7d102b4ecfd113482425e71b004203976489fdd,SYZFATAL,,,SYZFATAL: Manager.NewInput call failed: read tcp IP:NUM->IP:NUM: i/o timeout,cover_eval_cp,1,,
sect_pct,4,dac17913a5b5246a1d1bd6734441801e03ce2b6d,BUG,stack guard page was hit,corrupted,BUG: stack guard page was hit in corrupted,cover_eval_cp,31,,
sect_pct,4,f5e68e16341d8bc960cd76ec3509b3e7a0f58dff,SYZFATAL,,,SYZFATAL: executor NUM failed NUM times: executor NUM: failed to write control pipe: write |NUM: broken pipe,cover_eval_cp,1,,
sect_pct,4,f4334e8eb6411d9172e29dbab5654c85fa577c70,BUG,soft lockup,unwind_next_frame,BUG: soft lockup in unwind_next_frame,cover_eval_cp,1,,
sect_pct,4,41b74e6c247526f8fa6cc88d9db735c26704c66b,WARNING,refcount bug,j1939_session_put,WARNING: refcount bug in j1939_session_put,cover_eval_cp,100,,
sect_rw,12,e9f5b11984c54cecb386b92bb20c76d5d003719f,OTHER,,,no output from test machine,cover_eval_cp,0,,
sect_rw,12,8a1638229db60175d7fa5e570f8e450a1b567a94,WARNING,,ieee80211_start_next_roc,WARNING in ieee80211_start_next_roc,cover_eval_cp,1,,
sect_rw,12,4a5eb99ffff5749ea30d65b6652bb2ca9ce59b6c,BUG,unable to handle kernel paging request,put_cmsg,BUG: unable to handle kernel paging request in put_cmsg,cover_eval_cp,4,,
sect_rw,12,a726bdbfdf37ab73c078dcf88e3249d9ec47fbf9,INFO,task hung,gfs2_jhead_process_page,INFO: task hung in gfs2_jhead_process_page,cover_eval_cp,2,,
sect_rw,12,910e3195261654c617977513fc7cef18d9dde9bd,WARNING,,format_decode,WARNING in format_decode,cover_eval_cp,2,,
sect_rw,12,a0e28bdf8d48370fcc10e1f8ea4365b0c187eebe,BUG,soft lockup,hsr_announce,BUG: soft lockup in hsr_announce,cover_eval_cp,2,,
sect_rw,12,14692319382598dac4dee0cca30dcdf451cb5eb7,WARNING,,rate_control_rate_init,WARNING in rate_control_rate_init,cover_eval_cp,30,,
sect_rw,12,a452f0e64788cc908f0eebdc7cdf2c97d97d3c3b,INFO,task hung,lookup_slow,INFO: task hung in lookup_slow,cover_eval_cp,2,,
sect_rw,12,66cd5b9b3e5519d9a31ee5746f4ef404859d99d0,WARNING,,dup_task_struct,WARNING in dup_task_struct,cover_eval_cp,1,,
sect_rw,12,aac06202f00169294688682e50daecc9c98a831b,BUG,soft lockup,ieee80211_handle_queued_frames,BUG: soft lockup in ieee80211_handle_queued_frames,cover_eval_cp,6,,
sect_rw,12,c401efa8cefe905e64f586a50d8bbaf2d38f2350,INFO,task hung,addrconf_verify_work,INFO: task hung in addrconf_verify_work,cover_eval_cp,1,,
sect_rw,12,972be4156c4dc35f22a107eb9526698fcb412be4,BUG,soft lockup,__run_timer_base,BUG: soft lockup in __run_timer_base,cover_eval_cp,1,,
sect_rw,12,a6b4da7baffd25e630e39e5b0555269fa08f3e94,INFO,task hung,cleanup_net,INFO: task hung in cleanup_net,cover_eval_cp,1,,
sect_rw,12,2756b813e0ed6e91a1efafef6899d4fb526c9265,BUG,soft lockup,sk_skb_reason_drop,BUG: soft lockup in sk_skb_reason_drop,cover_eval_cp,1,,
sect_rw,12,efb8c5fe01ecb5116825ce2409485c164c048f88,BUG,,,BUG: workqueue lockup,cover_eval_cp,4,,
sect_rw,12,02c21219d36edc62db775545d5206fd5a3150199,KASAN,slab-use-after-free Read,v4l2_fh_init,KASAN: slab-use-after-free Read in v4l2_fh_init,cover_eval_cp,2,,
sect_rw,12,78cdfde87b5285c5274cf9336a873c5072c53d29,WARNING,,p9_client_create,WARNING in p9_client_create,cover_eval_cp,37,,
sect_rw,12,733343303fca2ceb29ab47d7e2a5c230a0c592d6,WARNING,,vkms_get_vblank_timestamp,WARNING in vkms_get_vblank_timestamp,cover_eval_cp,1,,
sect_rw,12,7710d479d25bd92fa8c6ab0739174ea86b45b806,BUG,unable to handle kernel paging request,filldir64,BUG: unable to handle kernel paging request in filldir64,cover_eval_cp,35,,
sect_rw,12,5983a65cfeddb32fed63f8a733b3d810e05ba119,INFO,task hung,_free_event,INFO: task hung in _free_event,cover_eval_cp,6,,
sect_rw,12,b8cd92c1478d22bf00f49d211bf24287a812a0e0,INFO,task hung,bdev_release,INFO: task hung in bdev_release,cover_eval_cp,15,,
sect_rw,12,50b1d6f2fe0ed12b1cab0d134516164980c7323d,BUG,unable to handle kernel paging request,sys_pselect6,BUG: unable to handle kernel paging request in sys_pselect6,cover_eval_cp,34,,
sect_rw,12,36a86325c6d0d517177cae0323b51ae9da7de8fa,BUG,unable to handle kernel paging request,filldir,BUG: unable to handle kernel paging request in filldir,cover_eval_cp,14,,
sect_rw,12,64c9dbbe5fea926fec0323c95cea065ae891eda6,INFO,task hung,start_this_handle,INFO: task hung in start_this_handle,cover_eval_cp,1,,
sect_rw,12,93a86ea16bdfeef01b3b0b14d18ff8234b7f10a6,BUG,unable to handle kernel NULL pointer dereference,filldir64,BUG: unable to handle kernel NULL pointer dereference in filldir64,cover_eval_cp,2,,
sect_rw,12,df87226af75e2e906503e976819e1403142d677a,BUG,soft lockup,addrconf_rs_timer,BUG: soft lockup in addrconf_rs_timer,cover_eval_cp,24,,
sect_rw,12,63de2be03e3a7eda16f7bce15a9a80a4da54ae9c,INFO,task hung,tls_sk_proto_close,INFO: task hung in tls_sk_proto_close,cover_eval_cp,2,,
sect_rw,12,1a6abe077825183e67b67c3313ea6f99a992fe86,INFO,rcu detected stall,corrupted,INFO: rcu detected stall in corrupted,cover_eval_cp,2,,
sect_rw,12,6e89ce80a10c14d6e832ef9b558bcd045825e05b,BUG,,,BUG: MAX_LOCKDEP_KEYS too low!,cover_eval_cp,4,,
sect_rw,12,a202183e9a0cfcc4b5e532f7c6bfba53ceefdb5f,BUG,soft lockup,do_loop_readv_writev,BUG: soft lockup in do_loop_readv_writev,cover_eval_cp,1,,
sect_rw,12,81ece6825b8fffb53f8fa281d8686695b24285a7,BUG,soft lockup,do_idle,BUG: soft lockup in do_idle,cover_eval_cp,1,,
sect_rw,12,3e51bb4cea12a057ab4bf22cba3cefdafeb87eaf,BUG,stack guard page was hit,io_sq_thread,BUG: stack guard page was hit in io_sq_thread,cover_eval_cp,4,,
sect_rw,12,11d137c334a427322898aa51903aed548ece812d,SYZFATAL,,,SYZFATAL: executor NUM failed NUM times: executor NUM: exit status NUM err exit status NUM,cover_eval_cp,83,,
sect_rw,12,dfc109c0cf7ead121984212eccd30401ec6dd3eb,WARNING,,ip_rt_bug,WARNING in ip_rt_bug,cover_eval_cp,4,,
sect_rw,12,62354553a886c8b88fb5d75ad0108d1806c76405,WARNING,,__folio_mark_dirty,WARNING in __folio_mark_dirty,cover_eval_cp,1,,
sect_rw,12,666bb8c0223a7a9ed82554f6cb713971d846aa6f,INFO,task hung,nfc_rfkill_set_block,INFO: task hung in nfc_rfkill_set_block,cover_eval_cp,1,,
sect_rw,12,9d511333ca910fa938fb14a0a82f40458bb615dc,BUG,soft lockup,call_timer_fn,BUG: soft lockup in call_timer_fn,cover_eval_cp,1,,
sect_rw,12,ce6ef2b22dd47563c725e7c93f7410f29021547b,OTHER,possible deadlock,task_rq_lock,possible deadlock in task_rq_lock,cover_eval_cp,46,,
sect_rw,12,f73b3116ad434cc9b97b908060b5e73752df3be7,WARNING,,restore_regulatory_settings,WARNING in restore_regulatory_settings,cover_eval_cp,3,,
sect_rw,12,10ea2b759f72ff5dd26bce896d853e10f00de743,OTHER,,,unregister_netdevice: waiting for DEV to become free,cover_eval_cp,1,,
sect_rw,12,b83ebc0f722370f9f7e120e759d663eb44f55efc,OTHER,,,suppressed report,cover_eval_cp,1,,
sect_rw,12,c7bef9a5b3324959844ec200a0dc227b249903f9,INFO,task hung,iterate_supers,INFO: task hung in iterate_supers,cover_eval_cp,2,,
sect_rw,12,d713702b5b286b7704349bdd865755658baff3e8,KASAN,use-after-free Read,em28xx_init_extension,KASAN: use-after-free Read in em28xx_init_extension,cover_eval_cp,1,,
sect_rw,12,439c37d288d4f26a33a6c7e5c57a97791453a447,OTHER,,,lost connection to test machine,cover_eval_cp,0,,
sect_rw,12,b439149adc4a059ec80b6e79575ba4b1ade460f3,WARNING,refcount bug,j1939_xtp_rx_cts,WARNING: refcount bug in j1939_xtp_rx_cts,cover_eval_cp,100,,
sect_rw,12,057de8d8fd45c5ae46e83f2daa1599f8d6333330,OTHER,kernel BUG,z3fold_page_migrate,kernel BUG in z3fold_page_migrate,cover_eval_cp,1,,
sect_rw,12,eac717bc8cd1da003a4c1bcc9ccdbfe344214c66,OTHER,general protection fault,lock_sock_nested,general protection fault in lock_sock_nested,cover_eval_cp,1,,
sect_rw,12,eb69e7ea1402b04195836e33cd82ead332e172b9,OTHER,possible deadlock,input_inject_event,possible deadlock in input_inject_event,cover_eval_cp,4,,
sect_rw,12,f48cc881b60886898c7e47830174497c7718d0a3,WARNING,,media_create_pad_link,WARNING in media_create_pad_link,cover_eval_cp,1,,
sect_rw,12,c16d8a13a5b01b10dd5b51c8277b2a34eba56d17,BUG,unable to handle kernel paging request,do_sys_poll,BUG: unable to handle kernel paging request in do_sys_poll,cover_eval_cp,47,,
sect_rw,12,40e12d12cb3785d16de5fcf71c9b99ce79ff831c,INFO,task hung,addrconf_dad_work,INFO: task hung in addrconf_dad_work,cover_eval_cp,1,,
sect_rw,12,dac17913a5b5246a1d1bd6734441801e03ce2b6d,BUG,stack guard page was hit,corrupted,BUG: stack guard page was hit in corrupted,cover_eval_cp,37,,
sect_rw,12,4c1dceb01dec061b63593f149cf10429fa012309,OTHER,possible deadlock,__perf_install_in_context,possible deadlock in __perf_install_in_context,cover_eval_cp,2,,
sect_rw,12,41b74e6c247526f8fa6cc88d9db735c26704c66b,WARNING,refcount bug,j1939_session_put,WARNING: refcount bug in j1939_session_put,cover_eval_cp,100,,
sect_pct,1,c34d1bbeac0e46a9296ceb76d20d231534bcdc5f,SYZFATAL,,,SYZFATAL: executor NUM failed NUM times: failed to create temp dir: mkdir ./syzkaller-testdirNUM: no space left on devic,cover_eval_cp,1,,
sect_pct,1,cbc4c6f265a721b8de45305209c4b636b1440f1d,BUG,soft lockup,mac80211_hwsim_beacon,BUG: soft lockup in mac80211_hwsim_beacon,cover_eval_cp,2,,
sect_pct,1,e9f5b11984c54cecb386b92bb20c76d5d003719f,OTHER,,,no output from test machine,cover_eval_cp,0,,
sect_pct,1,8a1638229db60175d7fa5e570f8e450a1b567a94,WARNING,,ieee80211_start_next_roc,WARNING in ieee80211_start_next_roc,cover_eval_cp,1,,
sect_pct,1,4a5eb99ffff5749ea30d65b6652bb2ca9ce59b6c,BUG,unable to handle kernel paging request,put_cmsg,BUG: unable to handle kernel paging request in put_cmsg,cover_eval_cp,1,,
sect_pct,1,910e3195261654c617977513fc7cef18d9dde9bd,WARNING,,format_decode,WARNING in format_decode,cover_eval_cp,2,,
sect_pct,1,a0e28bdf8d48370fcc10e1f8ea4365b0c187eebe,BUG,soft lockup,hsr_announce,BUG: soft lockup in hsr_announce,cover_eval_cp,1,,
sect_pct,1,8facfbb5acbe6b82e7b5bf8d27be8930172c96c1,OTHER,possible deadlock,__perf_event_task_sched_out,possible deadlock in __perf_event_task_sched_out,cover_eval_cp,1,,
sect_pct,1,14692319382598dac4dee0cca30dcdf451cb5eb7,WARNING,,rate_control_rate_init,WARNING in rate_control_rate_init,cover_eval_cp,29,,
sect_pct,1,2f43513776335724f22aac1b056b930da4b84aff,SYZFATAL,,,SYZFATAL: executor NUM failed NUM times: executor NUM: not serving,cover_eval_cp,1,,
sect_pct,1,a452f0e64788cc908f0eebdc7cdf2c97d97d3c3b,INFO,task hung,lookup_slow,INFO: task hung in lookup_slow,cover_eval_cp,1,,
sect_pct,1,66cd5b9b3e5519d9a31ee5746f4ef404859d99d0,WARNING,,dup_task_struct,WARNING in dup_task_struct,cover_eval_cp,2,,
sect_pct,1,aac06202f00169294688682e50daecc9c98a831b,BUG,soft lockup,ieee80211_handle_queued_frames,BUG: soft lockup in ieee80211_handle_queued_frames,cover_eval_cp,8,,
sect_pct,1,a6b4da7baffd25e630e39e5b0555269fa08f3e94,INFO,task hung,cleanup_net,INFO: task hung in cleanup_net,cover_eval_cp,1,,
sect_pct,1,efb8c5fe01ecb5116825ce2409485c164c048f88,BUG,,,BUG: workqueue lockup,cover_eval_cp,5,,
sect_pct,1,02c21219d36edc62db775545d5206fd5a3150199,KASAN,slab-use-after-free Read,v4l2_fh_init,KASAN: slab-use-after-free Read in v4l2_fh_init,cover_eval_cp,2,,
sect_pct,1,78cdfde87b5285c5274cf9336a873c5072c53d29,WARNING,,p9_client_create,WARNING in p9_client_create,cover_eval_cp,42,,
sect_pct,1,733343303fca2ceb29ab47d7e2a5c230a0c592d6,WARNING,,vkms_get_vblank_timestamp,WARNING in vkms_get_vblank_timestamp,cover_eval_cp,1,,
sect_pct,1,7710d479d25bd92fa8c6ab0739174ea86b45b806,BUG,unable to handle kernel paging request,filldir64,BUG: unable to handle kernel paging request in filldir64,cover_eval_cp,30,,
sect_pct,1,5983a65cfeddb32fed63f8a733b3d810e05ba119,INFO,task hung,_free_event,INFO: task hung in _free_event,cover_eval_cp,1,,
sect_pct,1,b8cd92c1478d22bf00f49d211bf24287a812a0e0,INFO,task hung,bdev_release,INFO: task hung in bdev_release,cover_eval_cp,14,,
sect_pct,1,50b1d6f2fe0ed12b1cab0d134516164980c7323d,BUG,unable to handle kernel paging request,sys_pselect6,BUG: unable to handle kernel paging request in sys_pselect6,cover_eval_cp,32,,
sect_pct,1,36a86325c6d0d517177cae0323b51ae9da7de8fa,BUG,unable to handle kernel paging request,filldir,BUG: unable to handle kernel paging request in filldir,cover_eval_cp,22,,
sect_pct,1,93a86ea16bdfeef01b3b0b14d18ff8234b7f10a6,BUG,unable to handle kernel NULL pointer dereference,filldir64,BUG: unable to handle kernel NULL pointer dereference in filldir64,cover_eval_cp,1,,
sect_pct,1,df87226af75e2e906503e976819e1403142d677a,BUG,soft lockup,addrconf_rs_timer,BUG: soft lockup in addrconf_rs_timer,cover_eval_cp,20,,
sect_pct,1,63de2be03e3a7eda16f7bce15a9a80a4da54ae9c,INFO,task hung,tls_sk_proto_close,INFO: task hung in tls_sk_proto_close,cover_eval_cp,2,,
sect_pct,1,3e51bb4cea12a057ab4bf22cba3cefdafeb87eaf,BUG,stack guard page was hit,io_sq_thread,BUG: stack guard page was hit in io_sq_thread,cover_eval_cp,6,,
sect_pct,1,11d137c334a427322898aa51903aed548ece812d,SYZFATAL,,,SYZFATAL: executor NUM failed NUM times: executor NUM: exit status NUM err exit status NUM,cover_eval_cp,66,,
sect_pct,1,dfc109c0cf7ead121984212eccd30401ec6dd3eb,WARNING,,ip_rt_bug,WARNING in ip_rt_bug,cover_eval_cp,2,,
sect_pct,1,62354553a886c8b88fb5d75ad0108d1806c76405,WARNING,,__folio_mark_dirty,WARNING in __folio_mark_dirty,cover_eval_cp,3,,
sect_pct,1,54ec343f5fa8ecb771acdd49bf649a6ecdc90ad4,OTHER,general protection fault,lmLogSync,general protection fault in lmLogSync,cover_eval_cp,1,,
sect_pct,1,fe781548d0a22bdbc3f703fc26dd1c43b0da5914,INFO,task hung,linkwatch_event,INFO: task hung in linkwatch_event,cover_eval_cp,3,,
sect_pct,1,b395ff0d54bd6609aea88eea1c100b74b1369524,WARNING,,get_current_rng,WARNING in get_current_rng,cover_eval_cp,1,,
sect_pct,1,ce6ef2b22dd47563c725e7c93f7410f29021547b,OTHER,possible deadlock,task_rq_lock,possible deadlock in task_rq_lock,cover_eval_cp,42,,
sect_pct,1,f73b3116ad434cc9b97b908060b5e73752df3be7,WARNING,,restore_regulatory_settings,WARNING in restore_regulatory_settings,cover_eval_cp,4,,
sect_pct,1,10ea2b759f72ff5dd26bce896d853e10f00de743,OTHER,,,unregister_netdevice: waiting for DEV to become free,cover_eval_cp,1,,
sect_pct,1,b83ebc0f722370f9f7e120e759d663eb44f55efc,OTHER,,,suppressed report,cover_eval_cp,1,,
sect_pct,1,c7bef9a5b3324959844ec200a0dc227b249903f9,INFO,task hung,iterate_supers,INFO: task hung in iterate_supers,cover_eval_cp,2,,
sect_pct,1,439c37d288d4f26a33a6c7e5c57a97791453a447,OTHER,,,lost connection to test machine,cover_eval_cp,0,,
sect_pct,1,09a650f7fd6360cfe594f52776cd08e4dea82d6f,INFO,task hung,__rq_qos_throttle,INFO: task hung in __rq_qos_throttle,cover_eval_cp,1,,
sect_pct,1,f311884ffb3006f0917bb38c3d12a48f2cafb3b0,BUG,soft lockup,NF_HOOK,BUG: soft lockup in NF_HOOK,cover_eval_cp,1,,
sect_pct,1,b439149adc4a059ec80b6e79575ba4b1ade460f3,WARNING,refcount bug,j1939_xtp_rx_cts,WARNING: refcount bug in j1939_xtp_rx_cts,cover_eval_cp,100,,
sect_pct,1,eb69e7ea1402b04195836e33cd82ead332e172b9,OTHER,possible deadlock,input_inject_event,possible deadlock in input_inject_event,cover_eval_cp,2,,
sect_pct,1,deb2755c3949d00e31a435f42d409dea62c98a27,BUG,soft lockup,sys_futex,BUG: soft lockup in sys_futex,cover_eval_cp,1,,
sect_pct,1,c16d8a13a5b01b10dd5b51c8277b2a34eba56d17,BUG,unable to handle kernel paging request,do_sys_poll,BUG: unable to handle kernel paging request in do_sys_poll,cover_eval_cp,52,,
sect_pct,1,a7d102b4ecfd113482425e71b004203976489fdd,SYZFATAL,,,SYZFATAL: Manager.NewInput call failed: read tcp IP:NUM->IP:NUM: i/o timeout,cover_eval_cp,1,,
sect_pct,1,5bf7684c4d5e7342a6f8f953236323f8a3e2ce7a,INFO,task hung,pwq_release_workfn,INFO: task hung in pwq_release_workfn,cover_eval_cp,1,,
sect_pct,1,dac17913a5b5246a1d1bd6734441801e03ce2b6d,BUG,stack guard page was hit,corrupted,BUG: stack guard page was hit in corrupted,cover_eval_cp,32,,
sect_pct,1,f5e68e16341d8bc960cd76ec3509b3e7a0f58dff,SYZFATAL,,,SYZFATAL: executor NUM failed NUM times: executor NUM: failed to write control pipe: write |NUM: broken pipe,cover_eval_cp,1,,
sect_pct,1,4c1dceb01dec061b63593f149cf10429fa012309,OTHER,possible deadlock,__perf_install_in_context,possible deadlock in __perf_install_in_context,cover_eval_cp,2,,
sect_pct,1,a94b2a16e944b260090d50801ada7667de2c9325,BUG,soft lockup,ipv6_list_rcv,BUG: soft lockup in ipv6_list_rcv,cover_eval_cp,1,,
sect_pct,1,a2ce4a2ec11b2fac63e6dd88a5f01b42c63de9a1,INFO,task hung,nbd_set_size,INFO: task hung in nbd_set_size,cover_eval_cp,1,,
sect_pct,1,41b74e6c247526f8fa6cc88d9db735c26704c66b,WARNING,refcount bug,j1939_session_put,WARNING: refcount bug in j1939_session_put,cover_eval_cp,100,,
